Time(in Hours),Bus1,Bus2,Bus3,Bus4,Bus5,Bus6,Bus7,Bus8,Bus9,Bus10,Bus11,Bus12,Bus13,Bus14,Bus15,Bus16,Bus17,Bus18,Bus19,Bus20,Bus21,Bus22,Bus23,Bus24,Bus25,Bus26,Bus27,Bus28,Bus29,Bus30,Bus31,Bus32,Bus33,Bus34,Bus35,Bus36,Bus37,Bus38,Bus39,Bus40,Bus41,Bus42,Bus43,Bus44,Bus45,Bus46,Bus47,Bus48,Bus49,Bus50,Bus51,Bus52,Bus53,Bus54,Bus55,Bus56,Bus57,Bus58,Bus59,Bus60,Bus61,Bus62,Bus63,Bus64,Bus65,Bus66,Bus67,Bus68,Bus69,Bus70,Bus71,Bus72,Bus73,Bus74,Bus75,Bus76,Bus77,Bus78,Bus79,Bus80,Bus81,Bus82,Bus83,Bus84,Bus85,Bus86,Bus87,Bus88,Bus89,Bus90,Bus91,Bus92,Bus93,Bus94,Bus95,Bus96,Bus97,Bus98,Bus99,Bus100,Bus101,Bus102,Bus103,Bus104,Bus105,Bus106,Bus107,Bus108,Bus109,Bus110,Bus111,Bus112,Bus113,Bus114,Bus115,Bus116,Bus117,Bus118
0.0,27.245708236627355,27.25664519439309,27.16813782284025,26.91273838318681,26.882289360800396,27.105954806776527,27.152433652112407,26.87761858288,26.70306207583875,26.520449207969705,27.149750809026244,27.206381177656514,27.248893526555953,27.234008212420623,27.164775061170438,27.19493127063041,26.959509577094458,27.118997738861932,27.153530521167653,27.137063104736328,27.076169457248117,26.972522858895996,26.751396308423327,26.793812975098668,26.43313920834978,26.485914320548257,27.062834592975396,27.135901629987302,27.1851730690642,26.90503883027627,27.170586422272446,27.09450203997069,27.14523343377043,27.01730112635125,27.043401779989225,27.04764212200105,26.97188090354736,26.916472952114628,27.26628253161545,27.3802212946917,27.43494979737706,27.3199132406964,27.130433593707764,27.109220140286137,27.064742699439808,26.840499793682387,26.706638847289838,26.718418721622644,26.640852650767314,26.813519500567676,27.040227029113538,27.122271633601557,27.137473988381412,27.05171050939811,27.058314487847,27.058799952229666,26.984200915636524,27.076520533387637,26.711775936291136,26.565717809052806,26.521622394743954,26.560777449793996,26.625472016084196,26.535682723639553,26.40170730850212,26.346288624290125,26.497331687774018,26.36938196017477,26.285438805099794,26.867392428617453,26.874562115445585,26.881921966277538,26.880128723053513,27.016213869532876,26.93722638581323,27.095684472089737,26.585853849044007,26.606948226105825,26.57186460997139,26.362085837481946,26.360502835859585,26.50672695891939,26.42357417135114,26.27581996285614,26.165597118764268,26.264621214664835,26.247836028283785,26.06779352412363,25.882386241666527,26.282534989525267,26.247040253539268,26.15332316846501,26.325091707803473,26.44314062105886,26.518657240695784,26.497772990178927,26.45586893326517,26.45904524339057,26.494982190807537,26.425310222276376,26.36099338458051,26.22704554955314,26.686172812286127,26.892093865934417,26.971465479803218,26.99912422065014,27.185733966092585,27.030643638488854,27.050850713233903,27.080472191530433,26.943955129241363,27.35446416159235,26.98509708506153,27.119959042953564,27.121257811231985,26.37915675691578,27.978053094780588,27.105664820806314
0.25,27.011735624168242,27.021336842510127,26.936178098743365,26.68563328811591,26.65656203786651,26.8742598614083,26.919858299371207,26.651129110168252,26.483370775374198,26.307804993867588,26.915568204690555,26.972556664257677,27.005917514871655,26.994514242576066,26.924140211535324,26.960333167608297,26.726009857157297,26.879702129816998,26.913182816449776,26.89590401656696,26.836489967821375,26.735049907417423,26.52143721934325,26.563530128720036,26.217545249138198,26.268801522597368,26.817308430902767,26.88705358643611,26.93304437037649,26.673744410486837,26.91854361118948,26.84494205054402,26.904321785345164,26.78095686377734,26.806493022742146,26.810491363778233,26.73642764539506,26.682424278416548,27.009617980715312,27.111821252586118,27.16017403738473,27.054681141856705,26.890627148273573,26.866864043048004,26.821429116029933,26.60410465083286,26.47283968494136,26.483837928404817,26.40736479294929,26.568700668211207,26.789320606021366,26.869356434550156,26.883011891779688,26.797039813951248,26.80295394843404,26.803454483461792,26.732833088492203,26.821545484394147,26.463206393512234,26.332762655570164,26.290579240797875,26.330393333987303,26.384899132745627,26.303214690961326,26.18099147282438,26.127825199551964,26.26945657625941,26.152541330941645,26.07279644846606,26.636845146411392,26.643621884235486,26.649573979645833,26.649078439686576,26.77812803216028,26.70190110812277,26.84721843087641,26.35954423092702,26.380765919872736,26.3482671605314,26.147190549627506,26.1448961373496,26.283958143024293,26.204230158251345,26.061542397290555,25.954352906520022,26.042317270695268,26.026276583508793,25.863653479250633,25.68451010253127,26.06973265079811,26.035239745292387,25.9438239305802,26.10750983663283,26.218927213974002,26.289348613952406,26.27380050457802,26.236010538567815,26.241076772450945,26.271597740859928,26.20313596511396,26.14221032644602,26.01439963209716,26.44907605552486,26.646190457912045,26.725003400958286,26.755464918917948,26.93940359986414,26.777585005823394,26.79527874629818,26.818738221040125,26.688496456739543,27.071411896293128,26.748735874308213,26.871325885603,26.872896109302907,26.162273150491945,27.73470561288044,26.86264624884408
0.5,26.770628813952996,26.78086656834718,26.697125626422018,26.452832385157485,26.42527334773217,26.637101294025413,26.681377753877108,26.41933414978926,26.258362184128824,26.089837467270826,26.67669876528407,26.733068880799483,26.756809472819715,26.75168174883166,26.680435653169475,26.718286859962273,26.48859218542366,26.636566828226393,26.669075757201735,26.652121195841513,26.59352716784022,26.494183031497645,26.288917026645567,26.329570132869854,25.998757836656893,26.04831170820983,26.570637260117646,26.636967570061444,26.68007069230413,26.438214938864807,26.664644288364258,26.595980202307327,26.659895181767098,26.53787571334397,26.56277702819092,26.566528430465805,26.495273470365635,26.443891318350225,26.749234823465795,26.842046359457182,26.888467746023174,26.79356268352196,26.641043608255995,26.617142606278698,26.57363274965022,26.36592448482884,26.240337268802733,26.248796291297825,26.174571243906517,26.32919477931098,26.542543519738174,26.61962432768373,26.63452643952926,26.551956991877834,26.557754160050806,26.558392628192856,26.48916930560636,26.572797564477504,26.228030235611996,26.106030607074768,26.06526960508488,26.10384696923861,26.154055122306335,26.076897658718064,25.96085933074961,25.909329363247362,26.042337247388673,25.934320580826395,25.858258940810526,26.399674639061427,26.40624631090805,26.412093474007076,26.411523653727453,26.53794544968863,26.462167629842597,26.591037864347122,26.131621457725053,26.152577538340005,26.121396815476558,25.92924073679386,25.926970499020708,26.05953544276256,25.983807945342072,25.844231498896484,25.739835206916933,25.821741956337647,25.806426127056156,25.653836097180033,25.48340576297775,25.853664953216207,25.820543348132457,25.732476285742038,25.887590139285876,25.992522440055204,26.06035832797832,26.048373880944688,26.01309567914034,26.017996422161914,26.04409224139139,25.97649400981065,25.921520068166224,25.799796502621433,26.205731145071343,26.395161775366695,26.470834469879133,26.50093115633093,26.679520449420146,26.51657997434272,26.531668502104253,26.54903031453754,26.42517678129007,26.77501977709404,26.509375339261947,26.621720644335,26.623257029170624,25.943813005392713,27.48374517743217,26.613184676032855
0.75,26.588057400429193,26.59882919120905,26.516154938238504,26.279267404508165,26.252732588619914,26.458597344128243,26.502521664998095,26.24686265971601,26.09099052271261,25.927760713982334,26.497119333825786,26.553037155598016,26.571589862357946,26.56943765590445,26.49703986962171,26.540995118879206,26.313245129202354,26.45613396924417,26.487119884942203,26.470405517565133,26.413493983864257,26.31781209653416,26.120988673779724,26.1614211388301,25.839785331429344,25.887660916122492,26.394046743403436,26.457421178179324,26.497868879981628,26.264721504258475,26.482330508662937,26.417922259026483,26.476984534848384,26.362885004712567,26.386476540326917,26.39022933997666,26.320451338807537,26.270014263170534,26.557989589552633,26.64404376858134,26.68752780204591,26.593736376559633,26.464735899703555,26.435579794255382,26.392240394544316,26.19003808180529,26.067741753061906,26.07450391507638,26.00280284608048,26.15227287574078,26.36091871341296,26.43805741356239,26.45086783205597,26.369763925343687,26.375387028925502,26.375905828900212,26.30759067204786,26.38940738541407,26.0554893074566,25.937568203834786,25.898658314039057,25.935864410961912,25.984285421213453,25.910067355283058,25.799212600728218,25.74845934955288,25.875648475158904,25.774575259098345,25.701279409089224,26.232629222297895,26.238750251284305,26.24302319996228,26.243892896607466,26.362115537643533,26.287283396929688,26.40765118415605,25.966428996333317,25.98687159082874,25.95810039728933,25.770776988494337,25.76814766826569,25.898798521767418,25.82684129631944,25.692492388518414,25.592493897543775,25.671068444425938,25.656234634561674,25.512588297358175,25.344057633060906,25.703241085541798,25.670503306870227,25.5839740954005,25.732276981172824,25.832792359401154,25.898034422662786,25.886677964385107,25.853411938587286,25.857329708321057,25.883078974550372,25.81782333585675,25.765641800700415,25.648615907752273,26.037976967229127,26.223001813539444,26.29697467609546,26.330031369039,26.501221617020963,26.33829920102153,26.351710544283204,26.365221053214164,26.245649238414682,26.57759122427894,26.333407074415813,26.444282151127414,26.446074002990002,25.783788947401703,27.293457489639227,26.431908344409248
1.0,26.474780951470848,26.484339797715393,26.40504143620747,26.17278070937077,26.146490443104682,26.348798872162714,26.391602203759845,26.140471159877475,25.987640969654485,25.82757125039362,26.38520396330223,26.441280424220633,26.461426196448134,26.457292167282347,26.385707528453995,26.42745530878397,26.204483863019547,26.343927420289123,26.374480454256485,26.35628220882623,26.30131828132762,26.207972884137604,26.01397591360567,26.05214311947282,25.73927210801372,25.786436889651355,26.281145798732542,26.343433751137756,26.38349459316986,26.156989552727676,26.370136221811823,26.305392386164872,26.36609271588407,26.251932530107297,26.275095651223005,26.278695766784264,26.211142309025266,26.161707036948684,26.45020555258724,26.537449624138816,26.57996709378374,26.486920851751535,26.347866994047305,26.31803440783239,26.276609437362062,26.07981440875968,25.95953662446014,25.969491216045135,25.899472240482005,26.044496683562073,26.246281439223647,26.319884281029612,26.331422024608027,26.251944355444508,26.257373019909384,26.257517253659458,26.193565604826034,26.273646290571527,25.948841480479473,25.83428464024847,25.795859722104268,25.83250715091574,25.87940981799038,25.806928351137667,25.69828764702504,25.649115039720627,25.77538005036461,25.673254986990784,25.60137572001671,26.11885684806253,26.12504475798262,26.130307606697723,26.130060600243464,26.24398609791158,26.175443978922157,26.301685804826874,25.861006127277218,25.880946821615712,25.85193634438157,25.66832959617523,25.6662844875219,25.791174863335435,25.719160533767912,25.586523598995313,25.487526960734066,25.56493126777375,25.550433943573374,25.406598120395085,25.242100502457852,25.591610830488502,25.560175819970688,25.476559272653258,25.625097447418465,25.725983523710703,25.790644150718823,25.780095476129276,25.747882775952093,25.75130533348744,25.77522891756867,25.710825517151658,25.655365550241655,25.540231448684995,25.928347258930376,26.10818401483269,26.18020787579529,26.210551621140972,26.377805013089663,26.222242073987594,26.23602778379056,26.251096865175793,26.134139246500418,26.46799824306268,26.22405825954632,26.330388039005843,26.331967566710347,25.6822261830349,27.17869326935556,26.32266578412711
1.25,26.40229948895808,26.413783419824835,26.33356998028557,26.10163572166446,26.075989090696297,26.27803839822465,26.321232478814323,26.06967003390162,25.918915379311247,25.761002361794926,26.31420268483617,26.371315387000955,26.383637664138927,26.385872022577963,26.310369045639067,26.357233876746832,26.131611708821815,26.26947337721296,26.299125659881106,26.282038201058757,26.227390186380077,26.134388310662953,25.944118282065197,25.98166032795059,25.673146709787986,25.719567993700842,26.208590754814164,26.268453392280808,26.30659216299292,26.084597299143883,26.29195876751331,26.23221870849069,26.289586501060317,26.176147883691826,26.19835221219124,26.20209001276836,26.13541605886594,26.086909194592945,26.36513741345251,26.446790873414578,26.489879915751512,26.398858706155533,26.270469657291613,26.236569891966983,26.196076650871436,26.001239456590547,25.88336385790292,25.891945757744196,25.822185928469445,25.967499684456634,26.16734792877996,26.241341685585276,26.252447291381937,26.175786570280557,26.180998978282126,26.18149400531883,26.11716701276302,26.194246694063928,25.87681732325421,25.761202757256637,25.723426699664245,25.75792651047472,25.80724410407353,25.734718855359592,25.626643410123506,25.577270823542772,25.69912904681662,25.601398106078996,25.531059013441176,26.04770588467716,26.053783294953174,26.059202417296692,26.05866030301775,26.170704917946647,26.100218578721375,26.21452748240085,25.786581730215758,25.806423257587998,25.778094620233883,25.595358788711405,25.594031103973215,25.718413751314564,25.649108111750756,25.51958804232659,25.422083490001654,25.49968727770806,25.4853946897325,25.344681286178716,25.181394028310216,25.52839177923547,25.495827793177384,25.411481121673102,25.555339372164163,25.652108189971255,25.716843323053844,25.70649724213743,25.674821700565715,25.67480360253366,25.69976725033017,25.634992562710877,25.584689945244936,25.473299332637048,25.843945357295166,26.022986847259027,26.092910079964405,26.12466675551003,26.284421630020514,26.12992450955708,26.14171347541252,26.152105487938293,26.037466785796433,26.35219373833797,26.151141090150258,26.25762817301978,26.259316136268737,25.61004652372601,27.115030920351682,26.241671296115697
1.5,26.261894688532735,26.274347184085983,26.194520811598796,25.96978301044099,25.945018248277588,26.143208691966635,26.184831289580778,25.9389133655391,25.791885627804533,25.63784685782271,26.177432789115432,26.233245385034433,26.243194633709653,26.248193211719855,26.175921718611264,26.21838060900682,25.999614195067828,26.133742429335,26.163342288727286,26.145425923743172,26.090887208513323,25.99978909189251,25.81486528280508,25.851614952991923,25.55111416529823,25.596635114297406,26.07090556121505,26.12909947416993,26.166185868717744,25.953589758265302,26.151576439701877,26.094763143134728,26.156366870133535,26.042561203880695,26.064708115327672,26.068170307904552,26.003326415170168,25.956295572722002,26.225215950312776,26.305304750501204,26.34946696695009,26.265637851850293,26.132233839139772,26.09938526412527,26.060120610010866,25.871859696540472,25.758494750464315,25.765330556528596,25.698485664234955,25.840767695341093,26.03671373237726,26.10849446361707,26.120874495269817,26.045413732507285,26.050872274599232,26.051268350948455,25.9869645875949,26.062547145372136,25.756545460291093,25.644232528421895,25.60666630668118,25.64073653702023,25.688249370207572,25.617148294659174,25.509963554282166,25.46122130458092,25.580291930712633,25.485368051046876,25.416316290972016,25.914954609567268,25.920890152150378,25.926288618683152,25.925632954103854,26.035545792034945,25.966033797597575,26.074131961102797,25.66531066099614,25.685380480263085,25.657336280611506,25.479765681398117,25.478160884927135,25.596820837447517,25.52831666989036,25.39783460567592,25.30179726457465,25.37805624997874,25.364149861348377,25.225167788899824,25.067124267984727,25.402761116704223,25.37254168945055,25.292717200418107,25.433719365142643,25.529560943969987,25.594321927051634,25.585778421355847,25.55564348998856,25.556443391523985,25.576701172214552,25.51263455756061,25.463046683179954,25.3533407968339,25.714201651040025,25.890465952942908,25.958578248619773,25.988877438732967,26.148508009185885,25.991798709026757,26.00217180039263,26.009398684875432,25.898017745039336,26.1972808928495,26.01832471363739,26.11895397084407,26.120429231576715,25.49399100103416,26.96454438404896,26.10208151098685
1.75,26.207032127878154,26.21954844178174,26.140207929346776,25.91579303771674,25.89110108068166,26.086786039745377,26.129157327470836,25.88470784671008,25.739194512115883,25.58673055030694,26.122646845482016,26.179277029842634,26.186799680974765,26.191933412218404,26.114956904571272,26.163056070955466,25.943508996308616,26.077525046839455,26.10475659265818,26.087507070955162,26.03415009068741,25.94427231750656,25.76138984548641,25.796336970220718,25.500960878800107,25.54579454947845,26.01933644312638,26.076105943331235,26.11172888681176,25.89797817763666,26.096963374285277,26.040692228891576,26.093248775499983,25.983769865790183,26.005816401002743,26.00946551689885,25.944695382601935,25.89845833533543,26.16141617324334,26.238274554713765,26.279871297458477,26.19184876593592,26.074804791518044,26.04566479132776,26.007481510594566,25.81690200132438,25.70193225990504,25.70930208035413,25.642012864509667,25.783360838313488,25.97591076930162,26.047394705846024,26.060898439406255,25.988376066934848,25.992936707524432,25.99347099000585,25.929415165657318,26.00295762676724,25.69775712764197,25.58467163257701,25.54842904698949,25.581577745970105,25.629984763875655,25.55942640186598,25.4544376730908,25.406451682628532,25.523397959972627,25.429872651365415,25.361806034293625,25.85738918795534,25.863646724101617,25.870909293029055,25.86834345088521,25.976168722184028,25.90788233974078,26.015475989625966,25.606983227051707,25.62561027655931,25.598285213574595,25.42388635663269,25.42260420551539,25.542894597246683,25.477275270273502,25.35244558491675,25.259027830100322,25.33421600572805,25.320442339855184,25.18460032861663,25.029137068654027,25.37105283261916,25.336355628869814,25.25003268291677,25.386580719758125,25.47844213592537,25.54090314040971,25.53068632109645,25.499938472221547,25.500505720594656,25.52566034878736,25.4610494677394,25.414618133761273,25.308766785063497,25.659185307713916,25.83147907058029,25.897840215329975,25.92798529410967,26.083087560891787,25.932061551999624,25.942771397300206,25.951096657299146,25.84101964816805,26.138468382679875,25.96239330556869,26.065217493357945,26.066880873709223,25.43827364579227,26.924936583429936,26.04368732964564
2.0,26.14866832044558,26.159290725202396,26.081815555514137,25.859346841996775,25.835194171730063,26.02957652913303,26.071305922697196,25.829090482815122,25.68520519588847,25.534434422378627,26.062764895594412,26.120138707270254,26.12556913487158,26.133844044182688,26.058773224853308,26.105359668225823,25.888094035722315,26.020240548906724,26.04804147930161,26.028774334026103,25.97594633289434,25.88730356151836,25.707586569722558,25.742167282509005,25.45001938162984,25.49442272900694,25.96177719539857,26.017420847424834,26.051137454345895,25.843002634131768,26.037063989877833,25.98416018980099,26.038257043895605,25.929198564997943,25.950698079643477,25.954273213297512,25.89038364179827,25.844354895790367,26.104192499280302,26.180393769316716,26.223272875452686,26.137097088789684,26.018175144826074,25.985500785549153,25.94744722361311,25.760718365528636,25.645983343929196,25.654521919305793,25.588385117599707,25.728859766506407,25.91950528623922,25.990661456028455,26.002941884894945,25.93042350398387,25.93587336889735,25.93542160790649,25.872355960523898,25.94521406794521,25.649077402716316,25.536048824201995,25.499819881751836,25.53223793769807,25.58118845710178,25.5105855033116,25.405059149356372,25.356974502245453,25.472814581450216,25.380318349119772,25.312746099548686,25.802270394209504,25.80850234658853,25.815299631664796,25.813264611620458,25.91446639431329,25.84914012484354,25.95463314854317,25.555863344195178,25.574903196282857,25.547939533672842,25.37413717202357,25.37293203059222,25.490725046110175,25.424079650537625,25.29838504676382,25.205226250814366,25.281433551473242,25.267823911560345,25.13134022113135,24.975829210597603,25.310181586818995,25.27739448426831,25.193530267230646,25.33064555862923,25.423576114086906,25.487543599730245,25.478462684201254,25.44900207048532,25.448027082637214,25.47015998235544,25.405751364356334,25.35672870406363,25.251719108360735,25.59969675547598,25.772619332133402,25.837929867443126,25.868786525465975,26.02169249796564,25.86796718457354,25.877067468151264,25.880852872512108,25.772413015105208,26.06181580765788,25.906888892143005,26.008391642176317,26.00999418450689,25.388635796093222,26.860779366364216,25.983290686372015
2.25,25.945757383854488,25.948791627793568,25.883417748788464,25.677496896160978,25.65511122786405,25.831732013370896,25.86697943786054,25.65319425263468,25.51431682881962,25.368756595016645,25.86131396798794,25.904876828958173,25.93085206163,25.929310642900454,25.88941073707167,25.90494649146193,25.724677204187696,25.853386893582982,25.882283964800596,25.868231945225116,25.81902453651381,25.73465399408216,25.56222174022314,25.604678660774248,25.30624376779585,25.348316985999073,25.80140496085047,25.856439956164703,25.889989618166915,25.68161459771496,25.87560585325994,25.823631199694447,25.8803666352852,25.783152762697263,25.80483316906042,25.808039261471272,25.745474388769573,25.698636760434557,25.96081047323029,26.038208115161495,26.080997196911383,26.004754440879974,25.874084186055327,25.849170635176915,25.814377840507486,25.63839332148267,25.529950614280796,25.537347080526285,25.472887813500865,25.609131309916243,25.797418503287986,25.866992633506026,25.879729424645106,25.806001867312375,25.811683134595896,25.811459271463033,25.750058880307066,25.822160611358804,25.528962918266167,25.422170956601366,25.386322790168037,25.420019542700388,25.463788789869476,25.396021568874616,25.293273098020318,25.24722867832147,25.36164488933905,25.272574450522924,25.20642805117198,25.677498803174636,25.682237964049644,25.681988448219798,25.68691047308972,25.79719082588419,25.733695738043824,25.840879703089794,25.44835617478232,25.467461153343105,25.44109240806306,25.27175452565604,25.268061214011905,25.38703802394395,25.322462730849892,25.19813082032994,25.105803833448462,25.1780218940677,25.164739993584966,25.032763624407433,24.880809958497395,25.20195529740611,25.173217868729843,25.09611493098112,25.231159986965366,25.32240118273509,25.383525332989926,25.375091758125205,25.34551470379975,25.348499210198547,25.367589991103806,25.307584553691505,25.259086452691996,25.154209331170733,25.50081835237544,25.67004031751444,25.73592937553829,25.766030920132206,25.922717460852688,25.766950083194065,25.776573708780315,25.78211717295642,25.675839275642243,25.96159662347228,25.743532319807237,25.84708122098977,25.848577752367504,25.281062895286937,26.440421220067428,25.86827924434128
2.5,25.994594038161175,25.996994686019512,25.93112543155256,25.72505790207491,25.702484099638855,25.878796957586943,25.914185651440075,25.70113265763011,25.560868371981318,25.413864868885266,25.909372569438283,25.95230914735268,25.980978077991548,25.97879138308454,25.940357703894755,25.953656681785805,25.77559550230584,25.90604706049523,25.93471315020266,25.920703746304426,25.871191321327682,25.786934893846027,25.613908801614073,25.65649436025807,25.354513780022852,25.39671210212362,25.85801057788029,25.913683074547748,25.94715879876071,25.732087357138283,25.932458841673583,25.88068851361784,25.931637995570135,25.836030179630097,25.858074187777383,25.86135717445949,25.798002840429543,25.75087470438674,26.01615822153159,26.09602465352811,26.140321584647282,26.060540065892873,25.929824288478862,25.908507476780713,25.87399092679123,25.695574119471956,25.58525637818631,25.59230550754065,25.527764960654693,25.667546764307016,25.85733502298769,25.927982429108376,25.94240028782979,25.86907412056853,25.875143137351905,25.874552176386505,25.81080487201728,25.883851034309956,25.589923548628793,25.477665127538458,25.44165753229603,25.475199194535794,25.522158421546266,25.4518359397432,25.34557264499241,25.29885727124486,25.415673370935163,25.324140441174645,25.256692680637073,25.729584749395453,25.73453555617351,25.734804452004333,25.739315133409505,25.849869517179414,25.785729926336852,25.895667871589076,25.50175580849335,25.52044117686107,25.493839138583056,25.323593230863853,25.319672148654803,25.44206212238324,25.377071700445523,25.25199080282011,25.15979154153849,25.235292858659662,25.221829709723593,25.08544826411066,24.932325770249367,25.25963799043524,25.229611231215088,25.14977158840743,25.28572852678495,25.378174720023573,25.44034101683531,25.429791241707697,25.398883034418795,25.40225458969046,25.423584235587768,25.36322486052934,25.314179732418367,25.208281502017794,25.559468430295407,25.731011914446377,25.796664738368726,25.826378664957296,25.98466757302979,25.82903098781232,25.83913739814881,25.845488527088154,25.7377907123811,26.029081060474795,25.795470365507217,25.903959048346547,25.90544335847,25.332692716815522,26.484773550719616,25.920936855152025
2.75,25.979184461165286,25.981620241771257,25.91484687915953,25.706153692407597,25.68347986001564,25.861448826213167,25.897396784222614,25.681156072418197,25.541448856007246,25.395025088366587,25.89235189025616,25.93667467696389,25.961801889218,25.960775627693824,25.91684913217819,25.934959984879107,25.75162236891877,25.88039689394817,25.91012054539748,25.89597308079193,25.84613484795782,25.761345420992598,25.587834781801895,25.62934700894917,25.330685420493992,25.37301885934708,25.828659513549923,25.88523146606812,25.91934624208254,25.708347529873848,25.904772132812717,25.852281017180204,25.906271359359422,25.808047769776508,25.82950682945406,25.832692183627138,25.770526230041533,25.724086112246752,25.98718542335183,26.065897054730268,26.1096985110768,26.030588641815275,25.89765076279242,25.871595919716043,25.83742838962897,25.66386702500771,25.555230768865403,25.562010139518474,25.497673357102272,25.6362391562769,25.82449278652288,25.894260532547108,25.90777086510421,25.834974423358958,25.84192375548902,25.841026928982668,25.778354433225612,25.850518495343437,25.558610744066183,25.447875318508583,25.41199035625367,25.445120023812578,25.491629123441143,25.422081463760996,25.317022874310506,25.27050379884771,25.386160977284902,25.295408032542635,25.228714412885857,25.70113299257681,25.706061664413205,25.705893963506096,25.71090384744689,25.821761504965917,25.757165562716573,25.86517869486335,25.47184938526292,25.490514841466105,25.463807683646024,25.29390623223316,25.290507628210797,25.41186407812802,25.346612648991076,25.220142912425086,25.12711468583214,25.201767550193004,25.18841239016261,25.052346987163364,24.89966139609262,25.21888721060791,25.19218133259708,25.116956083037977,25.25332921750414,25.34600374015798,25.408297242275662,25.398861694470646,25.368414287241198,25.370751181434226,25.390083487786505,25.331083605136186,25.28196553593547,25.175684714329165,25.526029259308302,25.69614671374363,25.761432904642696,25.790686728208215,25.946715016478556,25.79402118713539,25.804299570304917,25.810851156710168,25.703939463684755,25.992406548484823,25.770868566657196,25.875006448585676,25.87639308554161,25.30384519691828,26.4883216857576,25.89152941285235
3.0,26.019915327530043,26.022547577349854,25.95564146487615,25.746982547966596,25.724124503775318,25.90386104062401,25.939901081921917,25.72202448300103,25.5812175688396,25.43364932726713,25.93358358779164,25.978434528987176,26.005112817875144,26.003507927730755,25.96110554561154,25.9789281933887,25.793961025030555,25.9234838872101,25.953571351417757,25.938482433987243,25.888565175574865,25.80372286540986,25.6293579979838,25.671400767298824,25.369852365780375,25.412470437836355,25.872271558580906,25.92883789502038,25.963045086397173,25.750319076540926,25.949010127146668,25.896472344336395,25.95147196664549,25.852588323999207,25.87370674774131,25.876997897090003,25.81430649721316,25.766888535599005,26.033982433901965,26.11450677829943,26.158789800990753,26.07878307218545,25.94333103573097,25.913291824980558,25.878185562610692,25.7025741136525,25.592949233429316,25.600690191389287,25.536393269502778,25.67522589489749,25.86563973990855,25.93632082099636,25.947352026152885,25.87312211299747,25.87991780480378,25.87899686139312,25.816720612863477,25.890729132910813,25.59704710164751,25.4859820308018,25.449667906311223,25.48276920404253,25.529752947223106,25.45983027423441,25.354187404437553,25.307215533284378,25.42406111237176,25.332222791214303,25.265032164967188,25.744091100774384,25.748958814674975,25.74852332165626,25.753792707304687,25.861523264454853,25.797457145230204,25.908203882966472,25.51106431297655,25.530450359607574,25.50377680185924,25.330689870641887,25.327335394712662,25.4493438291669,25.383106283788536,25.256358154284996,25.163213878060166,25.238712739762033,25.22524058645705,25.08876658830051,24.932795099654587,25.253155976809715,25.226324096711583,25.150982363210492,25.289171390543498,25.38346667645098,25.44647225385234,25.436984982312737,25.4065942533596,25.407600607408632,25.427616251411138,25.368545406617564,25.317328072415872,25.210150699965816,25.566331518302533,25.73871605860784,25.80506049587169,25.835663703174998,25.990621838252288,25.837322823405188,25.847456266144412,25.85365273074055,25.74578745546337,26.039242621365343,25.813507925185814,25.9199526708057,25.921422086553278,25.340632824518543,26.53080175868031,25.933309101790698
3.25,26.010758109676313,26.013298229003958,25.947961557697262,25.742726610336994,25.720216983389687,25.89759952494431,25.93236587340517,25.71931475880308,25.578592333313075,25.4311119929827,25.92646765802589,25.968664420176683,25.9993952204138,25.996768381751853,25.963309800268107,25.972805362273984,25.79597914714308,25.927504959303164,25.95659743130343,25.942446669484344,25.892780842321898,25.808134780057276,25.634506746177752,25.677952195778225,25.373596588108335,25.41585676433163,25.879526769495396,25.934766417017645,25.968147762931757,25.75203182667734,25.95338487341853,25.901964502007075,25.955875388246294,25.858031009302444,25.879588586683987,25.88302154837348,25.81948669241544,25.77157496426901,26.03996001698775,26.12079253872098,26.165784909857145,26.088821142949246,25.952249032389382,25.92740746677624,25.89303733848167,25.71334790779681,25.603002086034248,25.610457192899453,25.545765139561826,25.685220198319744,25.877319996013444,25.9482543412575,25.960091006482095,25.886388546305863,25.89200173847405,25.891751324125043,25.828381061103627,25.90264596002711,25.60554625434318,25.494554130275997,25.457997835416187,25.49104904861255,25.538151533384426,25.468111909848513,25.362073378992253,25.315248851829182,25.43179229712842,25.340360827974337,25.272922279568423,25.75172770400455,25.756612633149803,25.75682166722804,25.761338804756402,25.870803270404885,25.806164604687908,25.915761126578577,25.520134894181005,25.539828278891324,25.512993810450816,25.33966084461263,25.335923417709232,25.45976761567137,25.3947966482357,25.270274109909334,25.178101304895886,25.253137166927928,25.23961839992237,25.104826165851314,24.949830987159725,25.278870001780266,25.24805304229536,25.167400098601146,25.30343740771221,25.395760631487082,25.457997223150546,25.447937745387943,25.416543712812675,25.417608724354423,25.440780816300972,25.38024945694503,25.33153122247425,25.22584810674146,25.57719276385749,25.74981769809635,25.816312376182655,25.846862284729877,26.001906972318817,25.847929985225587,25.857715510778718,25.863443022079945,25.755352294292333,26.046964522793292,25.815938864538293,25.92623058245327,25.927804974473283,25.34876955234236,26.48217218627808,25.941696783892056
3.5,25.96449267343214,25.966065060439387,25.90126896743179,25.696421243893692,25.67415792755867,25.850503317980248,25.88525989903867,25.673068902217572,25.533681962031565,25.387591350730688,25.878923163291155,25.92126968030948,25.95012578054687,25.948753179403376,25.913961261947424,25.925877330103166,25.748189876740103,25.877632975321195,25.907372660767347,25.893199696191886,25.84390664770529,25.760024192151818,25.588341391504706,25.63164480088061,25.329765493031847,25.3716521281725,25.829613077463044,25.8848923332329,25.917810800033568,25.7047967723491,25.903128676146324,25.85287154353848,25.90638726605478,25.809754186353704,25.8305183476246,25.8339027139045,25.77137717707699,25.72383718337154,25.98831262322861,26.067627824602113,26.11234997161183,26.035385386303805,25.901755013206134,25.872239200916983,25.838222245817654,25.663388163836853,25.554514469744262,25.561653108333054,25.497691754028125,25.636135063233226,25.826645551545457,25.897518876797676,25.908035644316666,25.83479271195716,25.841321537662694,25.84054035392256,25.777795565246006,25.851361277615307,25.558943491990178,25.448310978509916,25.412171218991418,25.444485857801933,25.491914959436922,25.42229035046557,25.317106398884402,25.270358323670035,25.385430307463274,25.295600592885926,25.22897922954832,25.70598371998952,25.710691263700227,25.709672577388787,25.715482221951202,25.822474668278634,25.75799709826413,25.865007780154546,25.47431348651718,25.493935735711986,25.467627366353618,25.2948317059193,25.291218332845638,25.415101775054104,25.350437844556318,25.225837014214235,25.133996649459633,25.208895081505954,25.19551493726694,25.06163878263895,24.906250142215985,25.227168679919522,25.199045536298254,25.122033083250493,25.257538472093962,25.34970418375154,25.412033901149176,25.40240830206108,25.371560999942908,25.37136334902183,25.393266713064005,25.334462004848476,25.285502034101338,25.180214857341877,25.52925539739337,25.70112376709288,25.76700868420632,25.798305565586244,25.950075828520355,25.79749271819311,25.806903040211104,25.811366140590895,25.704462252147547,25.99109495329467,25.76796085305215,25.876935080287787,25.878505130170193,25.3038718796066,26.43176156528496,25.891562697590086
3.75,26.008067191635643,26.013604196613286,25.94502954765099,25.73864082716666,25.715827987422536,25.895911973090833,25.931925884804137,25.713737856328088,25.573135520930045,25.425780209682774,25.925868796950617,25.97096996214837,25.996452612182633,25.99555541607984,25.95299677747989,25.970004005684142,25.785851358650625,25.916675356058363,25.945011695900476,25.929645623510215,25.87927136347365,25.79436464792459,25.620358789634402,25.66128941179466,25.362119264372907,25.404681532653193,25.866094409778285,25.921114735966338,25.954876230518977,25.741902823111296,25.940425769029865,25.888225358406807,25.942728314524018,25.84250520939992,25.864285539655654,25.86767281977458,25.804378223391176,25.757289269968524,26.022001165337596,26.102102128292646,26.146323047529336,26.068404297069414,25.934616715583797,25.909861451690286,25.874931305739324,25.694152590097712,25.584107815349395,25.591179002462592,25.527122660613838,25.665616391521677,25.856257805540977,25.92640568401709,25.939087277618423,25.86589601056241,25.871092270723942,25.87107635795253,25.80769935904855,25.881703856089313,25.586233339915356,25.476041932285888,25.439681083142347,25.472820037092855,25.519295804786164,25.44971956245835,25.344382733199723,25.297623315969282,25.413816529888727,25.322223867850354,25.254959100181985,25.73068910538172,25.735881719503777,25.738061356206668,25.74052587179985,25.8483401691388,25.783700765580583,25.892667500392108,25.499421620656356,25.51884499148883,25.492024922121615,25.320556619105314,25.317222371825466,25.43788965411422,25.373034189453826,25.248461372284364,25.156863049218842,25.23140215259406,25.217950571130604,25.08341809796596,24.930262784400934,25.259273622604134,25.227885914508235,25.14695490537568,25.282251891969914,25.37441580092332,25.436429818375665,25.426650604560496,25.395920870212034,25.397704082059114,25.420069778031646,25.35881708789486,25.310303767828668,25.20506894394807,25.55455965342921,25.725812964414157,25.7917640561162,25.821486456330753,25.977068270181267,25.82350930397376,25.83334529369374,25.83956524032072,25.731996285522552,26.0226699804153,25.805315002659526,25.912098194794677,25.913622465192635,25.33064276465468,26.53683221985635,25.917990441628003
4.0,26.10131425957877,26.103856206379756,26.036324073800166,25.8236122342614,25.80062064094448,25.983250692433693,26.01997027633246,25.79860617332026,25.655609172183432,25.50576235651245,26.013014445722387,26.05982882287205,26.084047749408427,26.085517701085223,26.041695557506003,26.05915768720677,25.872222702859,26.004745179758444,26.03435747841898,26.01803304600977,25.967336765592872,25.88088526325891,25.704347291732805,25.746357067642435,25.441269580772413,25.484563470905343,25.952772752443803,26.00886702800703,26.04207583339038,25.827714952704927,26.027719565047526,25.97664760681676,26.031749573422964,25.931356421607315,25.95359778300515,25.956930305129198,25.892529271524083,25.844650096174718,26.11459407426207,26.195267382870266,26.241286566568114,26.160407898873835,26.025708184109195,26.001044637850427,25.96452967443026,25.782399386730127,25.66893162979692,25.677744452811808,25.61177433493332,25.75407546254663,25.946815083735018,26.01870381206059,26.032356785377974,25.95712678741779,25.963614928780657,25.962549329872964,25.89889332583701,25.97268890833865,25.67738525597016,25.56316799297139,25.526205217056926,25.560096568726753,25.60822912209208,25.53646285918002,25.42769531830687,25.379832894945256,25.498418380877002,25.40508270608145,25.336417833253126,25.818187678703183,25.823420721212436,25.82453710941115,25.828311032455762,25.936063453646838,25.87245654365312,25.982389337658237,25.58499484582197,25.60455959074507,25.5774131588803,25.403227083326883,25.399801779441244,25.52096908687335,25.452994127434607,25.324807051233236,25.230167669566104,25.307951813816953,25.29426177429144,25.154373246073618,24.997768391642204,25.328503976831747,25.29863692942039,25.218279118820448,25.35838687749698,25.4537049797462,25.518615614526567,25.509050324273414,25.478830845731444,25.48094726052666,25.500149363898323,25.437564667142418,25.38553866296352,25.277849995789648,25.635151032668904,25.81133125382823,25.8778943912965,25.908764627207734,26.06937418281745,25.907690843979584,25.9167329700221,25.919786394475715,25.81047044684743,26.1031141961755,25.892188681278878,26.000317156517,26.0017847492491,25.413771577249268,26.633190767984743,26.009011245971823
4.25,26.194966407265838,26.196539722816784,26.12898035902812,25.915917488762634,25.89247957381498,26.07631310394463,26.11298055889408,25.891085038962046,25.74552698975619,25.593016268789615,26.10594757449489,26.151314116865947,26.181801489075788,26.179568342205492,26.139931709082497,26.155241287429895,25.968005385232022,26.10074257686707,26.132412200295178,26.11645526508382,26.065474067947058,25.978792984885544,25.79991357627039,25.845118674015303,25.530178762551714,25.57413039570808,26.04898195260543,26.107459478385636,26.142791847088724,25.92324562344711,26.12899033165083,26.075805583303918,26.13285906872172,26.03436633157401,26.056463262171775,26.059703183055664,25.99432658818054,25.94463610747796,26.223385464321606,26.308309540425842,26.355193020117483,26.27111963620941,26.131239954078843,26.101234316077356,26.06242286507406,25.880823284083675,25.767534372549406,25.776138586066818,25.710272138091604,25.85432833979705,26.051588833099313,26.125781537558588,26.136977964347412,26.057311704516337,26.06483723052215,26.063470454627215,25.999462540908812,26.076910158071563,25.77750785820615,25.66161635398863,25.623918966722268,25.659183109683944,25.70717372931173,25.634206203841863,25.523385165912984,25.47445414190676,25.59708010503604,25.501347552500782,25.43120230277632,25.923789612787957,25.928400778997737,25.9257969304717,25.9334042822447,26.042401660964202,25.97758215928838,26.09392381403505,25.68676496308581,25.707113843879576,25.680107486131284,25.501057048889813,25.496805742698488,25.619936787887237,25.5492340978408,25.416833650846314,25.320217218541234,25.400101988763577,25.38612370895119,25.242753140410574,25.07945445220857,25.405635162682714,25.380312385141565,25.30607808673424,25.45182885668607,25.552144418133324,25.61864086707245,25.60866070908626,25.57870903064301,25.581892102485817,25.598414808926726,25.53797685971418,25.481065829211857,25.368202119422605,25.744812123852384,25.92622437688892,25.995672834092996,26.028751311951677,26.194343270880815,26.02747048488684,26.037365325234045,26.042171149094152,25.93006985700166,26.236131643806047,25.98856446505314,26.09971246768203,26.10117946941099,25.510318370124754,26.70368590740477,26.11726511304434
4.5,26.274255599356575,26.27629604247444,26.208224857301047,25.992320617971856,25.968808589493474,26.15838994635039,26.19476520107097,25.967507730011686,25.819837972880215,25.665131331525057,26.18471750446652,26.231793892689126,26.261250754969737,26.261818654113778,26.225686588424324,26.236660371395324,26.046447181371054,26.181769448556814,26.21482075920965,26.196475326425745,26.144124321944158,26.055226039773412,25.873297474732258,25.918720912484968,25.60027998395437,25.645118894399506,26.125298812792266,26.183347819677987,26.218312829862317,26.000402356524454,26.204705719317104,26.15275568342527,26.219569852676187,26.112972702487465,26.134930919005466,26.13829213917096,26.072221816950695,26.021382207703162,26.306906726010435,26.39395411934475,26.44373876047424,26.36519461719005,26.20950010957597,26.174584246046784,26.13478983163096,25.94978421853737,25.83484745756047,25.84507563191401,25.778399046694904,25.9235123203989,26.125251280682686,26.199830569399975,26.208272293499267,26.12684871331787,26.134122279350436,26.132838006468837,26.06930684837125,26.148472416077265,25.845886168193896,25.73110179964514,25.691754380333165,25.72688582225391,25.77517803748035,25.701707936481046,25.588973329751738,25.53923552055846,25.662680468637404,25.565638911737086,25.494567628876517,25.99565144312887,26.00047747357037,25.999003561297872,26.005470637547255,26.11136522540004,26.046587506056056,26.16115621689097,25.7541134850467,25.776590580391108,25.748593314489927,25.564132472563767,25.560418104357726,25.682435619831317,25.60919259506444,25.47410231262062,25.37545073669548,25.456175955380903,25.442022378353595,25.297535889962592,25.131243005796662,25.460705983659004,25.43491685602783,25.36007649232103,25.50899271100801,25.61148573216344,25.68041993250746,25.6725043847023,25.64272774020527,25.642814108963538,25.658348815715616,25.59560744925289,25.53679033928053,25.422863303653685,25.80280610630596,25.98860067516302,26.05945542980237,26.093360441086766,26.25832093426064,26.08759639520039,26.09598797708185,26.09685270975897,25.983564248418947,26.287968934675465,26.066889376295595,26.17770953963642,26.17916271252198,25.574592981756673,26.78957252340882,26.186184740983002
4.75,26.455967019364017,26.458189354673145,26.385636605404137,26.163162331573837,26.138446862664683,26.334867855621802,26.373545125997044,26.13649876244613,25.983996232947955,25.824266511264785,26.36308379834174,26.413407709943787,26.443598403419006,26.44226666473828,26.399362614775452,26.417364310681656,26.215676906092718,26.3550052208522,26.38890955215706,26.36785850997522,26.31321804448729,26.222475892435668,26.0347863662951,26.079680230396857,25.754337601511722,25.800738675220664,26.297616115662546,26.358676847064643,26.39489683133414,26.168133272995515,26.381637195341696,26.325721075218752,26.391053015315602,26.28253141204907,26.305005882197737,26.308513570807783,26.23996847400811,26.187597598257238,26.480138646673502,26.57169898503769,26.621315703364598,26.535499011294124,26.384181832474237,26.347889146653774,26.3049248312657,26.112530515104805,25.991430159413383,26.00150902653696,25.933912254975255,26.08232301720646,26.290829097874603,26.368379857820365,26.37618173354178,26.29136092779956,26.29938859095461,26.29732388668278,26.230756895767758,26.315082661243505,26.001180615074063,25.88259098689757,25.842528127247437,25.879091532895405,25.92849780484749,25.852967617590778,25.73762191262426,25.68631699616973,25.81484309003191,25.71351267824828,25.63978448258935,26.15647341852018,26.161819464352835,26.16130416166251,26.167135087597302,26.269420715354123,26.202996074405004,26.325925427267354,25.907161126369132,25.93005306233389,25.90202225912883,25.712550074095457,25.708416329720905,25.835850221263442,25.75948792155862,25.620627117787638,25.520928915975663,25.60400343151548,25.589380286112434,25.441236129945832,25.268484100326464,25.608117662842854,25.58180930185345,25.50388613676541,25.65744761932599,25.764669214029094,25.834763916308063,25.82543789982794,25.794533445167094,25.795894816794814,25.813530705776223,25.750389234517808,25.6871049003183,25.568731446977853,25.96781613244062,26.15906295195176,26.232863452002363,26.268622533611257,26.43915399870368,26.26455720438339,26.27428169306535,26.277260643366358,26.15983217946968,26.483106469306204,26.236795671715623,26.35177145328037,26.353384444453486,25.722761338498422,27.026956364667736,26.345796755036222
5.0,26.660327500116622,26.661581621730644,26.58783579295265,26.35519702219191,26.32982353536984,26.534159471835796,26.57400655842265,26.327748900828205,26.16976323649111,26.004338030794443,26.562138449953967,26.614697771163968,26.64411682486596,26.645297430389242,26.601051711370683,26.619085470815516,26.409364749795362,26.552138499039124,26.58889149809321,26.567354453165525,26.51102187876308,26.416241458831554,26.221614665377714,26.269403053294567,25.930454066793168,25.97869039077544,26.489265335592155,26.552722153789237,26.590498204751142,26.360328585877195,26.577008533886197,26.520871680878408,26.59373962876211,26.480243822053943,26.503393816777947,26.506824057525527,26.43612695177291,26.38179227844083,26.687304151935635,26.78165705762961,26.834889639172317,26.747611221139962,26.584935318161737,26.544874619989113,26.49834320372434,26.302031853606177,26.178093721525247,26.189475327465917,26.11888506886841,26.273345782026684,26.488969332159222,26.56961540893457,26.577099230354712,26.487211699712745,26.496479501541653,26.49402709526912,26.426838158277633,26.512882113152163,26.19294322979404,26.07012348455882,26.02815582716667,26.06643992070906,26.11725712165154,26.03867107455557,25.917909291980205,25.86444028643592,25.99767351066894,25.893054841864036,25.816702831672888,26.35157163169173,26.356661344828137,26.35382892674267,26.36217495723448,26.46902096238023,26.400594033558473,26.5244151194584,26.093735208862213,26.11806895390825,26.088936923118585,25.891644714564936,25.887461144952958,26.01485635390103,25.9331661068641,25.78689450204474,25.68128431924201,25.76870750508489,25.753559582886314,25.597685547852166,25.417436389071963,25.75977856119036,25.736921385075483,25.66288414529242,25.8253596650901,25.93847499599475,26.013320360427286,26.005099401127833,25.974917495776904,25.976411613899337,25.98853840896421,25.923443711559926,25.855591990790796,25.731162666349732,26.147780773454496,26.348797948017026,26.42557972814909,26.463488491654985,26.643214250986553,26.455213228540092,26.46409267865683,26.463966639797817,26.342279674724786,26.67227041934414,26.431011952583507,26.54713305489135,26.548636511460195,25.902787268402644,27.24190623322487,26.54701138423403
5.25,26.855607330529132,26.855680358166566,26.779337258494866,26.540285511503125,26.513886637333144,26.723781006299365,26.764970258695048,26.511797575462143,26.34842750720247,26.177413275530128,26.75315873600848,26.807537598306975,26.840241770838407,26.83912652802561,26.793392732115173,26.811317645962973,26.59620098920392,26.74366474247715,26.781677692898185,26.757664040963263,26.699069284264148,26.601828094118204,26.400599679539063,26.449418323876714,26.100222776791647,26.150237840067188,26.67782722994533,26.744485678593822,26.78372662035208,26.54557984550692,26.770584409397415,26.710571266229557,26.78594232373946,26.67043435623805,26.69530361658085,26.69866148071412,26.62486942091285,26.568837132872805,26.885203485878687,26.985143986864674,27.039570274467252,26.947495592148016,26.78158753310519,26.746714863678353,26.696406949206867,26.491914649597394,26.36153871090404,26.373280320130952,26.301061837160272,26.45991000986787,26.682714015485026,26.766031974067463,26.77572047459642,26.680767377972785,26.69082096452892,26.68758279261644,26.617345507989583,26.70797164493176,26.376865190657853,26.25050945056799,26.20722895622436,26.248499298875462,26.298801311241494,26.21779435293973,26.092780706225984,26.037703868590093,26.177576830299685,26.06770793266439,25.987876983333457,26.53323991922587,26.53871434620663,26.5361396874411,26.54455469716259,26.652281196547314,26.583193161944823,26.716252631867846,26.273740997031577,26.29861931304513,26.268870509121715,26.06767151759772,26.062435542364568,26.192327424016256,26.105792224434957,25.953115924035423,25.84448128861564,25.934701998816255,25.919018264733218,25.75673451757949,25.571448216861317,25.92498846925862,25.902183927914102,25.82590867744076,25.995412492174154,26.114757997841757,26.191854271908404,26.183042819790813,26.152392425427056,26.158260627350998,26.168372464525934,26.10145184763462,26.02759656655166,25.897154081709218,26.336441727189875,26.54452606647234,26.62472192873868,26.663432074702577,26.856879348613564,26.65699054097904,26.666826642781153,26.6677861217952,26.541325162238753,26.89013535582012,26.618452040090123,26.73711728058355,26.73860622326647,26.078102426302806,27.46856206565327,26.734175771300606
5.5,27.06591414116493,27.06613260826014,26.988274859459146,26.74202090261286,26.714914976450242,26.93230871317275,26.974534151230838,26.713474276637168,26.544217437164953,26.367096825922513,26.961002945320356,27.017502627171336,27.051918562231187,27.053197191897453,27.008852477310583,27.02393205785141,26.803949551803818,26.957238689341455,26.99619181741236,26.97105968167223,26.911112194665815,26.81086235866978,26.603653903722005,26.653782298726124,26.291267433095594,26.342775962487057,26.893372763785138,26.96077648270001,27.000227099752177,26.75122821435248,26.986843263297793,26.928362823677947,27.002472210256002,26.882496654466262,26.90779269782172,26.911448087098442,26.83498790034409,26.77676119431864,27.108716767812957,27.213987952677154,27.273582131681714,27.177147450406505,26.99937983557412,26.963076059958897,26.91085367953193,26.69663041842804,26.561169693773444,26.575170414142594,26.50038937863779,26.667746556101427,26.89808812156865,26.984824848333623,26.993828050121493,26.89661964021349,26.906787919908098,26.903399423324366,26.83103522885517,26.924173584225557,26.58726154585205,26.451319670346788,26.406131652735322,26.447284636835974,26.503899646346397,26.41749700528529,26.284316836473533,26.226864192420013,26.37228415693538,26.25665721195975,26.17355164048229,26.739206881139335,26.744965520578518,26.743287628953123,26.7509086233809,26.858394986585257,26.788019260872975,26.924390141164977,26.470667936811022,26.49677751934104,26.46567557453555,26.255198924840993,26.250456088175696,26.384132943033887,26.293854032190964,26.137672210258494,26.025698176768195,26.123421583450444,26.1071115828107,25.934990618195197,25.741928824799825,26.110360760106545,26.08504722980837,26.004247424784154,26.180538625635226,26.304511292540646,26.386557173433854,26.375916370562685,26.34384016225132,26.346889390344277,26.359103572653325,26.28866447740079,26.211633957552632,26.077584817412415,26.53105202918912,26.749460661660496,26.831266568119503,26.871523972881064,27.067849121662984,26.862005449360282,26.871081953324033,26.869563273944095,26.738384547672073,27.097980733119936,26.828039977384414,26.955869642261256,26.957376385101593,26.267205351865076,27.69164446476602,26.94249675898242
5.75,27.357548139297784,27.35753197660548,27.27115159743607,27.00839506804821,26.979646643887417,27.211122750479493,27.25676282675922,26.97652195904179,26.799410404239936,26.61414925981447,27.24321207238368,27.304627424281616,27.334975266882893,27.338202407100606,27.28208822203267,27.305778661600144,27.065658330431148,27.226226001755066,27.268698904349453,27.240766238925993,27.175232814639717,27.068927282892997,26.850437106623136,26.899443907846955,26.52651645246359,26.580809672857413,27.155005431804515,27.228408593178564,27.270136575321995,27.00985859516621,27.255073400926758,27.191635901688866,27.269861377608017,27.13791679299173,27.16367965998547,27.167515881881886,27.08846711316482,27.02931667821887,27.3699238739964,27.480240595260213,27.54259537520529,27.442709591045627,27.257644288599646,27.217515340092415,27.163234623094944,26.943669992832284,26.80106543447846,26.81228391631645,26.73493990029179,26.91003851119376,27.15218330860802,27.242503625264057,27.252346551384626,27.152715127421512,27.165558519829055,27.16082680500175,27.081852510336002,27.180545019729376,26.8252121611541,26.68264801194935,26.63552262449442,26.67750060206271,26.73796307940464,26.647555302696446,26.508588150259758,26.448346940642892,26.599253218138706,26.478794480794605,26.391955351884004,26.982791982219332,26.989578039432818,26.989650134868683,26.996186213739257,27.106000932201628,27.0280665904906,27.166103435344436,26.70127875641392,26.72852892504677,26.695875026347586,26.476609914958402,26.47203029552229,26.61928199073926,26.526168572429253,26.356961106404757,26.23891801156921,26.340522951235794,26.323502208695654,26.14255304503922,25.940740999513615,26.32231271574751,26.299244143348407,26.217072346168443,26.40060166216879,26.531062416464692,26.61694521586007,26.606512903309934,26.570922851421948,26.57231276625431,26.58658503265679,26.515244284743545,26.43587741774603,26.294177871586793,26.768271209599035,26.995330944508126,27.080630726525825,27.1216494680031,27.32375912501344,27.1151827232763,27.12568784611844,27.125033272024403,26.9877947597908,27.361711622328063,27.090277760770963,27.220169152953495,27.2216955971598,26.489614254699838,28.062025356371876,27.183250714159566
6.0,27.665190489617434,27.66660368042916,27.5771839110567,27.303151149100874,27.27281407162565,27.51593707247738,27.56334675704615,27.269361951023065,27.083567709866962,26.8893166820675,27.548603042206615,27.612078767469384,27.647328925126054,27.646659609070156,27.589723249351458,27.614692525673373,27.361471812492326,27.527155627084827,27.57305604969924,27.54495987481463,27.477053338154686,27.36530976397377,27.134575410570346,27.18881577278591,26.7939832493842,26.851326251292996,27.44690296481726,27.524644654172988,27.571329513685836,27.303574401274876,27.556928337478222,27.487293640949236,27.579708302906432,27.441782492633088,27.46896739391475,27.472679359582017,27.38953883464722,27.326529829558407,27.690302388790837,27.807244821626345,27.871102251054218,27.767993654563323,27.567579898402332,27.52122308806,27.460359663790836,27.23127272688727,27.08539643832695,27.098167875624902,27.017093725967037,27.196661639730948,27.45121207411252,27.545954552504895,27.553101161828987,27.442910287076792,27.455748198287612,27.451775213193905,27.373208744193626,27.47804722956375,27.10310447619803,26.96092457161706,26.911136625537974,26.957703355369755,27.014672454302172,26.922870829424742,26.78057210962294,26.717931053636967,26.877179452704034,26.751358190967135,26.660676459998417,27.28201686437671,27.288118027480845,27.284326274379882,27.29480437982801,27.412965523175455,27.331825022489696,27.47990131910331,26.98581615593918,27.015405560664902,26.981551811316766,26.750507521582104,26.74496148871635,26.89407797689676,26.795766492286496,26.613931675552017,26.486702716768924,26.590333364417706,26.572477224788692,26.383882981517885,26.16862760241889,26.55739817722103,26.538527509698064,26.462211235115134,26.659929673070863,26.800308192649073,26.890363013396442,26.882252070460385,26.84755995514653,26.851788076192427,26.859175701398843,26.785942371230234,26.69805202398054,26.545347349040018,27.05675571362597,27.296087343432422,27.388849493690465,27.43366897842498,27.653135562307792,27.425766740061007,27.437165021745884,27.438481638473085,27.293626475826876,27.694120823403473,27.3862739896667,27.517118403850695,27.518653524724954,26.763058699211754,28.391764485040067,27.495770203703067
6.25,27.94709999467133,27.950021673559863,27.85363477212231,27.558212188890693,27.526215901116345,27.786795552346845,27.838906262586065,27.52002702970672,27.326618218434373,27.124491424263407,27.821519286070775,27.89562206573113,27.917989570452978,27.92488702968485,27.846589225467714,27.8871657009004,27.606740450363354,27.780267879000657,27.82724433217704,27.794753401972642,27.72292704644371,27.604112962066665,27.361171356953836,27.41134656315605,27.01129745385934,27.071756925537326,27.690722796909146,27.770827225834008,27.817726840850312,27.54571174435651,27.803027190461197,27.7315084313222,27.828541069230752,27.675871795127478,27.704037344815283,27.7080548162443,27.622185107324423,27.558685732932105,27.932961304218303,28.051384151791495,28.11777778422922,28.009285594714846,27.802942603498686,27.754904041183185,27.691454491914495,27.450273813317104,27.294757385924736,27.31062972676312,27.224619166140986,27.411502969787097,27.672710490526196,27.769428507516892,27.77793969034076,27.666868126315798,27.680211243611893,27.67551316444323,27.595300236133365,27.700898692085076,27.313983397745037,27.16552732280435,27.11392684712315,27.160806461658208,27.222003781983794,27.126453474587912,26.978869042938804,26.914010593860937,27.07716515294193,26.945926768455948,26.85224098711048,27.49658187231643,27.504154465270254,27.505939213222568,27.511195908577644,27.628112029720306,27.54561788183878,27.694341359692253,27.185233188428015,27.215567168889734,27.17959036840606,26.94082767797463,26.937079635241894,27.09003168275565,26.987918156648366,26.798880621245157,26.665363806722958,26.773473466441164,26.754994827942955,26.55728701711041,26.336519989007922,26.745779846037884,26.723276205396438,26.6389230282106,26.8439454776111,26.988449178896804,27.083273352777937,27.076118175448133,27.04006164399676,27.041107971789852,27.04985679245127,26.97032304093493,26.87995474392579,26.724128635153967,27.24490738522404,27.491598399407245,27.58558874614143,27.63029932745573,27.853393240525744,27.62164802697397,27.632512607297926,27.63087847100094,27.481385264202036,27.890136641292116,27.631773043450817,27.762238335180236,27.763767674222375,26.957783737794514,28.815948825487286,27.713378222049837
6.5,28.064084565210614,28.06789599157356,27.968954804584456,27.670223315219538,27.637351303708826,27.90071465759819,27.953712688136584,27.631146358374234,27.434309755481113,27.22864012184032,27.938273838329383,28.01157141443416,28.038858302397422,28.041473508037743,27.962212738668526,28.00324068058273,27.71962088974617,27.895967612664876,27.943584174438296,27.91254918121774,27.839578434670152,27.71920572996606,27.471359786929305,27.522681041700174,27.114307694652727,27.175720272204313,27.807613549782303,27.89049850976467,27.940070427490056,27.657678076551214,27.9248820970683,27.8491962794552,27.94366562437226,27.790432210789067,27.819092326108056,27.823179262097707,27.735932075701964,27.67147502097017,28.054204291386274,28.176682572499615,28.243259018097746,28.129983428642,27.920367979489942,27.873295148778748,27.809422599036584,27.564779604616547,27.408102013348895,27.42273201590518,27.335774151486376,27.526015448472084,27.79165420047119,27.889930912610616,27.89908997854678,27.78662239430153,27.800125550894833,27.79578082140488,27.713322317385174,27.82169324536431,27.42449384645117,27.272473793308542,27.220365574494235,27.268165661964648,27.330753712225622,27.233372645891514,27.08351282235838,27.017889299418183,27.184958048557633,27.050263882842273,26.954859535389947,27.610560563910816,27.61813842956052,27.619455575315538,27.62527586114051,27.74824178943152,27.662256777537024,27.81719222691917,27.294401326094587,27.32453850645467,27.287945511676398,27.045748972309706,27.041665347436883,27.200747262697178,27.09857360579195,26.90611834748966,26.77066085832238,26.8806206334457,26.861774795656277,26.65971315237,26.43504645636854,26.85176154474941,26.82942006026968,26.74461517782642,26.95273651529689,27.099746995435375,27.194929505581023,27.185982252425088,27.147891255864565,27.150081829771842,27.161456885834937,27.082495693919196,26.991527920874596,26.831798779837655,27.366346704575044,27.61584968006443,27.711813634473422,27.756283871181125,27.983474743295783,27.753406233502975,27.76642852729149,27.770062465007435,27.617076966745817,28.042150654936517,27.745420079359047,27.880128370559014,27.881674768299163,27.062292505048887,28.937250023205216,27.833232764794257
6.75,28.420383710322835,28.432205408948352,28.319440013231855,27.99599130139669,27.9608120187479,28.245090268648582,28.305964854966643,27.950857694647656,27.744324920512295,27.528640967414127,28.29030906466304,28.376321704229895,28.384563924527956,28.395667964697832,28.28247771843852,28.355147795314732,28.031037775770802,28.21790331497433,28.263613209844166,28.230995240690525,28.152867755330156,28.024091012332747,27.762116403877897,27.809766294649368,27.392259536057367,27.457295660467693,28.124297466706395,28.209095859590796,28.259706439877764,27.965546686107995,28.242041362392605,28.162971693170263,28.252164177443014,28.08938869829123,28.119616879928714,28.124345531929194,28.03134676635979,27.965827251157826,28.350818636319918,28.469667426572773,28.534924315563803,28.409153916200317,28.23108728737248,28.18763100410838,28.11600699119364,27.845757505852326,27.676629759537875,27.69028913145883,27.596527679914082,27.795825282856285,28.072611028219086,28.176771101934676,28.189020730445208,28.074973914053054,28.086812506631237,28.083574962771515,27.995518623234865,28.10582066472542,27.684316542603536,27.52456628235183,27.471698908363045,27.520578416343696,27.58716514398715,27.486193971597494,27.333229066146195,27.26438966291554,27.43453165433195,27.29749444813441,27.198596582040995,27.892620332095568,27.901659408622596,27.90939922829705,27.908977905947385,28.034406945626767,27.939949832916582,28.090190585245377,27.547656477800647,27.57765221570227,27.540482686198413,27.29007528823204,27.287228725999395,27.454759014523408,27.352597141383953,27.15820361760233,27.01908959358559,27.131752028974894,27.11203178916264,26.907459393055838,26.675022156995805,27.1292586361272,27.096683380502927,26.995033100928048,27.20493454455734,27.35130940875138,27.44800846719111,27.437394093602283,27.39728576053332,27.398777934271926,27.417797488589045,27.331238467560397,27.245084607583653,27.08357890245051,27.621129459289346,27.878992153183063,27.977899419925105,28.026044307107195,28.259273715401616,28.020425209991277,28.033459490358567,28.03634358629432,27.876762348048157,28.31104041304548,28.05739456600048,28.19702758717939,28.19908307857445,27.30986755856669,29.503183726555974,28.111963949724583
7.0,28.597878329945658,28.605647466314828,28.492058367438016,28.15404892391251,28.117687474743885,28.40857334254528,28.470988203553176,28.106737605918124,27.89527992098034,27.674514553124045,28.45699536459326,28.54447490035968,28.55444973406334,28.563225969967025,28.444810879868484,28.51842088969433,28.18627982672436,28.378304241275014,28.426745346940027,28.39493137016747,28.314868019345173,28.18129155414392,27.909344453702964,27.956467636135507,27.531056719443676,27.59783029406385,28.280025403552482,28.36987211709824,28.422862431321427,28.118996391056594,28.40440262207558,28.31984973557797,28.41071200752122,28.240388392077804,28.270965618681345,28.275790096844254,28.182030401558027,28.11608681294588,28.51485857438147,28.637266108942764,28.70354187732835,28.573727098827245,28.38427477012509,28.345674119495882,28.272739242117904,27.999765084751903,27.824706762527036,27.83943602907937,27.74122413600908,27.94597703452381,28.2266919387665,28.331087357684,28.345119772575096,28.23171842329925,28.24553096250278,28.241366563778033,28.152191114615054,28.2627259700397,27.82692677478289,27.662283707176606,27.60834757749113,27.657537785796407,27.727269896834162,27.62360986523956,27.467242676345577,27.397660687098014,27.571690507069,27.42965214991791,27.32846989853436,28.038554579623955,28.048269422535846,28.056872960831143,28.056081675221325,28.191422352011124,28.094319440378726,28.250691292710375,27.6865092894049,27.716006111636847,27.67655131173475,27.421081786613936,27.418738841615156,27.599173307144028,27.49716919955113,27.293636675637877,27.147372502118028,27.262352612890123,27.242195844061904,27.028206386275592,26.791980848122357,27.25472305980757,27.224080998886436,27.12188967378115,27.338152695937364,27.487895525120933,27.58677256647283,27.576141989527823,27.53196039546327,27.531483308023184,27.553175951005393,27.466361760263506,27.379231039925955,27.213185868158995,27.763804989261725,28.023690030341786,28.123626607274183,28.1690583627195,28.40425980157525,28.172720310192677,28.18833409462927,28.195924819581652,28.03236777944677,28.482477426303046,28.213042175258828,28.35340278756387,28.355292274116653,27.442059829947716,29.691535451952507,28.272891623014218
7.25,28.840714839787356,28.852628592124464,28.73192788757061,28.374438715630195,28.336725302413555,28.642058074264813,28.708604420915847,28.32329297800685,28.105212788819784,27.877618354075224,28.695036767336898,28.788900267960642,28.787490388105407,28.801228591704685,28.66556075576277,28.753817536654697,28.397548623232396,28.59704438121034,28.64593974252874,28.615035090061205,28.531040805198185,28.389179531014552,28.10449001853577,28.15117542906538,27.716604319204357,27.786287968573756,28.48795070400336,28.58006889050249,28.63527200228784,28.327721022814494,28.61442083782182,28.525997004776794,28.62532091578913,28.444665978419312,28.476512884570017,28.48163160757135,28.384375782855066,28.316817699180998,28.72145386816065,28.839744502865962,28.905139693278763,28.773807844591115,28.595259358060176,28.560344655849107,28.481010503869587,28.192073111479758,28.009904736541785,28.023883482329417,27.91887662535397,28.128984823070226,28.41850590249497,28.52576329957234,28.54195490367809,28.426772091392248,28.439507526468006,28.436756707560885,28.34545119514262,28.45579676865299,27.997692933072027,27.83240328797932,27.777146845231663,27.827774515308242,27.897376746867643,27.79285377187307,27.63587260252684,27.564319121755894,27.739366209724853,27.597320819161915,27.493947347916578,28.232516482949787,28.242868517054333,28.254177560667863,28.250777024674573,28.397353734652725,28.29257972397917,28.441885662603976,27.860132985283425,27.890253533569833,27.84933159879271,27.587284405919355,27.585572963526612,27.77401859143048,27.67375768847549,27.464792944382634,27.31187530712034,27.425625960708533,27.404913238814277,27.19015385918101,26.949484389552417,27.43375840692985,27.398713699325416,27.28922089274004,27.507850134894884,27.656376531985426,27.756216637600783,27.74739451909155,27.70127596054882,27.699769485778635,27.723888150386745,27.632077067099026,27.55038149067587,27.382266057758333,27.932272582810878,28.196758984189202,28.2996177901501,28.34638569004276,28.58733130256849,28.349300404750792,28.364950302263406,28.372271019121193,28.204309811671227,28.655622191678276,28.42361994111491,28.561385460555694,28.563471415568344,27.610039107859247,30.032050085683185,28.472600520034845
7.5,29.207089368223897,29.220010175413613,29.09454289697796,28.715456969756403,28.675757401861148,28.994695414594606,29.064959674704337,28.661401673584834,28.43280704251729,28.194382343108767,29.05372221898681,29.150539590564616,29.149711459616263,29.16222876115109,29.017867662639972,29.112221469914825,28.73816431098222,28.94838637458378,28.998993374141904,28.971283491290734,28.88379107980074,28.7327297218266,28.430483529932804,28.48028423523313,28.021357196964164,28.0947511067079,28.833988589702013,28.931326857650962,28.991061390335176,28.665004323964332,28.967938423465718,28.87302182368559,28.975495944987287,28.78860697768659,28.822317000961622,28.827787790690014,28.725484605972206,28.65359710852282,29.08172101559801,29.202310896435655,29.268910389888735,29.12753351456795,28.946905651951365,28.912077287835064,28.829611759179503,28.5244615937984,28.334369530054893,28.348947448049117,28.235717940526442,28.457845235075236,28.760752157654164,28.873393666960634,28.89211410671651,28.773111623500494,28.785622822581537,28.784011932198304,28.689207752867382,28.80175426185493,28.314148611398387,28.139728578523247,28.082355575784195,28.135139652910144,28.208978853741364,28.099365021848012,27.93598645456013,27.861300397063648,28.04378392556282,27.895718281712686,27.787391896867526,28.568246744539028,28.578896305322534,28.590318639543025,28.587072442816158,28.75191396226025,28.638515221255133,28.79188197060855,28.172789043124084,28.203124815890035,28.15979153035606,27.885423220718057,27.883647022131743,28.08869060256104,27.989171064978468,27.770861385120924,27.608012013833587,27.726184434464976,27.704417118890536,27.479036352327658,27.227315286407133,27.740392556019188,27.701872354828062,27.585308312896622,27.812807344900435,27.964652990230228,28.067784223366175,28.05744466823108,28.00671459823651,28.004503593519768,28.033635190752893,27.93772737858152,27.857934578699936,27.6828128808411,28.25281839175195,28.52771259604419,28.635196365554624,28.68328043255142,28.93455993491996,28.690913931085397,28.70872457851249,28.72063618800119,28.543685932835714,29.018707700868323,28.76542860878317,28.909959708974394,28.91217919743563,27.908942844859475,30.436428148498575,28.826991138114835
7.75,29.390676921450154,29.393940115962042,29.269751964709755,28.86918280824994,28.828530772328396,29.1561145855297,29.228079861914,28.812812259033514,28.579350910768024,28.335917964000437,29.21653892166079,29.31696109444397,29.31370991869265,29.327146651479254,29.177846182287887,29.272911083801773,28.888219701234576,29.106345117095067,29.160777645278163,29.130897817346373,29.040371200874347,28.882608640733903,28.56864457076745,28.616324320051845,28.152586478911573,28.228008054183984,28.983001285225736,29.085848348067167,29.145007058429382,28.812441023947294,29.12060896516269,29.020992344804537,29.129473112874624,28.930392363372253,28.964072638080232,28.969829862272732,28.86679427735243,28.794462197245302,29.23345932720411,29.354720825301843,29.421710174489135,29.27989295378274,29.088769675717067,29.055387660417445,28.974253268904935,28.6680893834107,28.46678914339627,28.484018308498253,28.364496796513773,28.59144301374276,28.899651305723047,29.012326445290434,29.032061829135884,28.915383216586097,28.93115542269195,28.92701416911667,28.830865564195605,28.942957055118168,28.436436972901003,28.259289762462664,28.20073713848592,28.252928054523114,28.329830282987785,28.21852262724627,28.0534225148581,27.978273531608046,28.162045922390103,28.010581443265895,27.900325776683022,28.69963240118375,28.711815938820983,28.72613703969448,28.720931591492082,28.88967608350518,28.77489497734427,28.930072439993722,28.293698485712383,28.324126928048337,28.27837594487328,27.998167631018806,27.997462636775076,28.219054003945175,28.11776443501371,27.89223948900194,27.72270896804069,27.840673988485186,27.818523832985775,27.588400539588303,27.333972009206896,27.86000405966776,27.821721076997196,27.698880576968687,27.93098350979142,28.084131505755355,28.188823425720454,28.18000469222,28.124274034009044,28.11738105494161,28.152062838621326,28.05488122006414,27.975068699156704,27.797979236644924,28.37229538728153,28.648187945859707,28.756406684144252,28.802267697885924,29.05056671317342,28.81635884554895,28.83577117850231,28.84788414600546,28.667670495262914,29.150844046021657,28.915256680550325,29.058617199914597,29.060824861572787,28.023614821841385,30.629621648338976,28.968389415417413
8.0,29.563662367516223,29.57711845124678,29.446200255765348,29.04001979636884,28.998184487064286,29.33305113673225,29.40739000684204,28.981912855064305,28.743038443214026,28.494058388764973,29.399351821463878,29.499559668134545,29.496341175037422,29.50846501051011,29.35158742838769,29.453843729235004,29.05807434512913,29.28034723481388,29.33314248815566,29.3103070457159,29.21870127992252,29.056502490488615,28.734438489869785,28.785130844102397,28.306167595688102,28.383162515399118,29.15897438350273,29.262304767324085,29.326774436447007,28.981021804872608,29.30008420614726,29.19744733622716,29.3028197090528,29.102735259646288,29.13728017743662,29.143340870556425,29.037551646828124,28.962910058181087,29.41328432799711,29.53436886280017,29.601849143075096,29.45369700774126,29.265319717579306,29.230490766670464,29.147755688664002,28.82890986127005,28.631044518987355,28.645675580329296,28.522712433951146,28.756692637704447,29.071615813341456,29.187568624594228,29.208376591303054,29.090638846187538,29.103183734441632,29.102922768452782,29.00488644910544,29.117212704806537,28.595304626013068,28.412340874727096,28.352984085010597,28.405661276431786,28.48592614161872,28.371725903470377,28.20351767618017,28.126613820958934,28.31339554461529,28.1600313296131,28.048071910496773,28.8752517611425,28.886723408165725,28.900422905396418,28.895259740697842,29.083248475858817,28.95848962460717,29.11133884679543,28.450529735365713,28.480791163818385,28.433922614905512,28.146699669879208,28.146485317227828,28.37142956607456,28.27373037888903,28.049589094715465,27.87739168907648,27.998038610652724,27.975311003243302,27.74219818864154,27.482928354817588,28.026859872719033,27.983767494708417,27.857788952452115,28.090446504284333,28.241337970082714,28.34617205722507,28.334183066389663,28.276538541078352,28.269455130416254,28.309380462313822,28.209816406076243,28.138029852170785,27.958621609048954,28.536229831839673,28.817103105894574,28.927582305601312,28.974348879507044,29.22566507290393,28.991901662201496,29.012889235925268,29.03170401057402,28.846562491888744,29.340493886873126,29.086170528093003,29.236050163548747,29.238384175753218,28.173216487609274,30.834251715353687,29.155082315043565
8.25,29.8655093841691,29.873113572771416,29.739889192078646,29.307054089804783,29.263687352710864,29.60812366336576,29.686310973942355,29.246122035514666,28.99809398429764,28.739815138081315,29.682436534605635,29.785475719011444,29.778954539535267,29.791701773481876,29.624005024341432,29.733284139170284,29.32295196869399,29.55608513005512,29.610943968323124,29.59098880961124,29.49562124161737,29.324131459074152,28.986178936176493,29.038707392286938,28.541763359779424,28.62179083471035,29.42791000849404,29.537788226391402,29.60413395421796,29.243025675891555,29.573907953695656,29.464973358519668,29.570205144572295,29.36693203115234,29.4041449843078,29.41036011622296,29.299935423509147,29.222748534418987,29.68518347597766,29.80327859523892,29.869643261860325,29.7121009041439,29.536557532009994,29.510418946460646,29.426960343204588,29.09777335891044,28.888438401296526,28.902403234217754,28.770070008558584,29.015448123724354,29.34070274482694,29.46127440844295,29.49029902235379,29.37110657722615,29.385637560764366,29.384543302925117,29.280946456618718,29.392290776670098,28.84142619891144,28.65029560901279,28.590035852431292,28.645378294665598,28.72816302439305,28.609994861408346,28.437438231548928,28.35828283489627,28.54976055434789,28.393472856207435,28.277342870943166,29.13366980270465,29.146062499136818,29.160295549800143,29.155398220070037,29.362413698268895,29.22963507131375,29.381440648937865,28.693284027222997,28.72215557687546,28.673462975007954,28.380827538740363,28.380015303110767,28.62372874299433,28.52601378361656,28.292988000530094,28.11151104966718,28.2336533226577,28.210091405247276,27.969487419119783,27.705081747724712,28.277466442221627,28.231574120379634,28.095635964867675,28.33382518122055,28.48518228344394,28.591412053683644,28.578413032190106,28.515900873925712,28.511683356482166,28.555574060200158,28.452369575273288,28.38467135784358,28.200040751620012,28.786856718047666,29.07394270762303,29.187363715390607,29.234158418218545,29.499430136156192,29.25768386495437,29.280837953074457,29.301947643252902,29.109620445548366,29.616447103454533,29.35156511020529,29.504275311176333,29.506736936563666,28.40731303469209,31.160465435806472,29.431762950522025
8.5,30.099425056464085,30.106732548528033,29.972195064933807,29.512706282450125,29.467701590607767,29.82420037364727,29.90659706740801,29.447267875667453,29.19214104049233,28.926651690522863,29.905125157857288,30.01355424627617,29.99854222498892,30.014130425564964,29.82508736295556,29.95022285883017,29.51704795567308,29.75368134244693,29.81110073365616,29.79737607712712,29.701656143361564,29.521543036593776,29.169006307699448,29.222649896627555,28.712607752069992,28.795261218067793,29.615788403904865,29.730212359389185,29.801542760377696,29.435822215168127,29.770079943943564,29.65661560542139,29.765455661263868,29.5546615794625,29.59236305981173,29.598542173876318,29.487417689318928,29.409648566584977,29.890252407412845,30.004862421470285,30.071512225356575,29.904206597003146,29.721946034347805,29.693150752098205,29.607794461873873,29.276701559259955,29.06629165236086,29.08374766572399,28.942714370332045,29.196488889136667,29.522407385522747,29.643983764623762,29.675486808764926,29.55624069513574,29.571753888732495,29.571563108817983,29.472049838217004,29.576798551322987,29.01462734664697,28.816940252167228,28.755880931142773,28.81186272033641,28.898399324817365,28.777069135345954,28.601257045239837,28.52109920963549,28.715200867397193,28.555246575024274,28.43781624880168,29.323043289768616,29.33511800625128,29.34719533637638,29.344558311432298,29.57548766697484,29.43775888334332,29.58782218357258,28.861700308769585,28.889191425707036,28.837809195242986,28.538153655887037,28.53944215807586,28.7860022946951,28.687102858196805,28.448311813619636,28.255717886371844,28.381440738142523,28.357348242069097,28.10576303655979,27.836547720268005,28.41297869986087,28.37105448415894,28.240447811804934,28.48797914457443,28.640452151350765,28.750299233396127,28.737510841545127,28.673990762278695,28.66778650935916,28.70877090047974,28.60345066210908,28.538320615779543,28.348843969732698,28.94373836216612,29.23463417043474,29.348612205720123,29.39379061139679,29.663021093056415,29.423344324113668,29.448255774004494,29.47363586733249,29.276691650026272,29.79305376229921,29.54565121896708,29.694346386964124,29.696505112997457,28.56923792867488,31.4501046369027,29.648953068852475
8.75,30.32335800746895,30.332933196159416,30.191208241923533,29.715952867210778,29.669053956387224,30.035817058100697,30.12184275799833,29.64701637953779,29.38474218154883,29.112030690380237,30.12427416826241,30.232767446850417,30.21974691606464,30.229007570680064,30.030488203977335,30.168792430641624,29.715457819005124,29.959383980756147,30.01853755146387,30.01038438711381,29.91121475985083,29.72463405869853,29.35896946402901,29.414516539932357,28.889439705259083,28.974202325941484,29.820254728372092,29.940702837458222,30.017280901339404,29.63189106143343,29.982470435112504,29.859232214428825,29.96615373547165,29.751667508315563,29.78817989286136,29.795054892520625,29.681463414115623,29.600176473495573,30.089964749276042,30.203502500505234,30.265544706886722,30.090169124629174,29.924695928532245,29.886238398898076,29.798952958781346,29.459127926604427,29.244719898829736,29.257701668600806,29.111322484143813,29.36942499699113,29.707184693280023,29.833084283262803,29.86056516486683,29.74192114567769,29.757400211932254,29.75879696015202,29.655227862416854,29.764198492050824,29.166954519770083,28.96716195284876,28.905925831609984,28.961111555514613,29.050535357148675,28.928670151239466,28.755278310119383,28.673731012379427,28.868897639930974,28.708724761881736,28.589915493044845,29.521150852125626,29.533344395434277,29.54449580707652,29.54307892678419,29.789646548326573,29.63745776433526,29.788072721070463,29.02693009042744,29.05438726120461,29.002395895694637,28.691772293381945,28.693514700283927,28.96312640997698,28.86937456950718,28.63008576930032,28.434850950470942,28.55761674404175,28.53288850969079,28.28588452849973,28.006971342522103,28.601537580970653,28.557740305294256,28.422171563432507,28.66851766331492,28.817732706689245,28.923958241884222,28.90852889398194,28.83854719193281,28.82755148961223,28.883272760708937,28.7809945195132,28.725252351321636,28.532623830158638,29.134738700925933,29.42680917477323,29.54530853862433,29.593151506641178,29.853910491132027,29.631961350333622,29.661503390605763,29.697895865022634,29.49475038470455,30.032673886384014,29.74444596925571,29.900364138125383,29.903075077488797,28.722354903843925,31.691388807214604,29.852537551691427
9.0,30.49928470246625,30.502014319478036,30.362748254445947,29.8606115842428,29.81273321608392,30.188275564242886,30.277290201455312,29.78827935230537,29.520948421156778,29.2430871542685,30.280966564040206,30.39507481370796,30.372608715293566,30.38690643135955,30.171832643340196,30.319240544154756,29.850591084874267,30.098589185074733,30.160709388752657,30.15514309985687,30.055491206814423,29.86111683669052,29.483411092310035,29.538311780829762,29.006662266209425,29.093512849947537,29.94817280262581,30.07288549680577,30.150829569971275,29.765735604229825,30.11507058092296,29.989331651968623,30.10101359027129,29.87772870124642,29.915317452087248,29.922024294707104,29.808273542081697,29.72792868321279,30.230546381954454,30.340133033134055,30.403159186550965,30.222551723699905,30.047367283486263,30.013345109925098,29.926448488971445,29.58834269585614,29.368637991014207,29.38646759386284,29.23169912171082,29.49700944293254,29.833196816021356,29.9584833061569,29.991408288579983,29.874095829490983,29.892114254700285,29.89229574198675,29.79204037561012,29.89328838553593,29.289408863070165,29.08437522793408,29.022432809313294,29.078388141449203,29.170466276158763,29.045965046962372,28.869278675313595,28.78741895891673,28.98404097949721,28.820700287401145,28.700666388400542,29.645494353382247,29.658167338435238,29.669125669274038,29.668408447905666,29.93238191815374,29.779860218560398,29.928324979192094,29.141842749558528,29.16776417134301,29.113013699582567,28.799762764657597,28.80323255075929,29.07586329313634,28.979145126573187,28.7326122344107,28.52665088564926,28.652059223410625,28.626996815823187,28.369025797233007,28.089801188519413,28.688549416037805,28.64820917328727,28.51433283997828,28.769202621047622,28.91972455042104,29.029888925816454,29.01624202507964,28.945251350139685,28.93338283647271,28.984477854340657,28.878919952081873,28.823340380547005,28.62767962780056,29.23207127943671,29.52598373858264,29.64344734606207,29.688014287501996,29.954692034524736,29.731629625160632,29.761776566416398,29.797644675140088,29.59185350529421,30.13082116203728,29.879169740334127,30.028323099036047,30.030639020204653,28.834546565452175,31.904980834899042,30.00287266128586
9.25,30.717572083547985,30.7179608369808,30.57637157932179,30.057971207460596,30.00901594533013,30.393054422390616,30.484379026042504,29.98402370951783,29.70959362228607,29.42454738410315,30.489366948631933,30.605699929721723,30.582138850726913,30.59671618998947,30.37808011963653,30.52757661913394,30.04895887448266,30.30596419297709,30.369103370960566,30.364067057215337,30.261252859901305,30.060176174106424,29.6708814682283,29.727243002248564,29.181857013753557,29.271081834864308,30.150257805181333,30.278361763713157,30.357306180878904,29.961504173068878,30.31939057842476,30.18950287531253,30.305390455501133,30.077813271588287,30.117233113755624,30.124217854173036,30.006407111744906,29.922861604997635,30.43624599038827,30.544899624485975,30.60739922105698,30.422869244349876,30.25354818329902,30.222824567349015,30.13458352057357,29.784404137518905,29.555811073726474,29.573625086752244,29.412693484773524,29.68493769573947,30.031170659287522,30.160071567682134,30.196358579003896,30.076947062784097,30.095107605215308,30.095321020418087,29.991203250677344,30.093960271613913,29.466363686891203,29.25775278581502,29.194580346405242,29.252348715753925,29.345397217269497,29.218728266822694,29.0394873173378,28.95578130781722,29.155786276632785,28.990352404484995,28.86718111128952,29.83678545367541,29.85018886159603,29.862690317060746,29.860845507216222,30.134818036632538,29.976522139585512,30.12489286304901,29.319299518855633,29.345439786192234,29.289387181857883,28.969944556901375,28.973013415511655,29.258628627932325,29.16205784271059,28.910493161769054,28.69909845916951,28.824664833704034,28.79895695035761,28.538362135874905,28.254193681811238,28.877795079451236,28.832762874960622,28.688790810312916,28.946975741785465,29.097725723979796,29.20861850990368,29.19475964466983,29.120245319401793,29.10906376709155,29.164893949590816,29.055653825655767,29.002778211270446,28.804193100782214,29.415121185583548,29.71458636791841,29.835224691254794,29.88088813219782,30.155746620796705,29.926207441913313,29.95725072715748,29.993702386987575,29.782499546762843,30.331654707677494,30.077831095735796,30.23026623144206,30.23280657284598,29.004601206294343,32.143822639652306,30.203402074596475
9.5,31.04719959638571,31.04390968667073,30.900545338249188,30.350647047167783,30.299375949158062,30.698700659163425,30.794475523323545,30.271811418293538,29.986858709550038,29.69113509397586,30.801907930369172,30.923556040583392,30.897049662278214,30.91093048595155,30.674789348403152,30.835621366356463,30.333473461485127,30.59898587177686,30.665971214318738,30.66536165556053,30.5603817688707,30.34868077892911,29.939334716980856,29.996480472687736,29.432219884623706,29.525090212426658,30.433323227734913,30.568759155624868,30.653071104504946,30.24304783335539,30.61374415546611,30.47569949710057,30.595968490208865,30.357224626411092,30.397310859491096,30.404518572095093,30.28464484231351,30.19867591500722,30.739689876417547,30.849549165711416,30.912784721903172,30.716298245628266,30.53338581768442,30.500473723998535,30.410614277169458,30.05392394491877,29.818212345589117,29.839948517052825,29.668909992496314,29.95225335314105,30.304768622490553,30.43565533300587,30.473743867298644,30.3541492928448,30.37416481134111,30.374364558999208,30.27177980711995,30.371682086875627,29.719984276171743,29.502127427387467,29.437281372750252,29.495679805403643,29.594568316848644,29.463102210681157,29.278489160484263,29.193083988304238,29.39895566631095,29.226002699308225,29.099731961140495,30.109955672483437,30.123783291616984,30.13586952567397,30.134933482760694,30.43275058744376,30.267963862721732,30.422403270460336,29.566562539636546,29.591815461849983,29.532096970406155,29.201037721750986,29.206269907274592,29.504549266076054,29.405389247804152,29.146110422193086,28.922939532263594,29.053158361993074,29.026575096092582,28.75258567799871,28.46053770937504,29.099687613804164,29.056726211041088,28.91245019273058,29.182057480075063,29.33593296284914,29.45061993619668,29.435610542513132,29.356588944131175,29.342101293776555,29.40116531867125,29.289855050355126,29.23813286375878,29.032764609313613,29.662148449715946,29.967721078224564,30.090595994036452,30.13408266307533,30.41246538481695,30.19044983357679,30.224936247956116,30.268402939936912,30.04937229421932,30.623639158829125,30.362954330451245,30.51591426374226,30.51824567125489,29.24035198926312,32.52344378507149,30.50798633276889
9.75,31.327649380809152,31.32199617763488,31.17225953777219,30.60603171766637,30.552757362733004,30.965030409580642,31.062848399166196,30.524140927699136,30.22984081243317,29.924648155423796,31.07193474924111,31.19342085151282,31.17420885499161,31.1804177800687,30.944114529669697,31.105500957058606,30.58793415877329,30.861719208253643,30.934615961946825,30.934115332532382,30.823098469149,30.603570977503246,30.177723227523938,30.23788180041729,29.65424530182554,29.750582472198293,30.684340489549093,30.82910975982858,30.919462471447936,30.494144540044353,30.8782861318537,30.728173820415453,30.86401360169136,30.61433446867782,30.65439968840834,30.661827601592254,30.539019729459795,30.448230238262063,31.008066485152103,31.124406728204143,31.18669862038144,30.989018394089744,30.794899565820415,30.75332267166339,30.658770212885447,30.296683091658714,30.054380381273564,30.07223736301658,29.897124912870737,30.184745152696728,30.5537385796118,30.68833687844317,30.722800524015643,30.598093010345238,30.620655641298168,30.620433206424266,30.512802594582965,30.621639862853776,29.93408798878088,29.716766889574075,29.649582796656446,29.709972623126056,29.80811143161856,29.6757319463716,29.49002270989724,29.402380571238723,29.61427209511737,29.437059765057846,29.30726042885088,30.35687176261908,30.371034413286967,30.38109178206322,30.38290558851608,30.69310183957001,30.516424372608334,30.67885454218583,29.791514336007015,29.818872814681555,29.757332732994655,29.413347712010783,29.418054999603115,29.735982395417867,29.63409517649091,29.363333996078556,29.133877249944405,29.262302219037434,29.23491049766445,28.959279217442237,28.655952694212004,29.304515452026344,29.26675749926605,29.12531213775229,29.40243478533479,29.562036110890805,29.676847492862592,29.662485175445124,29.57803729930715,29.562389056602765,29.62656558145238,29.51854958152925,29.466099218831083,29.250754330261756,29.91016646232619,30.222697547487314,30.353044085328996,30.39805610057915,30.681545694033318,30.463704751895843,30.50246594268275,30.55406515881542,30.32665338228438,30.931082436421512,30.617100503910034,30.770634997638137,30.773117975618497,29.451647238857596,32.80747099129945,30.762066725063956
10.0,31.651150846428227,31.62905427848679,31.482646990388183,30.875853591861933,30.82059201177801,31.24536510739581,31.34793710582997,30.78945365385463,30.485232159893098,30.169972262996097,31.358927549649263,31.487375025963896,31.463000940007536,31.470250819718476,31.21690732571665,31.38915329092822,30.850369744946327,31.135779373653477,31.213576241279654,31.2134168347035,31.099750281778658,30.869246197337887,30.42328762458781,30.482144198169394,29.884083858024447,29.983856411190096,30.94811255298745,31.102259233436076,31.192957130779288,30.753197207949505,31.1499839791857,30.99212672032822,31.12750836251377,30.868881041643707,30.909963482886987,30.917684796734065,30.7923519207244,30.69988604747024,31.28064711865661,31.395098701965257,31.456094731403642,31.244243304375733,31.052231119135314,31.015032908909006,30.921108011131683,30.555415080989686,30.295186428033233,30.318865105265235,30.131270288678937,30.43051418633661,30.805306944554374,30.942323227028787,30.981924427853848,30.85906484078862,30.886813762110393,30.88279207270247,30.774478742107103,30.879340758978845,30.16440075512473,29.936680257946218,29.868709143437606,29.929702656738808,30.03396584308444,29.896847589298737,29.706710336367472,29.617743211958896,29.834228600203765,29.650557122059464,29.51737078996478,30.601427591702883,30.617333934052304,30.628815819276973,30.63063687014799,30.955486322033444,30.776792487813367,30.945963348453276,30.014828282037037,30.04014964273792,29.975505711851557,29.623222944530966,29.62960380557429,29.96947390069749,29.862846602195447,29.58402828891839,29.342869062064594,29.474601901393243,29.446376651606755,29.15865285440116,28.84927938954283,29.51982984016565,29.482902108520896,29.332607670304178,29.62006024131339,29.782083248205122,29.899904548950015,29.88481071316544,29.794165017255008,29.77582475722106,29.845859158264293,29.735468907576227,29.6820411054057,29.461918744109738,30.134967117214014,30.45159827216444,30.583024853154114,30.625977028553052,30.913212093166408,30.702161037668738,30.744163876895765,30.798161721813134,30.563617912956428,31.18974831882347,30.880026339416723,31.03446424538036,31.036918210227526,29.665261420332758,33.16283786461337,31.03558203789079
10.25,31.559136939231358,31.497367010703282,31.39638815823582,30.831199807803337,30.78014346487318,31.143273751293467,31.22153817826448,30.770753491091327,30.46730809365432,30.15275220825348,31.253906110978452,31.315655232274036,31.406360115388733,31.35908036041822,31.273895478464574,31.2953485728238,30.913630093851747,31.214949356334056,31.2989502298441,31.33065426613681,31.225648471869302,31.00119299820265,30.559250398611002,30.65855264219137,29.978167215023447,30.071750381890265,31.08056434173269,31.243021050952958,31.33693571769006,30.816353034540217,31.283621382006757,31.120519260006773,31.23325373631389,31.024407836901755,31.068686143550426,31.07663097436313,30.944809830371792,30.838523660812598,31.47791896042795,31.61188874743573,31.67933081895179,31.485036117329155,31.249623061156477,31.263262313940746,31.183369225818673,30.82339272117323,30.564504194789222,30.57788268826043,30.38324265366241,30.69861238465347,31.09957035855332,31.244962009236502,31.293075583586525,31.16637721801945,31.196246514236638,31.19363486619298,31.070569776583863,31.184226137350123,30.409223275435963,30.170233807357114,30.100211856156058,30.165518737320326,30.272404897562918,30.12893614721653,29.92831837736712,29.84111258075433,30.069256502106878,29.882740542333295,29.74374912805367,30.84492142519168,30.856493135322342,30.841826900587158,30.870647109153143,31.267044312754987,31.069176492266603,31.26029211304081,30.282644946132244,30.30780402116516,30.241183911988063,29.878012823124116,29.873918747585,30.2752690348093,30.17739224411222,29.899698542550926,29.654900199324473,29.7866719900827,29.757193379026113,29.467152081400776,29.149331539965768,29.855793358673278,29.81748490405827,29.658442873942313,29.944334851527643,30.10115444559726,30.21043868011446,30.182468658717358,30.072050643742454,30.064719367005996,30.160271339845455,30.06322527374032,30.02466316292549,29.7938758156013,30.498408346272466,30.823710410793492,30.965542549766898,31.007729461787388,31.315764594088407,31.11022387758871,31.162192111589953,31.23845909003416,30.99036837432326,31.66648130387698,30.951613464303428,31.166001530706698,31.168940887033013,29.898309360270442,31.976296286125052,31.344352632423014
10.5,31.86857762180474,31.8029378516003,31.69990823628932,31.116902572404342,31.0634819321751,31.436551060453176,31.516855614391144,31.053906507705406,30.73976456377337,30.41434804641058,31.55256830648525,31.614791085496666,31.71766553710306,31.661740119302927,31.57521105382339,31.59120328198843,31.202908770026838,31.51470128084816,31.601645809872053,31.634772477649232,31.526911992659088,31.29550678606906,30.835896384843164,30.93586688382538,30.234407740526905,30.331243574306605,31.37867501534652,31.549002639489412,31.64841940800869,31.102061441697803,31.594744585602516,31.421466698908265,31.533217933401637,31.316535305998606,31.362587953037472,31.370773645454996,31.23577930571485,31.125673735178953,31.799687582629147,31.94560150570773,32.01604294197044,31.808633713014714,31.545715776366656,31.564906761098168,31.48517952907451,31.114627597643935,30.84683484385809,30.862656345208062,30.6621076965905,30.989736268924116,31.400386798528313,31.547745223099295,31.59912759002536,31.471247589984316,31.502689242902957,31.499543399901498,31.373179965818768,31.490871611927457,30.689817331657437,30.437756594031033,30.365375830637408,30.432072858483284,30.546214115745105,30.39565486418031,30.185308618386735,30.096008392555404,30.335774706028097,30.13602996266341,29.991527915267916,31.123502593471873,31.13597519800339,31.1230495109948,31.15067254266078,31.564841978006534,31.362505952706194,31.575251217202513,30.549633723452157,30.57418447966048,30.503651815139246,30.12962060282806,30.126074340386243,30.543924937907313,30.442308410287136,30.155188895612813,29.902405086309123,30.041904011900204,30.01134805924606,29.703238876063768,29.37787923499138,30.10875303428387,30.06956381941349,29.90531607002377,30.203291960129587,30.36763379174156,30.480726069091265,30.44821367696565,30.330812780164045,30.32347637758495,30.426548225445615,30.32816227752889,30.285827130438193,30.045951645471572,30.78512134823734,31.118314176077174,31.263248583032436,31.301026281753174,31.617764646972024,31.421720685314316,31.479027261125257,31.56698602214258,31.308871100967167,32.03090190973354,31.24298202353733,31.466250547718897,31.468924131117436,30.151877695127435,32.29383920435691,31.653315929254404
10.75,32.4153032014027,32.340358861372046,32.236675096873576,31.61006342600199,31.55256442932118,31.94712655491077,32.03305830632007,31.541117736602487,31.208249362531397,30.86385269633563,32.07238497185744,32.13996135457141,32.25361859364175,32.18461438163667,32.08962681888991,32.109107336654205,31.695758430337108,32.03118396844258,32.12058236382671,32.15608138367584,32.043564105615225,31.79583069239228,31.30079935507882,31.401824668914156,30.666870708166627,30.769766448356155,31.885177280296727,32.06635609433586,32.171590555780824,31.58792822973109,32.116046231184356,31.92303365847449,32.04124051238792,31.810270454313198,31.859492121090515,31.868760556889498,31.72542934909056,31.606430144146902,32.33143507076864,32.48341472490341,32.548680579186545,32.3222091731764,32.05076410881165,32.07549959725247,31.995474688226025,31.593671726651397,31.301261580329374,31.324664391990236,31.106961979951375,31.448102756679724,31.878704308024847,32.0306864755551,32.083983827752284,31.95427296900081,31.984911048985346,31.982121152139527,31.854128672451424,31.976282998360137,31.105632049378286,30.846249684930598,30.771073298001966,30.84084914477051,30.95863351100016,30.80382982551828,30.59050988247388,30.499237306288983,30.750451155595755,30.537179864586534,30.38597948285561,31.591645301096708,31.6063014256621,31.599311451663535,31.62198261485345,32.06513502747157,31.855189106149215,32.09605904310996,30.973534224869464,30.997483343846394,30.921605848690504,30.527682928982635,30.52569188037635,30.97774363862316,30.87473547876347,30.583366791216996,30.31784269736047,30.456851823853736,30.424582673354525,30.108089983715637,29.770267267266618,30.56640226269756,30.513598298975513,30.32157875105971,30.631507323149364,30.797224540578387,30.909074638461952,30.872962219335573,30.743528006872634,30.733802283739216,30.859212868164118,30.75392910683754,30.714259577491838,30.467631276519146,31.238951657503446,31.578610012985678,31.731428197571436,31.766939455007595,32.090766870033356,31.91112189482382,31.976366656008892,32.081016283348454,31.80701204365705,32.59669638149771,31.737032774346645,31.971986085991592,31.975155883627952,30.553265132934065,32.87520928218474,32.17527792060314
11.0,32.63019479413824,32.555500388601274,32.45379262483525,31.824314398520546,31.76533330674933,32.16397538473992,32.25064217841375,31.756163095486105,31.41491046314468,31.062017975860055,32.28954322299745,32.35849192114159,32.48703558888115,32.408392379814835,32.326155616997376,32.332546825979705,31.92581410213839,32.27904972531254,32.36132253194224,32.393007286522604,32.28028353932898,32.02947630088318,31.52272883541968,31.62179915398797,30.87346026210585,30.978211423365877,32.14498088795534,32.323200268256066,32.42574971665833,31.81372536031747,32.37100184606865,32.17248179585863,32.280070274588184,32.05032550718169,32.103629516968724,32.11411152084912,31.962420851977946,31.836653426372354,32.5897147544444,32.7490906084716,32.81156180773492,32.57304934553391,32.30595765785006,32.34736859234682,32.27154590725264,31.829861883894864,31.517842318400543,31.549510259693438,31.325352750891906,31.67284394919987,32.115066070857914,32.27012216794494,32.326340754857085,32.19652092793554,32.220133865455075,32.219314853326715,32.088300632202404,32.21665363874314,31.30913730689588,31.044176995176013,30.96771212146065,31.039280926751353,31.15959916451678,31.001804305171678,30.78554941764852,30.69363176164679,30.952911100789724,30.7294487220633,30.573096196630804,31.8036182735098,31.82059767690344,31.826039751609493,31.83613927354797,32.27399770399354,32.06983821335587,32.33587994290187,31.175094417305466,31.19888787795563,31.121266003897595,30.720449861640496,30.71806297687158,31.1858420984363,31.08636102909023,30.805946662891138,30.542838076216796,30.68255311143202,30.649348438159404,30.332751540868557,29.99241108396343,30.86232662784963,30.780376945284946,30.54484924006535,30.85330230728762,31.015549052441767,31.12395683764381,31.081619585401814,30.94485423074268,30.936023283016763,31.085788024130792,30.968625708714452,30.930177509141377,30.68882292813607,31.46617107939151,31.80864106433755,31.964425730290305,31.999124650869405,32.32709638743654,32.15170891367019,32.219262208155065,32.33060095533626,32.048884082831975,32.881921961380904,31.96965174235629,32.226645331870024,32.23062905331178,30.745690031528124,33.10745538659042,32.405198424148715
11.25,33.035302941021754,32.9576366735957,32.85018979298443,32.200824040841646,32.138580689445035,32.55157377368811,32.6411269506028,32.12941701809776,31.773473795033556,31.405656953512914,32.68390823595884,32.75197277499888,32.89962701192468,32.80441660128637,32.72609060683147,32.72784987901421,32.308650944091724,32.67875537231884,32.76398428034344,32.7969045674301,32.678573918197884,32.418417232452605,31.887549542598258,31.989904073024007,31.210662201883938,31.319842131393123,32.542050726446966,32.73056911068202,32.84020814429054,32.19116229972252,32.783854613675565,32.56769190738842,32.678299516237765,32.439701202780164,32.49499871480653,32.506165834061264,32.34773530739516,32.21521519802754,33.006020278778095,33.17889100192509,33.239388636215814,32.988552189711896,32.70856300292281,32.7529768177484,32.67495935155057,32.210340920705505,31.883385752588737,31.91449980303169,31.68280584798548,32.04013271609386,32.50458138185904,32.665367185409984,32.720877647065414,32.585332101130604,32.608906945775004,32.60858438424773,32.470445244123766,32.61121010786039,31.647588839696233,31.376688276417056,31.297420414492237,31.372523111536204,31.49467569120708,31.332935762174838,31.112269937666653,31.01776995546437,31.28988724219794,31.05437172612278,30.89116816546722,32.17733902339992,32.19545196594229,32.202870814982475,32.21171886392133,32.66791544759299,32.45265716515471,32.746651056493754,31.520798002165687,31.545556169345183,31.46485181757571,31.047161327825055,31.043861878273855,31.541393754924187,31.440394005366635,31.151502543055884,30.881774917727174,31.022209709141535,30.987571425475977,30.664249043332084,30.30993027606938,31.223621864916232,31.135433696162,30.88518510109558,31.20341449184858,31.371868743141366,31.479087877910683,31.43235032466747,31.285591573435568,31.278067481266934,31.444589841047563,31.32680695571104,31.287109118677254,31.035021853006715,31.856609357782368,32.208226418947895,32.373451703147126,32.40814507235009,32.74702775725654,32.58073353707012,32.655931389013915,32.78420091544729,32.48794807949942,33.38671005495066,32.35422929226572,32.62561482020863,32.630025414814995,31.071069694876947,33.515811733407006,32.806047298873075
11.5,33.68929650282993,33.59527883674689,33.48640956064323,32.781372703688874,32.71429791510939,33.148949053856775,33.24508421147331,32.703610796840195,32.324638640238994,31.933438249500583,33.29708123321278,33.36897896480355,33.53197535187858,33.422387876085565,33.333751584172134,33.33247973179343,32.89305086882313,33.29425347463069,33.3825222662218,33.42036081872622,33.295288899858576,33.01555328687984,32.44273272828901,32.544544166371395,31.72441644821229,31.84034942353856,33.154225046485486,33.35868675267183,33.47431877090236,32.766563420568154,33.4132033848206,33.17484345926112,33.2739021762764,33.01820369189902,33.07864368428762,33.090927460476244,32.92311908697107,32.78454135233988,33.633956721970904,33.81855523000235,33.878459060344724,33.600480994056255,33.30198091689757,33.37322313631178,33.301249829008775,32.80325512995537,32.44459988741019,32.4812684646939,32.22913604031049,32.61284600829303,33.09984852977921,33.26598920645954,33.335379222957265,33.20318872527802,33.22908907003331,33.22708399919204,33.07888296310173,33.222600652203724,32.18066578905724,31.88598953291121,31.803532008398403,31.881419097844176,32.01664747436493,31.843039147555857,31.608942414371203,31.511320714526324,31.800802329440184,31.54430276834178,31.37066342006614,32.73117531307728,32.75286344351771,32.769469232830346,32.77084885251546,33.27091788531681,33.043419312376265,33.37222842528563,32.0370272659377,32.05842133935621,31.969872953122508,31.53335004517464,31.531562179008503,32.07804759872638,31.974483772054406,31.67527967831161,31.38942019830884,31.53754819096493,31.50069456257519,31.152930228419397,30.789194045079707,31.790411314249422,31.68578048505339,31.397968593405352,31.730496861241587,31.901795417374252,32.01053554474284,31.954682232336268,31.78943750629154,31.78218475680449,31.977492619452835,31.851176436675203,31.81693722221176,31.554926957027348,32.414473295733664,32.77525738604124,32.94590439925187,32.97197250344414,33.325886947006474,33.18251333659975,33.26875577028754,33.41863584125995,33.10170266548377,34.08216920014352,32.94222468252472,33.234653100242355,33.23923558533523,31.561465250231368,34.1920575588456,33.430607722691754
11.75,33.91127921929241,33.82031984760431,33.70637361507978,32.990808218352846,32.921660503758886,33.36785094429924,33.46606169734066,32.910325416509124,32.52293469747976,32.12319096309185,33.5190528998323,33.59105296667889,33.76374555466962,33.643339524830914,33.555388505778396,33.556666185722996,33.102925043816484,33.513404338582916,33.60291516894263,33.642796551185874,33.514640791188846,33.22873870968494,32.64083978029488,32.7452661965084,31.90727055054615,32.025880394571786,33.36955798028816,33.578665168875304,33.69975796156181,32.97325258354244,33.63778960075093,33.38773814574995,33.49433811777019,33.230759453949624,33.291067818207196,33.30400894481325,33.13243391527031,32.98906303319631,33.86012174615925,34.050355269478786,34.106488006698946,33.82467204786114,33.52209637428176,33.585892531694,33.51091589260645,32.99646612893238,32.63173624925245,32.66801163544215,32.411288836256766,32.796267741782515,33.297851759152216,33.467374585784825,33.530305203696855,33.394025222683176,33.41772306355459,33.41790373703416,33.2684238568957,33.42049881735181,32.33959635804739,32.04835661207197,31.964293392660434,32.04366981802695,32.177051056879385,32.00439931552931,31.77293032513592,31.674362124708452,31.96838275187008,31.70769819249603,31.531596139760076,32.936615150607366,32.95852183722451,32.97580837119126,32.97656788056383,33.48750370722098,33.25076670976779,33.59300886800686,32.21338125632409,32.23657200182481,32.14670490565082,31.697096472045533,31.695437361623377,32.25811203064621,32.15622213440757,31.856457376661762,31.567962624762107,31.71191970478731,31.674305433099153,31.331319756475605,30.957269841616363,31.982947745115126,31.873256833032524,31.577338882302808,31.912932929543448,32.08483062003468,32.19028208814213,32.133324627983285,31.962824763275744,31.953204658171295,32.161163673507616,32.035134502514545,32.00340300479637,31.73696700612909,32.61729267013309,32.98142562410693,33.159315053289504,33.18774932063102,33.540267358007114,33.407601316041905,33.49830205872558,33.65969129045372,33.33472327214632,34.35295900823537,33.15226690240301,33.451765465330254,33.45687916210254,31.724818463754488,34.42807149834541,33.64775789688254
12.0,34.21761920542596,34.12975411589899,34.01230223450384,33.27278621840449,33.20006335930057,33.65856796429498,33.76096801162603,33.18602566914287,32.787304978524524,32.376063050995924,33.821429487220946,33.894312348387395,34.07881360400285,33.943123145566986,33.83633612819505,33.84821228425575,33.374470365628675,33.78993824483673,33.8824095307081,33.93300775991644,33.80507173160188,33.51039711863541,32.899386797935115,33.00610594989331,32.14411450096497,32.26637772781035,33.640606190437225,33.85971124756302,33.994236381748365,33.242717584380074,33.93284812827821,33.665334049372014,33.770448231658044,33.49927311227882,33.560695620319834,33.57356191497175,33.40113134156172,33.25543440410442,34.17128067965729,34.371981517853214,34.4269088041574,34.12348852024256,33.787646049950844,33.85188025796387,33.77574909047047,33.25650147518118,32.89359357989624,32.933412704154684,32.66868763360306,33.06366767901374,33.567449861501814,33.73639489874633,33.80109082417875,33.66353942094706,33.68718977763088,33.689972460301036,33.54540310074676,33.696332401819475,32.58862439889228,32.28728143822045,32.20183866797367,32.28344651948876,32.42151744280239,32.243847099380694,32.006981563541544,31.90795172364126,32.21374967222821,31.938631188369914,31.759015970549267,33.20660614032271,33.22781597914236,33.241763783514756,33.245769688926366,33.800204916729,33.55474152187557,33.927257192001726,32.458247695776215,32.47881091589489,32.38416312343971,31.92360872621111,31.92402784058347,32.49461699099142,32.39102416253925,32.084032907172464,31.783694598649696,31.93364870072327,31.895048621113343,31.532253639429772,31.15096097049627,32.184575015817835,32.08080626628039,31.794630094842503,32.14603702199619,32.32444417521053,32.43171154021457,32.3693768193671,32.193600533451374,32.18577985800705,32.39719003474187,32.273442330764006,32.240516321929356,31.961935448564212,32.88499926965635,33.25162089232733,33.43286229976376,33.4542138897594,33.81509905600982,33.70456421442044,33.8046667567772,33.99142292891394,33.655264016722725,34.737616078693684,33.4250754413651,33.72612157859811,33.73063505288671,31.955959421530213,34.775955354029946,33.97830085889196
12.25,34.53892578154717,34.452644640732494,34.32998020150336,33.566850029321365,33.49343245685079,33.96657662537576,34.072147031144034,33.480659826282285,33.06969905985998,32.64604034765006,34.13392198486221,34.2103226038719,34.38720756162623,34.262484031082934,34.160153244115264,34.1646345205654,33.684055290593946,34.12512755874098,34.21217906504831,34.26485360674032,34.1309305412176,33.82345465138143,33.196028556925015,33.304107658599484,32.41770110170181,32.542898119027946,33.981569717566074,34.19750866837369,34.326400713334564,33.54541434990202,34.25703765945337,33.99355497388805,34.09020424783969,33.80886449277558,33.874801271851545,33.88918479531069,33.70616218957893,33.55569077306852,34.48098327110248,34.67462808803414,34.733158029859865,34.430837389920406,34.117863327530856,34.20366791445788,34.13254826201995,33.56789607068833,33.183654562052745,33.222618960922375,32.944897644617846,33.35892737613055,33.88578858293328,34.06331552830163,34.1392613459384,34.00543790815971,34.02368803786561,34.029191345918996,33.87088987473422,34.0218043032554,32.86706960619351,32.552538809422686,32.464588400027985,32.54586251724509,32.69318613923559,32.508476359486195,32.26286221264304,32.1597386205505,32.46671464487879,32.1912392350704,32.005804893147435,33.50156700599065,33.52545284706633,33.55154684376581,33.54362150670007,34.114201964511864,33.854213227468016,34.206653725692696,32.723192438226405,32.744660334636364,32.64724291212793,32.17515842191791,32.175940291067576,32.77279005619087,32.67542466944919,32.3745550702348,32.07127560359896,32.223697536730846,32.183781746923444,31.822577084324383,31.438981577527485,32.56588989761054,32.42941090171811,32.09159625603246,32.43454900867602,32.60058906640629,32.70810134532747,32.64201300931015,32.456706465869466,32.44492577077861,32.681199000116514,32.53959611877103,32.52732799356159,32.256283056807455,33.14645849777353,33.52461893387669,33.70778333448597,33.731748342691525,34.09756032010774,33.97379818567026,34.07068339980631,34.24804979253914,33.90336920336932,34.97317188614263,33.73729065494523,34.06150152365631,34.067033440044995,32.20884610549414,35.121942066701955,34.277158471987754
12.5,34.977645659264546,34.881027595286426,34.75871998236748,33.946637408346405,33.87023403373954,34.3684096480276,34.47883661766266,33.8537760551083,33.42712299485278,32.98754871420542,34.54091222822214,34.62506486086026,34.79838576698781,34.67153188767511,34.55473619721453,34.56651453368835,34.05342292216117,34.509217122567215,34.604486166389094,34.65978936885287,34.52059128398648,34.1944370576352,33.534230729531465,33.64676553437933,32.730494008437724,32.861938059886256,34.33520882469555,34.56256231647412,34.69834009626715,33.90943357032843,34.627347648596036,34.34897923996364,34.4780514378725,34.17229468553221,34.24045598506089,34.25486557074572,34.06732059427734,33.91197097623614,34.8776576297115,35.071586642453596,35.12873508998176,34.8247467457725,34.48294736113331,34.56590257150576,34.48895479471538,33.912921615988495,33.51444259619913,33.559611047375235,33.26597734304641,33.68851205873525,34.23116516621532,34.411078429347796,34.487758210389615,34.34648331518,34.36737403025494,34.3723772906585,34.217940112388234,34.368346576706976,33.165122585572306,32.853961840362835,32.76218123833081,32.84836169022595,32.99147305868476,32.80635564096401,32.55992973050489,32.45493420934449,32.76855847634514,32.4866896263288,32.2967897505492,33.85283778724258,33.877362807839454,33.90124078850812,33.89650410223233,34.50320315472874,34.23432594777155,34.59575135828264,33.036255878790904,33.05941686374828,32.95670667821851,32.4673268998177,32.469509288304295,33.08118198406987,32.976034914590855,32.658994320939264,32.336210341636544,32.48535849315294,32.444280746599844,32.07511798491567,31.680712410105247,32.82775646409625,32.696112194522655,32.35893094161553,32.72039937038112,32.89241788190591,33.003549470943604,32.94343090364181,32.75402946059143,32.74150921229782,32.974582642461236,32.82838206423272,32.814134784327386,32.531611515702224,33.4516067486631,33.838885942527696,34.030384500551136,34.05353373101667,34.436154611507305,34.30487684174907,34.405014409846025,34.586808102357075,34.23059511278995,35.33155525085781,34.104792233663495,34.418121201733875,34.42348148007156,32.50503186572726,35.60107039906949,34.679759988088904
12.75,35.14338560914555,35.03937633809549,34.923271442970815,34.10643202886214,34.02775422099077,34.52816792263163,34.64017098854474,34.012058203602194,33.57868362931108,33.13229294173773,34.69997908695943,34.78654293000132,34.98090960828101,34.83718977182722,34.7211781837316,34.73531813915803,34.21772317190916,34.67605603157831,34.772561710735474,34.82425228681483,34.68906850297871,34.36509025024283,33.69594553117312,33.80901404135691,32.87725710810083,33.010297828158144,34.511881391841605,34.744038544849445,34.883146656183506,34.07292105055221,34.818704161763456,34.53094049450882,34.64806287379595,34.35086255676294,34.418001911783314,34.432746763463655,34.243443401230266,34.082553869732635,35.08854302134942,35.29886341059471,35.35366660426755,35.021241864557176,34.66758129724754,34.739592261562066,34.65873848753726,34.07468378598985,33.66616987608718,33.72331738436838,33.427835915320536,33.85295324549777,34.39677270583363,34.579091419950736,34.64607406552246,34.49880632789677,34.52057564508265,34.5234611365602,34.37638037152008,34.53428292463857,33.322338121525505,33.002129091164335,32.910020288398684,32.997403734013986,33.14503797788852,32.9559010647292,32.70568603220726,32.60014930701864,32.92684375643393,32.62985627220676,32.43626755035093,34.020076654775366,34.04461204870546,34.06660542490838,34.06409319351147,34.65814270117985,34.40277497017885,34.813828979901366,33.19212495855115,33.214349195090925,33.11112015269934,32.61014343181219,32.61251057072609,33.233407353088886,33.123003407264676,32.805066863019285,32.47976989552047,32.63698311706543,32.59519149047333,32.21147763220417,31.80115901347132,32.95217358140295,32.822221249177595,32.485600323298506,32.8636373514829,33.048566322956624,33.162133749081086,33.09585843442917,32.903949636932964,32.88972672307073,33.12932063034866,32.986760739374084,32.9524344178506,32.66241794192061,33.638569650027904,34.03159543679599,34.22682440469028,34.2513625665136,34.632627284178604,34.515786725365885,34.6217105418034,34.817283407817015,34.453186355383856,35.62824886918644,34.27193064661282,34.60045747193855,34.60592867560684,32.648135319819005,35.77235550974536,34.87435924791825
13.0,35.46218309470194,35.35476075776934,35.24187339405949,34.39580788869884,34.31566329106313,34.83149337063408,34.94682838583662,34.29937365432304,33.85369975910442,33.39483795330966,35.00466443543476,35.09896371084014,35.28833582756264,35.15026271092378,35.02795470662489,35.04222830236949,34.51023527255583,34.981831774965144,35.07872101436642,35.130934360986636,34.994876488591224,34.659253198982896,33.97066190987724,34.088251695926026,33.12939980422993,33.26661324212077,34.80613163901614,35.03912267563311,35.17876728288049,34.361638007421384,35.11413337261724,34.82536326807513,34.95532205151826,34.65004201275135,34.721792774782564,34.73662959787097,34.540207035367814,34.37411234559114,35.41343915404612,35.622712753481984,35.68044778971745,35.34040070608026,34.97521318320308,35.05621824137749,34.97129672475537,34.361619223473255,33.93965274728571,34.006598394548995,33.69853628140825,34.136248659054,34.6904304872069,34.87734433633946,34.95082875073939,34.79562610692078,34.81528152347491,34.819089116810844,34.67510226728948,34.829573712712744,33.59537020552954,33.269030444574184,33.17383800825523,33.26617634863075,33.413791676687126,33.220142174963584,32.96247245671487,32.853970877827315,33.18864703210065,32.88524003123381,32.68630462547289,34.30659189616839,34.331519109963686,34.354733314310785,34.35109944604586,34.965326545437776,34.7123337022007,35.13058928743239,33.459636269336286,33.48250083883049,33.375808162772856,32.86377610223323,32.866360853556145,33.487373462138585,33.371162569795914,33.04623007304178,32.7075206302156,32.86967898537343,32.82681681269396,32.43024118029896,32.01258596191976,33.20175897577872,33.06288294128399,32.71215891990683,33.104728393389344,33.293820162667615,33.414046613470944,33.34968206900988,33.15791763752327,33.1466851055582,33.381262318009895,33.225862743069804,33.18766155211947,32.893150370582504,33.88416936243618,34.29131277203118,34.49059565512104,34.51659470745488,34.9220594058788,34.77474859389186,34.878347921969095,35.06744482564934,34.69489438483967,35.883824376822744,34.565122386419844,34.8959049888675,34.901339816755595,32.90465626330524,36.14057793181578,35.20392661478568
13.25,35.91547471012394,35.7987241979728,35.679991560859655,34.807739988243846,34.72328861154624,35.25627623804559,35.372718505313685,34.705915981094265,34.2426182838088,33.76589410974809,35.437435106214,35.52801907179105,35.74825031396407,35.57968048362364,35.470119060718964,35.46377245466539,34.924362172786154,35.41751911256499,35.521779061357364,35.57177334950621,35.42500534866313,35.074427040290544,34.34887565997603,34.470022975961925,33.47971125465377,33.623800097841674,35.21407817039955,35.46557761929426,35.61763728651809,34.7685868733347,35.552130189667274,35.22858081023516,35.39462939096895,35.06561459753627,35.14362375106259,35.158276340659455,34.95377275872995,34.7808033249918,35.86967472270901,36.10015750966449,36.151269948424186,35.81370230861162,35.39964781788302,35.501291496958004,35.41380859764645,34.78256875604723,34.3411299702341,34.40547675665803,34.088575544026,34.52833634051225,35.111236961365854,35.29879968802433,35.378397174787075,35.21037724837193,35.23127161892144,35.23477740409826,35.08237199967165,35.255657230923546,33.93581979584234,33.622187594968736,33.522162461609625,33.62569973257913,33.758012174341246,33.567308927645676,33.311526159142396,33.202491182433484,33.55468873908537,33.23557056930342,33.02749016123509,34.68995395704753,34.71695714889567,34.7434586242602,34.73787446323862,35.387385242356025,35.12195872587319,35.58791267025933,33.83072266646115,33.85587229492047,33.74357669051942,33.220183975396395,33.219225002584864,33.8700337281885,33.746285168484576,33.398880043350225,33.047721535226366,33.19794552314715,33.15359328034182,32.75450130200659,32.33087782051938,33.5654460319769,33.425833732039905,33.064318723402586,33.472962864037356,33.67415185532844,33.7888327639652,33.726900331309764,33.52388480161224,33.527661293636086,33.770325661111244,33.614913352373485,33.56945104784808,33.255444008877,34.316603857633474,34.72738033583055,34.94271551498797,34.96148065902151,35.40613855336676,35.25895751665961,35.375127479675164,35.59142365703583,35.2003031536727,36.4836082553608,34.977210865199,35.301426666806904,35.30682000250013,33.25657205529241,36.58580134855493,35.64054242302276
13.5,36.31678017733854,36.200323637643656,36.07650098191546,35.19603345041885,35.108495427545684,35.64978390642894,35.76766424876925,35.09430912893524,34.613931629719154,34.1199077087403,35.83825549040285,35.925514059917624,36.17549240603724,35.989420629160826,35.8956031086856,35.86637609635575,35.33586084147139,35.85103357892402,35.95307168809889,36.00302316678854,35.85173118011342,35.494500873835975,34.74680076077687,34.870907807007164,33.842094488386394,33.9904747994253,35.66070543596266,35.91891810262072,36.07622577828933,35.17374651039042,36.00975341173769,35.673207854781715,35.824342813906114,35.495407860421935,35.57998198255555,35.595231977608684,35.37993106580467,35.19885535822903,36.33905774948785,36.59273371378799,36.64879708457606,36.288704915643144,35.85029571483634,35.9794752170908,35.89345065444404,35.221205702106246,34.76085792608569,34.82679754586926,34.503616492979766,34.964550611770576,35.570549253674685,35.7655004080885,35.85656782799171,35.68185859419658,35.70000148059515,35.704584985699015,35.539184335381094,35.72592924293855,34.35808713439481,34.02211393770289,33.91832938954034,34.02740808763106,34.16836628514876,33.96543780997137,33.69168955932648,33.57820404095075,33.9529609102413,33.61218638866523,33.39214788030077,35.09301686121143,35.121898404277516,35.155717031248834,35.14318854155203,35.81109980703438,35.53989670103749,36.04948763468587,34.228866772789985,34.253347722345445,34.136836845810514,33.60050016007386,33.5968713505296,34.27374207559373,34.147311446184915,33.79089081447717,33.43444215421951,33.59738738639292,33.55111026137464,33.127667202578515,32.693614334337155,34.00347860192144,33.8454059197347,33.45292264445294,33.874476953642706,34.085930392743904,34.204070491123915,34.13076921239135,33.916377955795525,33.92951487046517,34.19010679976598,34.026503295162385,33.975488722513376,33.65002084216147,34.7655559036821,35.19341593086534,35.41584515989633,35.430540618014746,35.90576617413504,35.75115461265474,35.87429421813924,36.10724212034403,35.697724284141074,37.06338097179427,35.39392625791285,35.747807081036015,35.75334090799094,33.63444799004798,36.9881229656676,36.08073262169102
13.75,36.9272747381354,36.78989037986547,36.67164924767736,35.73077246423986,35.641605595371026,36.21459665231134,36.33930083423931,35.6281388595306,35.123912492510364,34.60574051314161,36.399703438494605,36.502974141331585,36.73969578665939,36.57435554431264,36.47786431334785,36.450973958090024,35.88782429263208,36.429531315538995,36.53912371637231,36.581531377970606,36.424539080330895,36.047322268922294,35.26927295018336,35.40392107001668,34.317462761784185,34.47329887819212,36.22463138759938,36.487948143327316,36.63858509359692,35.71739274307911,36.56979229154758,36.24100313200517,36.40995303414027,36.07089413910006,36.159141940900874,36.1751409148642,35.94602769899735,35.751685660593424,36.939437056903515,37.190712342143655,37.25705415208254,36.88117226441356,36.45279810087884,36.573361329685,36.4731304577929,35.761167355625034,35.26438104123027,35.3441778587069,35.00001501367507,35.489514597548606,36.12822957843674,36.34130290291971,36.43335110554648,36.24125838069011,36.263943104151686,36.26358685286676,36.09440980722433,36.28394192954029,34.87859145825471,34.52127182329244,34.411504601329895,34.5253948943361,34.67624050498814,34.46042187111773,34.16755644358494,34.044333115544134,34.43234760203452,34.084669685249885,33.853241268387585,35.64498609728656,35.675219292655186,35.70636069316979,35.69821179705843,36.36681883680282,36.095688751681394,36.60252499369441,34.732257159810736,34.761010374142664,34.64145682547863,34.07279863001003,34.06844511916746,34.77087468334494,34.629796495559695,34.25270939349488,33.87351437318528,34.052431718732784,34.00389998409039,33.556963758263116,33.09097169585844,34.45677829039356,34.29164589581977,33.87703188860039,34.32658702655226,34.55192723540996,34.68791810905968,34.6180685569835,34.40141391032806,34.408159874135926,34.66327146240655,34.48304551807789,34.41837642126418,34.081991555655705,35.23262747471025,35.70061551116755,35.93254243910089,35.962467914179925,36.46614909971004,36.247966908694636,36.362530594860715,36.56554416012377,36.1396978229786,37.512287806243094,35.94916932368083,36.321977511799474,36.328160437243355,34.10851433663058,37.63946950442119,36.65613082347304
14.0,37.398966826937105,37.27995914292404,37.1396849025694,36.21437283502522,36.120824202112075,36.70747332682618,36.8297446193678,36.112250621548505,35.58599671411878,35.0455539029334,36.90123520346533,36.98910526025099,37.28256608835657,37.07893613542564,37.02559155924504,36.94687578808348,36.4054799506403,36.974651168973786,37.08430223049609,37.12726917881116,36.95628388475761,36.57024968302415,35.76135105079097,35.90365074709704,34.764766954126095,34.92711178293483,36.77178674140243,37.04775307470682,37.215699091740106,36.22524862584081,37.14386758761793,36.784558181380206,36.96848403426847,36.612491386675586,36.7100121336597,36.72631170789284,36.48342117637226,36.27770143899406,37.53048767336633,37.82546607822093,37.8983961522647,37.522970898001624,37.018209515518514,37.17326515000056,37.0716383875031,36.30724760278556,35.8011552565426,35.86685863974264,35.52432770891084,36.02991467968974,36.71410110468325,36.93378188247229,37.03659579507368,36.82832458597816,36.84443426547845,36.85027875302346,36.65571963616137,36.87966934806826,35.3860617672053,35.021115266281136,34.903452561379964,35.02857853030641,35.175966183727375,34.95177793734705,34.64188879708863,34.51336570739818,34.93243697075781,34.558152251456406,34.31066722616646,36.147928974150474,36.179634029941816,36.218873712189776,36.20242914760085,36.91085043057786,36.61332982718502,37.179494313104755,35.23673724107328,35.269880677525954,35.1438018962158,34.55713552758122,34.546388919919416,35.280723959051315,35.13787594314153,34.73818759328803,34.35558328701172,34.53844642555088,34.48745617058803,34.02273869440364,33.546245251758876,34.99842131063391,34.81620899675921,34.37642907015224,34.83850952122758,35.08065948676719,35.21499469318119,35.13534423861699,34.90234073996525,34.9284501828193,35.20438019558659,35.01991099082264,34.95262443832546,34.592095915937236,35.833203019073764,36.32113872739555,36.571400204033665,36.59308694968191,37.148545514952005,36.92179844169063,37.049640736135025,37.28832836427917,36.83553871966043,38.33030310313236,36.470559073232515,36.86915611550141,36.875328610746436,34.58407684852893,38.08409071500503,37.19418199623269
14.25,37.86282790152941,37.73317233454937,37.589202424899035,36.61368376272618,36.51747990045566,37.12509581799494,37.2550380250824,36.507399824926026,35.962911640935815,35.40403251586741,37.33091734592763,37.4247697616143,37.71428272470025,37.51270667920942,37.442228847634716,37.38004381321182,36.806514589501965,37.39463987727318,37.509350637046765,37.55974783869819,37.38344109773491,36.98062709517242,36.14340706252745,36.29385106140222,35.11018044946952,35.27779752972053,37.18591920501472,37.47281152479058,37.64442671761438,36.62061674238223,37.56674390313698,37.19974595296771,37.37926257181014,37.02097671864794,37.12095915506804,37.13783868307878,36.88596741719825,36.672868510748586,37.95470162496557,38.245351332525246,38.31802365746538,37.91988656220322,37.445389045317576,37.60080071675755,37.49255513179015,36.70489489916907,36.17900806393524,36.24480160957864,35.88550691696271,36.41338041750374,37.12070819212008,37.35330211235671,37.46236507881095,37.24732755183879,37.26712478768584,37.27178106245344,37.06930574409855,37.29424173959148,35.751059384345425,35.368138788053,35.24854776046035,35.3769312789977,35.532501385011294,35.29958897625084,34.9802005664403,34.84603069791447,35.27425667061884,34.89519732014512,34.64043428483072,36.55852472688102,36.59077380534509,36.62520417846381,36.61486810280687,37.359276229545486,37.0421217882515,37.609372459349494,35.597150339314375,35.62935938839144,35.500884988579735,34.89435349355839,34.883329073421265,35.651203833478036,35.50553857182819,35.09379414961569,34.69525311230225,34.88550993129526,34.832684733268806,34.35390442689323,33.85766020547652,35.35392988219669,35.1692316947367,34.71655976884601,35.19207547317862,35.43742337062394,35.57680352210788,35.493676722125045,35.25310252702138,35.279059883218515,35.56240746451935,35.3735348299938,35.310975724627596,34.939556681344904,36.20648352626698,36.71364925152026,36.97135725764571,36.99973972639341,37.5735192598397,37.32879240110398,37.459091748664825,37.69873292823012,37.2303534197635,38.75422308973296,36.87401959396235,37.287657566414694,37.294360496395335,34.922046811774635,38.57515403521913,37.63831878731506
14.5,38.52645704276041,38.3640808123221,38.22819358842877,37.207081089340114,37.10754209483613,37.74798440741453,37.87843580076819,37.09930263135869,36.52707504215874,35.94014701202229,37.94055859642706,38.0439738696147,38.36093859631369,38.156668520763354,38.10689937109995,38.00935617763715,37.421853319450676,38.01821311471164,38.162048257171676,38.19168064265953,38.00619154384438,37.5879569401819,36.71335441520012,36.878161583341566,35.62371959860241,35.80225846205468,37.76388625714966,38.07610799517205,38.2583137828429,37.227905492266984,38.19122852643594,37.815327666695836,38.06355026387898,37.678642411254984,37.78138034789361,37.79609089599204,37.538760042453426,37.30979218883201,38.70241345766113,39.040064267480595,39.14051864448388,38.72577861650861,38.10570402155251,38.2295463025592,38.091279666923214,37.317736455916354,36.772207973049305,36.85494008081195,36.490159247802865,37.04515261722794,37.78289333722703,38.02615659550415,38.12688884764382,37.871754691009144,37.91139595439561,37.9029550545511,37.70452936618519,37.95083754587753,36.40849290085394,36.00076354826794,35.86866370316223,36.00976639645788,36.170629809505755,35.9183210448746,35.56087393756643,35.414929382320366,35.88472835496166,35.471039690242435,35.19749200275416,37.168651399105045,37.19965711975506,37.2134781924685,37.22646879306124,37.96474501923932,37.66461435052078,38.302108917380636,36.21733602874344,36.25865503108554,36.12180720600651,35.47410243649218,35.45898661819008,36.23567097150393,36.04504823214747,35.5593147177473,35.120849930135996,35.346772794592894,35.29126023534829,34.7362177077881,34.193206940558014,35.62718135123137,35.49660876299917,35.10882306313333,35.66269108725395,35.97361157806082,36.15134659667723,36.07637257185891,35.83791387604094,35.868104437618506,36.09682239452697,35.9134371199106,35.78118577450803,35.35827704058922,36.80607192737094,37.3727457729432,37.64786880192239,37.68076267878123,38.32402279658687,38.00115592191153,38.13040225418504,38.355111473077805,37.861724931290176,39.481977855606324,37.491956944719675,37.89548241913934,37.89987927393767,35.50098833761079,39.21119341970461,38.300828496735676
14.75,39.64087221704446,39.46341264524681,39.31662210092902,38.228561678493314,38.123747366705494,38.81980212499332,38.9564139937132,38.11982474015408,37.49847425867365,36.861971519505246,39.01112282491772,39.12368738253579,39.46880241711666,39.26842243384221,39.247156871399284,39.108406787930605,38.493663444809734,39.13713734641623,39.29886159573749,39.319688613894556,39.116043070404885,38.66651610582017,37.73199394094386,37.92267581912949,36.53669773007994,36.72975897632243,38.86545136164014,39.19851529782979,39.38898686480852,38.27869399094777,39.31846713343415,38.936644061303284,39.21272385660243,38.78749857247245,38.902224842520525,38.9168459064225,38.631497593272286,38.383594760292695,39.82446692744305,40.16358221181932,40.31201703281968,39.91671476741134,39.269291144857604,39.40440013526782,39.23749414640253,38.39389830073341,37.804812453493795,37.89224699366285,37.50613479603237,38.12398453659216,38.945638505076225,39.22277360282408,39.335870970047466,39.03247829774502,39.080552617852724,39.06703052547764,38.840843025322364,39.12138652777595,37.499152100202224,37.04245111678648,36.893181544920864,37.05213121131078,37.22862835772125,36.943484709389054,36.52841713531998,36.36119187542998,36.884909403797394,36.43296928243837,36.13120191208123,38.25345297404364,38.28535433417904,38.2900772260463,38.31451751160498,39.088428205525105,38.76785088489796,39.4557630255286,37.248648937336604,37.301286488489374,37.153093608679974,36.439798349381874,36.4200498427015,37.2345223083251,37.010472695147584,36.45553672189277,35.97436459091493,36.24328620823737,36.182404823022935,35.551015452855246,34.94722625630843,36.46756156062818,36.33683354512033,35.933527951310836,36.54942742716283,36.907324804552076,37.131627102839005,37.06451735486099,36.822098229848116,36.846243679500866,37.03184108286647,36.81097180248144,36.657557572880954,36.20134148671388,37.71500904513493,38.37309641498443,38.66416417812025,38.724786549051515,39.46646851615473,38.9424057620557,39.04049725553784,39.17321059901096,38.64818453422706,40.17751858491336,38.57331110681398,39.02206353852146,39.02610267328082,36.46777969514928,40.3436748260502,39.44830437207476
15.0,40.27853940501746,40.18151706583652,40.000967469958866,38.95029668295089,38.840765730694876,39.590369524062844,39.727331765129854,38.841902326004025,38.18485469481892,37.51235678440716,39.76648312402213,39.880409959150484,40.26376158562322,40.06288159326788,40.0687229421855,39.90340785661253,39.26506830771138,39.921120809416955,40.102963513940836,40.13553751543181,39.93055437809555,39.47188841077047,38.51073434319555,38.7425267468492,37.21020611302792,37.409907686700414,39.69300239569952,40.059042515823265,40.25467679405585,39.03069351330872,40.17957645616902,39.80190781859126,40.0468129861371,39.566564114906235,39.6854400573625,39.698655134416114,39.391844433155825,39.145194282886116,40.39572811603282,40.616374736727636,40.80816872567331,40.40118762577685,40.115506165618534,40.246270594434456,40.04525393144688,39.20441748477535,38.58374542582479,38.664179659464914,38.26012210319734,38.95560889709987,39.8874680269354,40.20872995675438,40.32388548535977,39.95962258664251,40.03352724957922,40.00563780716195,39.740782593536004,40.070614019654705,38.43342718118507,37.92161883802177,37.751079232966674,37.926277490336105,38.122497098440675,37.79814831735019,37.30600258532813,37.109327522433496,37.70270507923369,37.2137265167506,36.8854514461467,39.129949187727924,39.16094258152532,39.13604261577484,39.19471654834962,39.965354765151645,39.6155271577063,40.21452536506948,38.107558043422934,38.18181841242793,38.02692849618454,37.24162311489646,37.20872865099743,38.09719937946417,37.833061527070356,37.19647356438022,36.66828250529413,36.997235303054914,36.93112317339696,36.2019071069051,35.51457727868057,37.02137118556195,36.93274083880193,36.56350775300983,37.25084508938103,37.6663752248084,37.956054960979245,37.90357998567878,37.654042361066566,37.64918440529825,37.75097845654369,37.50639523031877,37.334017142359905,36.84768683780083,38.37881931694712,39.11191626205439,39.39520283666712,39.481481743191964,40.16235492930557,39.57980611933459,39.64040346652254,39.655373785594804,39.11197996293326,40.44908679201458,39.36084372480675,39.89152944414623,39.89458906461333,37.253728041312364,41.137926468440774,40.26626651159983
15.25,40.30771507876325,40.20580548614992,40.01880458458755,38.99355728940636,38.8855992430209,39.63150167833297,39.7603148553958,38.892833580947766,38.23322116248868,37.55815561272913,39.79709234704268,39.90265740921444,40.29842736670881,40.1164295892545,40.14098530133599,39.93334951730235,39.342667600115064,39.99683356528616,40.173306984481634,40.20355485991031,39.997489518643214,39.55314790703221,38.61593344598009,38.842817808271846,37.29656972984006,37.493744435458005,39.837988526433584,40.209113491676824,40.39273503749151,39.10565317144959,40.31162802803491,39.96198856462444,40.13833843651831,39.646461333241085,39.76903809953378,39.78184667619726,39.47464232435561,39.23353305346139,40.45291542590549,40.68338706551449,40.91711742537529,40.49566472251896,40.19904312534146,40.366019897601845,40.17525910746897,39.343843553113544,38.71059162628782,38.77632387467643,38.38050669772153,39.104136487672896,40.02385859829102,40.3412807477195,40.46683308310783,40.10216243093717,40.17211135556253,40.14266132245553,39.87173211411693,40.20627410270839,38.68862390821894,38.124473758580336,37.94609681508068,38.11573705656143,38.347204401655866,37.9934750378883,37.45030860159826,37.24044958370019,37.858453333035605,37.35257137433039,37.01161481000116,39.201210728781675,39.23687564229394,39.22549101679549,39.272721962489165,40.01189439875926,39.66601137017516,40.25008912568215,38.27216150338831,38.34954504086491,38.18638807686002,37.39273327801635,37.35237498524247,38.29016243905633,38.01258884826043,37.344575553996215,36.81587772312676,37.20329254300705,37.1356533568366,36.3247562379629,35.63670214848808,37.16400442199511,37.078088147629245,36.6975032003762,37.39631404844653,37.83435509925504,38.159796961409306,38.08977386254263,37.81941868854204,37.80195674412447,37.9006661477834,37.64995649726793,37.472793648729436,36.98152601373511,38.50817132480697,39.26742299171706,39.527637513522855,39.593547213597944,40.22844812149363,39.69632823072269,39.750363507518514,39.738469102907786,39.19156882123544,40.48437102741977,39.45272215339528,40.04347409147251,40.044546556436075,37.39313645012946,41.0794144649746,40.28996522780045
15.5,40.441077697686204,40.376668519911476,40.18288248736296,39.17638606063574,39.06571035558562,39.825309903237404,39.95698637468804,39.071680823772965,38.40311706732047,37.71900619562087,39.98698139323937,40.09568886424663,40.49801271833796,40.30670586808855,40.27955442379454,40.138833815461304,39.510963127883144,40.13063941345567,40.301714979071875,40.35528976743541,40.16715746338196,39.73478036091529,38.80509564600964,39.05566452391433,37.45948002600735,37.657750732053984,40.040213844808505,40.419398144684415,40.59989226062878,39.285774884338345,40.517447632694406,40.147376171721206,40.323566493912715,39.880352314773866,40.006103257360515,40.0193160099511,39.698665938241405,39.449885435607094,40.64116772123463,40.837628172414114,41.08682700314619,40.63134121356491,40.50393341528135,40.71076763675015,40.51958166320351,39.64438337147681,38.97289947447947,39.04338815495615,38.62842305987633,39.363046076999495,40.28638503009216,40.61950964346025,40.726398197124176,40.32742646513872,40.371105551559005,40.35154881885106,40.10868400337204,40.452415455197176,38.99035200571648,38.40587939505597,38.22264173244887,38.40053679935427,38.63621608372198,38.269929021179834,37.70431086506002,37.48748493838254,38.13407994450349,37.61193487522713,37.25473261472992,39.44400554194898,39.48083327708719,39.46604110590193,39.51835945473421,40.16770645586809,39.875471649347084,40.42404431705653,38.57106005855775,38.65576344075781,38.49664764489403,37.680889972973695,37.62534783242977,38.64907564029523,38.379931413738376,37.73110054684809,37.20109488074681,37.62672326428716,37.55693158589497,36.7059244726294,35.97931113218174,37.60055860281782,37.48369772238821,37.042806706950955,37.74537449680232,38.179578666740355,38.52307679278289,38.434697703354225,38.143377747186655,38.1108262278564,38.219851940559565,37.95088802671292,37.79374688285404,37.31989826055098,38.78523165628551,39.55751644356741,39.79862397849753,39.87282120365716,40.38539274898121,39.942238152883185,39.98528534002354,39.93727526124315,39.3823556525718,40.61444273092295,39.62545919667126,40.24516187281874,40.24882803678222,37.65441577126656,41.315591994427,40.49427905256916
15.75,40.41210015810248,40.32471947109026,40.13988366537489,39.12422290300938,39.015923910986125,39.78207208357723,39.912500751507245,39.02337673046311,38.357243834532866,37.67558070155033,39.92512358569781,40.04218069721889,40.428971202173955,40.254264546300995,40.25448944222663,40.10430056541693,39.46952065838488,40.09451970908829,40.27462622945385,40.30719220965218,40.11472959439044,39.682161769332076,38.76008426180737,39.01172176759437,37.4199025195052,37.61765921550915,39.99034472440743,40.36267444408939,40.529643753357924,39.241385243955406,40.44964403722343,40.099560397376784,40.29695852891175,39.83990972766026,39.96005930094025,39.974153502714856,39.65377879418404,39.400492439499644,40.58958787470336,40.78900524107743,41.031053068367015,40.60027722386332,40.45348710381309,40.597594200581696,40.39047427310643,39.53605149751477,38.86326683772852,38.94029169314112,38.531766803660496,39.25480942778069,40.20027991793007,40.53988539256085,40.625778321837714,40.22400708507726,40.28513279422151,40.25453721578644,40.003062494456664,40.35709564290974,38.86609076884821,38.3042441484663,38.12070722502328,38.29466341552829,38.522515564005026,38.166558017061426,37.61624104687893,37.39892621267522,38.02952732170001,37.52495253161331,37.174568109206014,39.40637113628193,39.441903152066985,39.416841870438546,39.48012524919791,40.10590836342262,39.80467655983849,40.3561699438729,38.48293589372711,38.5742216114197,38.41847144130944,37.588171087349245,37.53649129636425,38.5405724673489,38.25802314182695,37.59552656468112,37.06385032596808,37.468889540786954,37.399941615952315,36.58372901356724,35.84222790857586,37.398861692588,37.30496778929991,36.89630981379148,37.606815357580224,38.05234075771084,38.39372572386555,38.325252235598256,38.04752694517879,38.00481397626274,38.10199154692954,37.84427524283923,37.658626759602555,37.176588721021005,38.68603920850737,39.46632751037103,39.723419030417425,39.81536859287916,40.34237874997644,39.86028706172526,39.90123001790944,39.8451470472715,39.29437852787319,40.545804278792346,39.58194587582849,40.203963332829716,40.20845499950829,37.56646323180932,41.24195281031943,40.41854842761006
16.0,40.33815253007427,40.24427766489936,40.0586846275621,39.032809942283784,38.92478153687487,39.6852847062622,39.820530384169594,38.93227910990475,38.27070435935287,37.593647875923175,39.83782455080435,39.9556110371482,40.33710376201995,40.15838232895681,40.17038983718015,40.02590144466968,39.38193016897526,40.03101572170726,40.20281877493153,40.233028314596844,40.036605448269945,39.59981624320502,38.67382763680032,38.9146750266566,37.34408139330012,37.53966311905262,39.91363461314878,40.27439571416441,40.44328554510223,39.14811828336392,40.362579606443475,40.02038439113351,40.18105287639634,39.72233708263625,39.832396594417936,39.84881574298792,39.534471031241154,39.28064630297072,40.48755549486969,40.697451639751755,40.9162940122105,40.48994910143806,40.32326430645351,40.42184177674409,40.21945487294348,39.35387434358651,38.69598329038627,38.77370335667074,38.37037351433335,39.0842545991349,40.037209413838085,40.379074698142944,40.45433498912306,40.08393206810273,40.15124096176531,40.12044349248354,39.85288351216167,40.20466511063632,38.63068934352014,38.0777838119209,37.902745455197035,38.062706886640214,38.2986270681827,37.95335208033866,37.432067594211254,37.222013334547235,37.824068656797934,37.33534010685286,36.99883698497321,39.306730468702476,39.34112854511629,39.31958842653054,39.37739757346551,40.035626416016676,39.698194837172224,40.26688267406586,38.27486497901817,38.35989526171888,38.208303287359406,37.37728364750844,37.338555187916256,38.32001814911606,38.05741757074232,37.42936751812596,36.91503189273933,37.28878980022136,37.221449059630935,36.463823897643024,35.72748106521808,37.28943897879727,37.18016957874995,36.76233389233028,37.44444439353023,37.86529197642282,38.178231975075924,38.10861047211484,37.83662136289729,37.78318177248137,37.92618301963253,37.67913064608606,37.50823579098654,37.037014737599094,38.53622690198551,39.30224312921671,39.57334870665605,39.67957131482416,40.23409339588781,39.72694816500031,39.77450948872743,39.74474674773022,39.19784643661614,40.48789160350302,39.49340405358808,40.12758307435721,40.133113495453706,37.373382255144364,41.15399046584015,40.321676194090195
16.25,40.265169003950795,40.169841342981684,39.980879796587985,38.941582780823616,38.833842068797644,39.6012662440409,39.736531114844475,38.836186905762716,38.179426041364344,37.50721598163752,39.755375314644155,39.872753938716635,40.24344450711864,40.06042330222155,40.08493719376032,39.92876282477614,39.26441346066395,39.913144130096924,40.10495147630468,40.12600601827562,39.91545280164612,39.46087774113844,38.51417967345304,38.75922679184506,37.20861486956303,37.408254676590644,39.678752822987924,40.040741462235346,40.23159639998505,39.029734012547124,40.15653124306403,39.796060493139045,40.078211021870935,39.58581374427079,39.69243117833042,39.70676152399505,39.40210942957847,39.14856169055677,40.38172808893997,40.60418413127391,40.80170410934788,40.41867179294376,40.145553987379934,40.19578597847402,39.97536099810347,39.14557778344616,38.532704029802204,38.60559680950589,38.212523599938024,38.89987235965749,39.864315436458654,40.19960945128636,40.271863899978115,39.89599338855071,39.97794746912048,39.94531270301904,39.67428600606819,40.02712093652856,38.39043031641673,37.89141792347772,37.71723210860725,37.884139560164314,38.08350537197403,37.7629951199836,37.27503086618414,37.07242912854933,37.655222314295344,37.18422643761707,36.858785738846706,39.16979088885371,39.1977759286774,39.15647520815148,39.23168607264316,39.94992915669032,39.589533395889475,40.176058907482336,38.10017731874454,38.18812378043356,38.03774980359293,37.21622542839806,37.18279677701703,38.08412730540967,37.816120151529134,37.17104259769061,36.64828279027695,36.974429658659375,36.90844880975071,36.20464516417089,35.48086293011844,36.93350683799922,36.86409350045202,36.52490028278147,37.21352349776257,37.638580604396026,37.93377316884279,37.8918542376065,37.646213097986845,37.61319609067519,37.71597336303947,37.485545593962385,37.302168082546956,36.81010251709408,38.36491242404839,39.11955250567369,39.41536771320669,39.526799831495914,40.16249605780499,39.58281075331535,39.636993057734564,39.634980307647645,39.092496122548994,40.41644828759479,39.35933160598408,39.89745699675534,39.901837235491705,37.222709471100345,41.0796883446551,40.222108005168565
16.5,40.22875098984269,40.10629524910502,39.92222572061943,38.837412986470085,38.73342550923002,39.510388157778834,39.647678124367694,38.732921472719,38.08135393007458,37.414337673952,39.66074801723302,39.78935122906227,40.10913707200248,39.97856388361386,40.00268160024872,39.831709068866886,39.1511898782606,39.80051679754811,40.022384536139825,40.02850822689275,39.80361982087318,39.32956650780269,38.37691620264839,38.619029309443334,37.08877939026668,37.290306161582905,39.4891647114838,39.85211588846317,40.03777185457137,38.91404195931634,39.95904805944485,39.62283762328357,39.97430152628312,39.44724222725042,39.546826841264235,39.56007703136604,39.26835212372074,39.018893130199956,40.26798329440644,40.49630486683667,40.70397691331731,40.342440317963025,39.96521690810837,39.9704236419957,39.743015936258786,38.966515788771055,38.36860907230148,38.4375500329569,38.04419334906899,38.72845585423203,39.66608214483404,39.99370159778036,40.063683249204416,39.699842839082244,39.79485480031386,39.75635030818264,39.495228825029656,39.819536880017644,38.247088208849554,37.750009800891185,37.576570434257995,37.73417152540004,37.941201690917566,37.62221135583618,37.13778060176459,36.93256643305727,37.48853561711901,37.046696393939165,36.72804510362332,39.030862328856976,39.05728009973917,39.00386035140326,39.092075778170596,39.8277520760069,39.466015131266516,40.047135333075964,37.96222957048586,38.04961246883305,37.89618242175037,37.07369402504364,37.04334325299655,37.93146575168903,37.65074956650701,36.980923740490425,36.44394691996374,36.77198650257019,36.70661335881681,36.000463150790125,35.28548721611557,36.64813699588771,36.61908403907803,36.336436418923455,37.03418326526357,37.46432387074453,37.76772800810451,37.73469919302476,37.4946154009662,37.4582393195451,37.54458124741871,37.33397215190115,37.13757805094577,36.62994102042775,38.21576986582572,38.98747720552532,39.28994222804076,39.40107598678529,40.08831145350417,39.45737393035075,39.51247339805725,39.50893652116298,38.97148669746252,40.29034837944378,39.23865561893801,39.71553358712959,39.718323282450385,37.08406116748367,41.02223268108445,40.099642821039964
16.75,40.035586965927585,39.87687139475586,39.69953121540597,38.626419235873264,38.522666396032584,39.27177460741072,39.406810495759835,38.522516418529065,37.88134495342726,37.22486151964143,39.4261136413476,39.54301320807098,39.88250484091791,39.721489581990056,39.74611601352468,39.59616827570856,38.92845900215968,39.56436792965528,39.765567064416175,39.768244980306235,39.54604420375393,39.09291334809352,38.16384331056168,38.39858132239228,36.90412001012481,37.102621972794,39.27288934698205,39.61878992797713,39.81251731837016,38.70125936037144,39.7401098978227,39.3924400968458,39.730338749318456,39.25286834864574,39.35329113021212,39.367081624896656,39.0738851954314,38.81784922893018,40.11074203198379,40.387951397337545,40.577073312710844,40.21323937152674,39.77370393455896,39.76934733665101,39.53940910819204,38.72770614828714,38.15393358514073,38.213845935592204,37.84338188722741,38.49051836401114,39.40992634656496,39.73378321849893,39.79025351525756,39.42263630504071,39.49510801247819,39.47118741051509,39.21588674599115,39.55467956434792,37.97580123708371,37.50663676664751,37.34038766988141,37.50141130582614,37.68725946780375,37.385323397308845,36.930615213315335,36.73293170666741,37.28097251628983,36.84502167380506,36.53187187237425,38.80446573810187,38.82846320364541,38.782313505159244,38.85956984470866,39.56822292952729,39.2088995949056,39.84519075206897,37.73733091516899,37.82095667337948,37.67731948721293,36.876209590059325,36.844429521405566,37.68970430702885,37.43039251037134,36.79668096998118,36.2937697326992,36.5997066165083,36.53596448512267,35.87606999044585,35.17099661642079,36.5513029044143,36.4966286084022,36.1995291418102,36.86805920648107,37.28643573774802,37.562024782594904,37.51877522349138,37.289314531058785,37.27510002294003,37.385271157588406,37.18091500660146,36.98665455637132,36.48625350488807,38.09054836259698,38.85129006502619,39.167013238124156,39.28955692331852,40.02813202594843,39.34792984075013,39.40814972702556,39.43354837279127,38.898814155143555,40.27486244156082,39.01338862922371,39.49031221272988,39.49467507193924,36.8820796405498,40.67831189631306,39.844723298608216
17.0,39.65540192829715,39.50036814964836,39.314904021433115,38.261933291116094,38.16307839930415,38.902261790598196,39.03155053712104,38.16177741787274,37.538379819932516,36.89980669180427,39.04981344574567,39.16067039820711,39.463240987845474,39.33305730207942,39.35747692804421,39.20530881411722,38.546080021057094,39.15046201477344,39.3607007497686,39.36103445775036,39.130513361941425,38.679993102156494,37.77733396390125,38.009277544972484,36.56238721142751,36.75915602278109,38.81099225877756,39.1522995286299,39.349489044980004,38.330991596892844,39.273674735980464,38.942749428805335,39.36301809313731,38.89039462749049,38.98556647516722,38.99724076023344,38.72057294194074,38.46410148007543,39.833476477715315,40.17216210409245,40.37019743527017,40.05738861052513,39.369414484716316,39.33222532696073,39.09755520943682,38.346780967443344,37.8165718892748,37.85842572917485,37.50728269774582,38.1282847230362,39.01808110345551,39.32787901835207,39.377148454360935,39.01379641138466,39.09049937299836,39.069145361711335,38.821692944399175,39.14609871573283,37.62526854051701,37.18111321071512,37.015804965881465,37.1724365912676,37.34759597468494,37.05694353995248,36.61461861416052,36.42246806911006,36.94172853719065,36.530543620676944,36.2248467010268,38.41235939717209,38.432476990317326,38.3736506788628,38.462468887506965,39.171028279459904,38.794474777617076,39.33575144007364,37.38913304290338,37.47680756730429,37.337147509548345,36.56039254128473,36.52932597491535,37.32981238930676,37.06856387821504,36.41814315818368,35.91901649304766,36.21211457256294,36.15028247750392,35.51226714790418,34.82890244595072,36.091913641924,36.08069394517879,35.85789833850486,36.518806709338975,36.93882454169439,37.209346767026084,37.174624117880946,36.956337753244625,36.955497646135846,37.04379013218608,36.86883435832742,36.668550213444064,36.151036608596144,37.794255095750295,38.54869107676342,38.87204991263586,38.98456343240343,39.742603155395926,39.081802069867386,39.15480962943184,39.218074378577,38.691261622066605,40.10926339913324,38.621533551339986,39.03202395874446,39.03479541416449,36.56696350417944,40.24110758122693,39.368068246661274
17.25,40.2644261589751,40.294034854993285,39.98063605955109,38.911550512394335,38.799006485361254,39.64194639719739,39.816247074489276,38.77195518464807,38.11863501316516,37.44966014294273,39.85356792121288,40.027559406525036,40.249950838257135,40.12656054512666,39.912665056899144,39.967132478809724,39.08306644558092,39.68813281585182,39.8999051817146,39.92098038723823,39.6760832647793,39.199900418348456,38.24019483156287,38.455250324236246,36.99351022824918,37.20173264379219,39.31637091348249,39.68656911038829,39.923796651206196,38.85580364287525,39.84516148215508,39.465449244952964,39.83689145838528,39.30595077180558,39.40309940199654,39.41420875463381,39.134597684909366,38.895344522752076,40.13249433970587,40.39279914768597,40.577553428595294,40.193253222478276,39.761697104426034,39.69942413610388,39.44905720036183,38.688768387609315,38.17537318719164,38.19537697893751,37.834818540007376,38.484892741950326,39.38485736065431,39.70111076605431,39.77021969646421,39.40754748017861,39.48684749436674,39.47248731433804,39.21153195825898,39.538405004249256,37.985455259286454,37.51145898311949,37.34779277516057,37.50888347123872,37.69593526126542,37.39354371029648,36.94170401236489,36.73917875879539,37.28347431815182,36.85284604867844,36.544948431357454,38.84931071694896,38.87004641513919,38.814765828089634,38.89964189855374,39.70820258773271,39.27686690467744,39.86129253723521,37.72567891165868,37.80224474571325,37.65591786584359,36.86620455227506,36.84281427570107,37.643574457385306,37.38605003716388,36.714732799828106,36.19815041692846,36.50646505774494,36.44254586035507,35.763518178476616,35.068127541170945,36.33029946572883,36.334402084668,36.138756637466365,36.813898479620406,37.23960614518524,37.51935067862229,37.477989083514906,37.25958911895646,37.25650418305417,37.32356993929072,37.14084944363975,36.971109934200996,36.44000242870804,38.064415109915146,38.81926389267778,39.13363527228422,39.24444294248286,40.01182853767506,39.33712449464139,39.40769545799043,39.4671783322701,38.93023732393629,40.281133721313815,39.15789675171966,39.544773618326566,39.546294172838074,36.8902656290559,42.61683337169656,39.888226873558686
17.5,40.06187240874229,40.01376443690859,39.72152296717275,38.63797289696368,38.52987296834394,39.340220111037034,39.509549095656524,38.503064858289406,37.86294944330508,37.20743809390449,39.54411479233798,39.71085691644381,39.91471903511098,39.80215759695814,39.5889092023379,39.662022351235485,38.793677731542175,39.366904634474274,39.57509404947456,39.57864833326562,39.33007295108324,38.87152967579979,37.94867783004496,38.16424323375305,36.739553517059996,36.946708694572266,38.972727625321816,39.3350613567496,39.569650804252866,38.58220059065423,39.49555231999736,39.12753923663925,39.541482555652344,39.07102179338016,39.17204518992075,39.18034103157552,38.9006987714489,38.654784511768156,39.92535299656032,40.233970230140116,40.41388082140195,40.04531766167624,39.52474502428416,39.446647687025695,39.17412548754354,38.43286267354932,37.93949186973182,37.94561433624652,37.6088749323107,38.229113862978004,39.11364032843812,39.43481290314482,39.505637808143995,39.113736406654354,39.19285492455006,39.17827232248413,38.917138388857985,39.25127923255285,37.74847573929067,37.301445536764675,37.14204764596518,37.31678507483317,37.47141601250769,37.18261845471314,36.746286908394374,36.545362084388074,37.08097089999762,36.66982077407988,36.36233629461615,38.56859391073246,38.58536790421186,38.51625467181217,38.61406885082002,39.36284066295935,38.9399041899029,39.48114737569193,37.50548281951347,37.58318043049075,37.45196809788611,36.69788527648979,36.6658214343459,37.40578360984275,37.14059309125922,36.45403737756432,35.95054017739443,36.24503178747425,36.182276470636396,35.53127422210131,34.83935950351366,36.021728295933514,36.05224092260605,35.90341827800865,36.577058605082556,37.01795903464185,37.29162034343676,37.25827355149094,37.06687977775051,37.106211273207535,37.12613242187749,36.95816356015777,36.75793617822062,36.20947955866463,37.899157156988466,38.66209883014125,38.99075996778677,39.11649519497027,39.95865803536782,39.1966512513261,39.26895168713621,39.33616256907563,38.804412342297525,40.18842482767535,38.86136606830578,39.20370600393379,39.20530628152892,36.7101908036694,42.11751427760438,39.4977367062755
17.75,39.43825302777354,39.34492636182124,39.08586131544932,38.013771284520075,37.91429716663565,38.68226131410712,38.8434506271515,37.89118707786336,37.2810029126589,36.65574019140806,38.868630217978996,39.04037434681749,39.19436371048471,39.13085429059831,38.929779237250564,38.98399572367282,38.17451067206093,38.73717701933711,38.928749824818645,38.90905754288255,38.66671841429472,38.22415434793792,37.350278943175844,37.537576818207974,36.21236093415316,36.41130829754849,38.35352759233193,38.68720485870369,38.884742225516426,37.97418985994512,38.810315254119644,38.487595900981205,38.890928639080705,38.453469619953424,38.55510473257736,38.5637677843829,38.29418592982473,38.05420453691131,39.34574461142926,39.68210586924813,39.8492042215603,39.462852673082494,38.88237457454606,38.838940984501434,38.59180993284774,37.862651807047946,37.35744799219258,37.37506175835489,37.0462913691735,37.649569665496394,38.47881364400706,38.78196024227634,38.87210011855302,38.516991096702675,38.593887073782675,38.57280498428908,38.316689133418535,38.61489355583711,37.20058041629341,36.754463518344686,36.60302137531594,36.76425945517219,36.92762583761653,36.64372430221684,36.21690850768473,36.0244556637416,36.5225850967889,36.13564917459005,35.83723809181661,37.88124202937449,37.90344235374526,37.86346482198755,37.93207760548097,38.5930126258209,38.215939604368785,38.67584404364521,36.91162362704884,36.982896721609244,36.858214635002504,36.15858438287917,36.12893374355119,36.83891472049778,36.58186432112183,35.932071888022115,35.45429046669216,35.742648694684114,35.683244881785015,35.05814470541637,34.41879981696167,35.615004381695,35.61780452635086,35.42505750863224,36.059599389325975,36.472805714537124,36.734254843128376,36.69610179469699,36.50824881948922,36.55540543766488,36.601721109434415,36.431902801472404,36.23037383139882,35.71381276122432,37.33529179488531,38.061335687318405,38.37073180720694,38.474210653099476,39.27686051645226,38.59858879236764,38.67956563766349,38.769163924533785,38.26008115806596,39.67137805901396,38.23895634723955,38.56060945154687,38.5623401125923,36.17396149983893,41.36209258257103,38.719523485452015
18.0,38.98616339416489,38.894086820313845,38.645637657127615,37.59335224212018,37.498504143477696,38.25108721982155,38.40994393397734,37.473961764221656,36.883899382582484,36.27894931864904,38.42456573752054,38.60105556917804,38.71697953017936,38.677583316610594,38.469112253690334,38.54818271087425,37.73697730382774,38.27799547448737,38.465207835629734,38.44133065656595,38.206367399572294,37.774058708910935,36.93178439285256,37.119638779269216,35.83537940583396,36.029071677270366,37.88388572422807,38.20141596944657,38.38577771695648,37.54512191798986,38.31288131809043,38.01141630633569,38.43250842037894,38.01226408955066,38.11052294454134,38.11854393686539,37.85405730718241,37.62007905783435,38.838881288907466,39.13837486669628,39.293742031313805,38.93566721269632,38.433831714203,38.370564682134564,38.11847233776115,37.41206957812523,36.9195774877457,36.9384168128655,36.61496185999157,37.189658155899764,37.99844161675487,38.29908489535799,38.37991842722629,38.022516325424995,38.09667377509667,38.07588646502551,37.83405234540105,38.11847084340462,36.75292944524314,36.34265185670195,36.19612802819942,36.35714134546705,36.4982066340105,36.23308759181419,35.8326182588738,35.644711405059724,36.11586296550485,35.76079961999484,35.47486329741919,37.46600678738808,37.48591372109361,37.43932164738761,37.513700462516844,38.13464618015627,37.772809063445514,38.174408687865586,36.507358472866315,36.58031027003485,36.46490976555801,35.78639400895185,35.75597005559461,36.42444148573685,36.1719335729944,35.540939726982586,35.07344138241767,35.33916257913917,35.282062221144685,34.702102284165186,34.07387611175617,35.21605485846397,35.22340806513305,35.04366141403162,35.6583352542375,36.0551333131368,36.30812042944255,36.28603522474943,36.118041678555,36.166164252854465,36.18801496044634,36.01805907785983,35.82074951661004,35.32284415044028,36.87092271409353,37.581270942660694,37.886699046960345,38.00464700792515,38.79440137672473,38.0791530914746,38.14637132535598,38.20364356063028,37.71725527223626,39.01839089336492,37.79486128867907,38.08725173678011,38.08977634004274,35.7989365808308,40.90087186077938,38.244609425171504
18.25,37.49601804734722,37.411249406315186,37.195814239257935,36.262051600175525,36.173195046157076,36.836338902142344,36.97926824140822,36.1484405038472,35.6205304437954,35.078409143594826,36.998857877343625,37.158248959300856,37.28343099445001,37.22326790737385,37.006969757167134,37.088805376214644,36.3661804661941,36.83574529808551,37.00284909500198,36.9803504846234,36.78034821703486,36.405253534638845,35.64989530212265,35.80494951955474,34.6732801501497,34.84689916426168,36.49584448751345,36.788946559093596,36.9651143862753,36.200789775625836,36.91156705330544,36.62491401205265,36.969903493552856,36.60399102928141,36.69243320683361,36.69839257185097,36.4703725996678,36.26695307616371,37.400828617431195,37.69654207054837,37.83564291652104,37.47267044781513,36.95396432312008,36.910224852964944,36.69490694460358,36.09311872803912,35.6604158973312,35.691775716629394,35.40738614837802,35.92471908361125,36.61376171343057,36.86757130535757,36.94647313122064,36.63605880977612,36.70654348665314,36.68468359225701,36.48289175086016,36.73083991097869,35.54811544371576,35.15882262489282,35.02913492522076,35.17408492008331,35.31092830332824,35.06443013394843,34.693651014738776,34.52900821490943,34.97197711837805,34.622528108442665,34.36477445405278,36.096700130446735,36.11468826098187,36.07618116150072,36.139426247211134,36.694739098156745,36.40407411344686,36.83712888922737,35.28411192419505,35.34058025732333,35.23314550008372,34.63711538627782,34.613178220723405,35.187239351280326,34.95037016441309,34.376448402659754,33.95251944576486,34.20876133098669,34.15801389649013,33.592704953649665,33.03525355828384,34.02295161115687,34.04754460262471,33.91416605289446,34.4905565232476,34.86808592983556,35.10052139156397,35.07036770742516,34.92201764379324,34.97372281422678,34.983578199517375,34.83884578593985,34.63107060122027,34.17128417267841,35.63407335925448,36.2570947939899,36.521438962303584,36.60442166320558,37.313743038786235,36.72748259826942,36.80166529184986,36.88996763753913,36.45327374760947,37.71368509290097,36.42097442267498,36.67876317721239,36.679017625836416,34.656604929216904,39.28779125053638,36.86237003000187
18.5,36.92986928966363,36.86051085925338,36.643150792337046,35.75603511747256,35.67042668903838,36.31015338550641,36.44825564785593,35.64566794069433,35.14064281345443,34.621669719816154,36.46803678893618,36.618845671317224,36.73449527462925,36.67118350690867,36.465798324283675,36.555791363380095,35.85040828245428,36.30897775903739,36.4631950672541,36.442301103502906,36.2459751298848,35.88533745138666,35.16120173379981,35.30903788712392,34.23140128019015,34.39746242596401,35.98409667795042,36.26142297591611,36.42852536567649,35.690612641264714,36.37206138000553,36.089792050854435,36.423741914069986,36.06864875977064,36.15236724721548,36.15943519410115,35.936942920520494,35.74134732897404,36.796339757493385,37.0672918979838,37.186195525248635,36.85596875674395,36.414767977267985,36.36905924767572,36.16532983792022,35.56767302692583,35.14811398629742,35.167856558934666,34.894791383455185,35.37682522617674,36.052123950552904,36.297672238308486,36.36568951061983,36.07187397483513,36.131878273818536,36.115769918686574,35.91455328065958,36.161128027660226,34.979072355937575,34.62953615059317,34.506697879711304,34.64493775607378,34.764220467768475,34.53995808032729,34.204604048820904,34.04876904345973,34.46140170842551,34.14012582598345,33.89670103440894,35.5842139708555,35.60253000163299,35.57293728023869,35.625894543626785,36.15243601154013,35.85901414629142,36.25518466029183,34.77303058874227,34.82966120010002,34.72979701747643,34.15687264115465,34.13357604271391,34.69812962784942,34.484376429200765,33.95119441069549,33.55665583000733,33.77918089765817,33.73133815854277,33.23126352312218,32.69803145710312,33.68710428937364,33.69005785736947,33.532369201023066,34.06032598679775,34.40343311806938,34.60915356898293,34.583648070418576,34.438182830399896,34.48486074045997,34.52032347823175,34.37903280825783,34.201973202927455,33.77248569066279,35.13608498578091,35.720252921042345,35.97972788058619,36.0662634454614,36.726120157657625,36.182017174622736,36.254615117108635,36.344763334558664,35.927881114389805,37.123045012569506,35.90027350358513,36.15179104754268,36.15378559713385,34.17212783851269,38.67023416390112,36.287261765931476
18.75,36.43038499713409,36.364837286407095,36.143996225781365,35.31317651128242,35.23030034661941,35.83255331647722,35.96252826460759,35.209534077227495,34.724038321291026,34.22483730628117,35.993408839986394,36.125486303334924,36.25711172970915,36.18796205454216,36.00419769043144,36.06601254959555,35.41862235338831,35.862698374217636,36.010492665604545,35.990735922517246,35.79577729287092,35.45570044141823,34.76652644728565,34.90248777436433,33.86939168533465,34.02772319181965,35.57647801047429,35.85056656504936,36.01322255328883,35.2637193158863,35.953963057596,35.68013585717379,35.96098083476709,35.6230831878818,35.70508987461164,35.71185025567539,35.499287235189975,35.31652355349849,36.32145120322828,36.60238061267731,36.72807710769148,36.403401032789645,35.956887065711065,35.94348320706369,35.7606325837693,35.19591349036444,34.794168393692004,34.79594534645732,34.54353894407683,35.02463299168051,35.67789522974503,35.913353325272205,35.996515512554595,35.72688432289855,35.79044436901233,35.77193571493228,35.55261855094221,35.79833411016885,34.666164064913666,34.298379560895924,34.18004731113404,34.30921479494223,34.4444071985622,34.21410984247393,33.870208116554885,33.717809407871485,34.125872693786825,33.80370634478066,33.56393848069411,35.153056041706556,35.17278412241424,35.15143804042875,35.196061187871436,35.7061912456016,35.41149220796367,35.80056573653347,34.41245683964174,34.46328013598396,34.36529030046289,33.822236984247645,33.798143935267156,34.36428764217233,34.15987571347325,33.635312013287496,33.263524029413176,33.49443152862214,33.44821325002958,32.94167953824885,32.43655422111171,33.40444933417879,33.40788194475607,33.25051529175448,33.752562400165736,34.0883465749412,34.2891827944068,34.25069827793206,34.09905421217273,34.148815071608176,34.19822211616152,34.06821944223321,33.90279800446529,33.482529122327854,34.81017780824053,35.3739197437333,35.61763340314556,35.68792902513216,36.325334206437816,35.83023319296005,35.90720703896379,36.008745100100526,35.60353895192167,36.77412346996279,35.47170385460151,35.73472229602259,35.73593994448097,33.83439290205509,38.03632093131525,35.81001856181232
19.0,36.04711022983706,35.95291878657848,35.75052754102217,34.92377656801299,34.84478008674001,35.4292516559975,35.555710186201644,34.82357137803354,34.355123754470824,33.87318291649057,35.5757959446493,35.7124700228127,35.82260199858286,35.773256145563266,35.588825710893104,35.656961529202896,35.019799836322655,35.44229559294239,35.598125478109594,35.56439928855473,35.37442242896366,35.04571522618185,34.38352732191866,34.515329911400684,33.51983669580849,33.67380291390997,35.147055632126694,35.41978925622711,35.56814265280632,34.87131718858135,35.51366559861152,35.25846353916304,35.54611995544976,35.21934277614674,35.29562816150378,35.30118970605711,35.09891611269693,34.92334155651215,35.882117435329924,36.14930123094029,36.27583612942002,35.962196706417764,35.537651964277146,35.50485630487251,35.31995881349028,34.80853794261629,34.4069344058882,34.414217921014654,34.169367453221646,34.63589207535346,35.26501975854456,35.49584734120613,35.57201772320867,35.30440714647857,35.38119221488293,35.35109849326744,35.141014200102894,35.37677503799865,34.313614083439326,33.9541621646682,33.83927067191727,33.96459690175525,34.09648980196754,33.87153609783839,33.5340268560359,33.38397524026432,33.77850892880142,33.470368635362625,33.237950542301476,34.76154337546008,34.7809372810226,34.750341072587254,34.8057682317261,35.2628692411461,34.993918102315966,35.36092441425418,34.058979499105696,34.109699263807954,34.01700458591459,33.48947342370015,33.46520580458616,34.01469298707429,33.79880985757592,33.26730961317637,32.89760115019667,33.127330176120324,33.082783019023665,32.58075293423919,32.07983843863858,32.96062928592913,32.99259669373278,32.868371471670336,33.37233607434211,33.714630259737376,33.92129449881271,33.89373040847295,33.7538521851,33.798169040849835,33.81811876832216,33.698703847047796,33.512911447212566,33.09713084121287,34.406324166417164,34.963551846787006,35.198817617540165,35.27451587750674,35.89668546975421,35.38707110884901,35.45513955397896,35.52624913944123,35.138460685303265,36.239629508050186,35.06976374340154,35.308530332285244,35.30924904245787,33.5005367333238,37.5733909948676,35.373836977436056
19.25,35.738840326510996,35.686540809618506,35.47920454732211,34.74049482871002,34.66333072940471,35.231186388063776,35.34731613231739,34.65068529471274,34.189791416208045,33.71550719199075,35.35937553625551,35.484593823923895,35.62750615743272,35.56507426687917,35.436797393070314,35.45672155695661,34.87422037946433,35.29336489644898,35.430957921530336,35.38837796599235,35.2038070796425,34.89416001772956,34.25757195583742,34.39017143630317,33.40278026883864,33.55322065606407,35.029519603765515,35.27734019452859,35.42408138674229,34.72705995526304,35.37745045688004,35.13335935609737,35.42126964206355,35.10699845287738,35.1872664992237,35.19331981818035,34.98565805665199,34.80472062388796,35.77297064042274,36.06374575096203,36.19694901775671,35.90185410679303,35.436578618439015,35.41390541672881,35.22908707557387,34.67198476348318,34.287609751497115,34.29718524188395,34.0724189997874,34.524667941615924,35.1574729561108,35.38617457315782,35.45344881769643,35.1753910424883,35.23083344709796,35.212434952073934,35.00366302747836,35.258062822316944,34.21753693372032,33.871142520767464,33.753492860902654,33.88199451791078,34.00385938709396,33.78236244641778,33.443241163146816,33.293910923746594,33.6957931360514,33.381055396169856,33.14679209342719,34.62393116673332,34.64202487258991,34.62422700580781,34.66314754654701,35.07907574209448,34.8278580593525,35.21917558764861,33.96293831759935,34.02014488749667,33.93006092406694,33.40705150779236,33.3789026051981,33.885868035422575,33.67874689940223,33.170408360385146,32.82433367073158,33.05431344045092,33.01045737242673,32.52131176843429,32.02657158102252,32.94512248448304,32.943400433522285,32.79315412150165,33.28457868298472,33.626881870123604,33.829403438491376,33.797272433582776,33.66493923293846,33.71772384865128,33.74430302181004,33.61201544414443,33.41903988766865,33.01414060746364,34.32532709720214,34.88635895565835,35.12461069947547,35.2023541275506,35.833862451656245,35.29961896365855,35.36181645160401,35.43362027984801,35.049486600655996,36.168224754812584,34.92674976033528,35.18845191819177,35.18969911940018,33.41168575046683,37.25011392377471,35.20174635851695
19.5,35.74035447116738,35.684662653732886,35.48162706579624,34.747290956881415,34.671017870628745,35.23701402056221,35.35325651456687,34.66039057723901,34.199073613338946,33.72436070592861,35.35917083010627,35.487586677903636,35.627434237388464,35.575293002971755,35.44924427847768,35.471342286622445,34.89046048453591,35.30406822899962,35.44336748385972,35.396432238888316,35.21501656729536,34.910091325173916,34.282101695907215,34.41876752902605,33.421386560352175,33.571403050019356,35.04963422785923,35.29461910373904,35.43733928243589,34.74477826116233,35.39367089170413,35.163051330576025,35.44217295935307,35.141977207768505,35.22094311024967,35.22672411739691,35.01841967090616,34.83472078215834,35.80704962469445,36.10020385726381,36.24130031753737,35.933807277909644,35.47706765202071,35.43950436098299,35.24726690165985,34.69378646800612,34.3091664556369,34.32367310366249,34.10148706740096,34.561027717831074,35.19294016744088,35.428052195822026,35.49082462021704,35.20528848855067,35.2639411022169,35.242573689565155,35.03572266261768,35.29056512192235,34.28330408168304,33.92236141791571,33.804252753385,33.93230750653018,34.06216062271678,33.83361985731739,33.48359781478466,33.33052801124267,33.737428934981374,33.420985729294514,33.18468816109953,34.66300377994905,34.67977160308895,34.65484957324627,34.70097542703956,35.09547251885402,34.853650691083864,35.24562835645568,34.006970507075565,34.06502704340782,33.97710916402937,33.44822195904184,33.41911279612871,33.91829881585971,33.704409859744835,33.189993398162144,32.84188282078178,33.08632892626856,33.04201677336957,32.537696677750596,32.02958759667297,32.92692400375996,32.93359374058469,32.7959557702887,33.29888958968923,33.65237904379726,33.86565744844502,33.83205375338492,33.70547469849837,33.755839077674565,33.76854848880305,33.63678393000623,33.428240248535815,33.018960699420155,34.350589057969216,34.92811931752429,35.1655354057651,35.251715851298485,35.888390010441505,35.32561986014582,35.38201100662858,35.43817858993375,35.0541585356419,36.16453733300594,34.94568393720222,35.21707256355249,35.218191084213,33.45201872294575,37.243664872476586,35.226750279723326
19.75,34.90664026425895,34.86097995384479,34.66981657099328,33.993794650829756,33.92111878026837,34.449296426135646,34.55791498665426,33.90970623744266,33.480683211186275,33.038705704043466,34.56339004162837,34.68437668468018,34.82138182403767,34.76091803571246,34.6369293774548,34.66370997406205,34.117019208148776,34.501981395907194,34.628410137948954,34.58218185895802,34.414704140187794,34.13387035269383,33.54758113487756,33.669142067849265,32.75138490205194,32.89115114319792,34.267065711001266,34.494749960574,34.630356622085316,33.98178407266778,34.593094913929455,34.36873697046418,34.62553817682631,34.34059495567822,34.41333550156756,34.41912638665791,34.2266084897642,34.05730499111003,34.968252771815365,35.24778628204874,35.37276751551557,35.08361025820071,34.64664062411543,34.61093809241898,34.43676904241561,33.91827846509114,33.56006998951989,33.57708896071078,33.37235115820653,33.791535659807536,34.37449998353646,34.58751480637863,34.640374179792396,34.37948453707248,34.43022255278551,34.41208790620561,34.22427462344475,34.46464038770962,33.51737486705457,33.18875904695109,33.0793601228123,33.197940252591806,33.315803663198295,33.10691225575091,32.78773679982949,32.64805896333431,33.02840363970295,32.727716592688815,32.5090110903466,33.88546121133825,33.901867206617986,33.884849708131895,33.92119953266461,34.28169919190706,34.063654716316904,34.450322416273245,33.271415090037884,33.32489742576531,33.24228728052476,32.75021283258993,32.72480899023667,33.185441014194524,32.98845225615145,32.515918158240964,32.195542248658626,32.417805003404844,32.37686534427597,31.912386040350643,31.441439613153864,32.287261760516515,32.28709191480455,32.15168777329805,32.61827159164431,32.946849999392356,33.139709937788524,33.107955859031286,32.98945273021088,33.03449591808978,33.056804413611815,32.93350111171369,32.73680839506884,32.357970287788945,33.60672059466022,34.13288752803231,34.3539433916035,34.42918839274778,35.00803212570064,34.51592362731653,34.57352771156632,34.64110124195006,34.28450676754064,35.34969734291971,34.16780839013038,34.419870726095596,34.421063450758275,32.75601278596585,36.36541511357429,34.422338357209036
20.0,34.64314647741291,34.60885454712002,34.42323751628236,33.78516148557249,33.71217645907522,34.22808298337582,34.33320308189553,33.70218105774239,33.28192935993749,32.848849448737035,34.334050212722566,34.451936783079084,34.61116765971487,34.528919176889765,34.41738157100666,34.44202218700873,33.90886217109243,34.28481186006899,34.40315262259857,34.35353128575033,34.195054097941714,33.92832551306309,33.354869757175805,33.471090966940146,32.574803507979624,32.71118569962042,34.069918851045735,34.28873734058651,34.42534821742284,33.77700960959921,34.39712739349267,34.16731736248593,34.41195275125788,34.137486565675374,34.206188332185526,34.212757483135874,34.02416998704157,33.853935595627476,34.77456448135952,35.06584084967989,35.18121916821827,34.88510376807896,34.43912829086765,34.3877601819602,34.21667180374896,33.692460506841925,33.34207214434958,33.36898477201494,33.173940089834474,33.57146991093836,34.14008021331546,34.34565901425998,34.37806246413065,34.120472434200636,34.16219188300497,34.14796855427192,33.97537115074409,34.222412155885166,33.28532337726064,32.97229653025695,32.8654170545421,32.98066648783352,33.09299834582545,32.892821877068585,32.58821058358739,32.45419649326093,32.83294016270558,32.52753977614474,32.31403332685852,33.677293137566835,33.69313381773352,33.681117198737354,33.710936716769304,34.04003711384249,33.84122992520594,34.266994971998756,33.06530780502785,33.11900958236977,33.038750877665066,32.54848137682442,32.524724556219,32.97189433521473,32.78263036751624,32.33544584483058,32.030900697636014,32.245551791794604,32.20544788138965,31.75736178070745,31.287528731082062,32.12657178509141,32.1154712648256,31.974147874513257,32.43284503616212,32.75824087343678,32.94073995222766,32.90504082454208,32.78819976441116,32.82683809725097,32.86617999733545,32.74750240182138,32.54284139959798,32.174487839899996,33.42969934171937,33.9379843556547,34.15808808530963,34.23240336834627,34.777994038323044,34.331373807148594,34.393527844462476,34.479868222503335,34.12873686826739,35.24043375184705,33.95991244293512,34.221237393840056,34.22299969398273,32.55431439135568,36.09988890891718,34.21287702973716
20.25,34.1892006157042,34.15791949657261,33.98231179202874,33.36262811712691,33.29502333016271,33.79632950685173,33.897276273829256,33.28605682218934,32.88318842022494,32.467751039877044,33.88968166186939,34.01234900762179,34.13344120915038,34.089159601880894,33.978222285310444,33.99893046202609,33.486678778800346,33.849411441958765,33.96065259375655,33.90714252917632,33.75469101332025,33.49529393459135,32.952353494584344,33.06366558847587,32.205688332250375,32.3368054680148,33.6364489389606,33.835073103600884,33.954901203846646,33.35955666239541,33.92581330480264,33.73072536461969,33.97506060921959,33.70454750122136,33.773302106703106,33.77938762388117,33.596030690226215,33.43456876986101,34.301458557812516,34.566630115552925,34.69049182959182,34.42169470715639,33.99366609225929,33.95211518664436,33.78740793558397,33.27645858856781,32.937250389772956,32.968017871555055,32.77742444169532,33.169860514429224,33.71362004981501,33.91315652731494,33.95437384563831,33.7071537249472,33.746247159328234,33.73193467853484,33.565453331582596,33.790038097123904,32.92643362495963,32.6168187964172,32.51197374190232,32.62186476622242,32.73542261122284,32.53738641618217,32.232697897397415,32.10047757625875,32.45909758383505,32.172485581053294,31.966433792562484,33.256175123883324,33.27183573112116,33.264341995885786,33.28858494377225,33.592905777428534,33.40932443997041,33.77505502589107,32.681414632699614,32.73517261478856,32.65760381289124,32.18904934521315,32.167134453209684,32.57268774507282,32.38586976131043,31.952350503382863,31.6541448862287,31.870281287497857,31.831855278088383,31.39202505299798,30.945284565532294,31.762135960895517,31.74389265449992,31.5989801522231,32.0408261614447,32.35157768142825,32.53946318403691,32.512079489430164,32.408581221533154,32.442809604914494,32.46168539712483,32.33042509434028,32.13511224696013,31.788465076311944,32.95194029890027,33.453863090933005,33.65884793155699,33.73360255138411,34.26843812542597,33.78982888388754,33.83513618954229,33.88176755460303,33.551171970700736,34.53683288811615,33.535847259353794,33.7816880804306,33.78306846777944,32.19889239910101,35.64557687309757,33.75063693536864
20.5,33.87805044180859,33.85905733511967,33.68601265306084,33.085006717127925,33.01915358720229,33.510029646509075,33.61113012187559,33.01014384534316,32.6186499002447,32.21476350166145,33.601466671348845,33.725507433563074,33.83307658427917,33.7969820238286,33.67644929999344,33.71578806340918,33.20399232765361,33.55883845691401,33.65935147840593,33.61161898920711,33.46753365572677,33.21698201397923,32.69312641322327,32.79906301116606,31.966284143410643,32.09249342485543,33.37142814252184,33.55540073241396,33.66856596053405,33.08065659359086,33.639486545973384,33.45842658016941,33.67052323987573,33.413788536294824,33.47784505846488,33.4851223437095,33.30584332512531,33.14802503647638,33.986289963406314,34.235509595019664,34.354025451157185,34.08114964625186,33.70013079359279,33.64753436952096,33.490000288277386,32.97551273322658,32.646020483056006,32.6800015148802,32.49231279815788,32.87664312929642,33.40242877819605,33.59929893485796,33.631766876100286,33.39964384486176,33.43114990596283,33.42116553878955,33.26268115882599,33.47620106805486,32.63949467084122,32.33027727343654,32.23010930858591,32.33059017180539,32.451854303103055,32.257190386305155,31.96219273432299,31.833365131968176,32.176216968717675,31.900415179542435,31.702617167643663,32.98428031211877,32.999470509856444,32.99714536040265,33.01475187553068,33.30232532641865,33.12337131393156,33.46893216682568,32.39605627026892,32.44739168599926,32.37329969068378,31.91090053724064,31.89304906272413,32.288568469554974,32.116899601292786,31.716259889578314,31.432705705152994,31.64640205482637,31.608985045789677,31.187952497563042,30.74870912289221,31.569909477718955,31.53437022461499,31.373322337571935,31.79243619981823,32.082684926727396,32.26329527588985,32.23127276860822,32.1299070557248,32.15015527627344,32.187740013002056,32.054410056997,31.876665071377932,31.55199199991491,32.65079534688436,33.1370396711911,33.332260272566,33.40996632407586,33.899179516546184,33.45494093964663,33.49680997185234,33.54094252895644,33.22162629232278,34.16864493970147,33.25420474608189,33.51235818136392,33.51457548653917,31.924856664143608,35.3556597121559,33.45484544013111
20.75,33.504917861721935,33.47547073978505,33.31893662866751,32.74435708997215,32.68105762267318,33.13925398970617,33.23294312545461,32.67709331373816,32.299176863686064,31.90907373339371,33.23098426385449,33.335009064004794,33.46744338762069,33.413399236358174,33.33303559585475,33.34504027875839,32.88309642288614,33.23581397921371,33.32966273323125,33.292639383227495,33.155997215372366,32.91556928674065,32.408839241021596,32.51809657783087,31.697951347646544,31.817768416079048,33.07732131330515,33.25634438524663,33.36388584795781,32.76271542298413,33.33153316344537,33.15030887714643,33.33113587151493,33.098719313817014,33.160600337259055,33.16867595026624,32.992117362968216,32.837440482038645,33.65135989515742,33.89099790581429,33.99783854409027,33.732517842590234,33.392680548382444,33.35881693124275,33.21546118508874,32.70853513778379,32.38143829467949,32.41154420008676,32.22513564901264,32.59721315704429,33.11365281514742,33.3068916414145,33.33886911917714,33.12018335537226,33.14836574587937,33.13980091686456,32.9807907371042,33.190112234198494,32.34208124929102,32.043805834637205,31.94879206053534,32.045125932262366,32.162804432023684,31.976463720280595,31.697591677373456,31.5753367993512,31.905016446122897,31.640587551581397,31.44957987212315,32.70947855241113,32.72439616650302,32.72129869882438,32.73956666690087,33.03108757029988,32.851641412797576,33.19375130893269,32.12838064500206,32.17610155955651,32.10529055475207,31.655846954722836,31.636847214420154,32.04990045777321,31.893730631980578,31.52030563621153,31.25109968278489,31.449881710017294,31.413386761123643,31.02090291363772,30.594944119345886,31.429684692848937,31.380329131930438,31.198646647285763,31.59177710516756,31.86044924922885,32.023988980133566,31.9870693385684,31.879640371185754,31.898745547051814,31.962516151461987,31.83533172734972,31.677213665990916,31.368875564630493,32.41997244285208,32.88232024598083,33.07364415977984,33.150048647447946,33.61173093192089,33.20694909640879,33.25294185996008,33.3083747281613,32.99637038288961,33.933818442372,32.93379196826226,33.20768830290569,33.21091236843206,31.663746139095835,34.667883117087214,33.17932152600216
21.0,33.10542699413713,33.07972097961128,32.92733302813572,32.36408420976416,32.30378707784206,32.75046679700412,32.84232205395346,32.29784858115911,31.935175846731873,31.560559765666962,32.83884001473942,32.9437514543745,33.051273558837565,33.01420380738625,32.92018846527798,32.945636207220396,32.48643557081161,32.82002891660109,32.91295422743813,32.8798257535334,32.74830576088514,32.514066114642816,32.02807355579611,32.134553473685635,31.346968457922166,31.46258508603431,32.65623642110166,32.82745677117947,32.931087953723434,32.371890819492336,32.89862645384286,32.7316859519325,32.915612012655494,32.68669501930041,32.745471467696376,32.75272390577999,32.585120623351216,32.439048541615016,33.21087072892437,33.431302712780536,33.53764707472757,33.28849962287295,32.961550151849366,32.92079832920239,32.780068087810605,32.30481734760007,31.997836298430922,32.025882565017454,31.84492338448256,32.20513813908109,32.69688807581562,32.88246462463345,32.91475478807868,32.70438853290253,32.73354254972012,32.72538500711945,32.57563486099624,32.7683750814089,31.972212582644065,31.68457218026018,31.592849650269862,31.68494023879024,31.798920238640957,31.619047964799865,31.34890849093742,31.2302230219976,31.542906484982044,31.294227857958546,31.112294991263017,32.32308912323594,32.33632482799426,32.328494644348204,32.350767659710925,32.63961867418665,32.464397172994246,32.76976677298641,31.760007964620094,31.806283310569665,31.737964035186582,31.305744089473755,31.288873129038915,31.671919275975153,31.51881816419593,31.153115190549425,30.887640346557504,31.081368464560374,31.046473105370996,30.664710964238942,30.25477235200856,31.033894079245034,30.996599271738347,30.838400753637856,31.220363275176442,31.479310373184404,31.642141738825032,31.611857924279025,31.514497242238885,31.530772861679143,31.57591833937662,31.45207212536097,31.3016839092321,31.003509617506957,32.00190324278444,32.450142110465784,32.631857557972374,32.7067986790888,33.152499691210465,32.74850162919356,32.78833898725432,32.8307952464695,32.53427092766486,33.397605329362854,32.53387435348653,32.784469459290065,32.787128901631746,31.316690108430738,34.26736209891591,32.77338676354384
21.25,32.54680238351625,32.526684115120034,32.38623392228479,31.88790551960459,31.83154825173196,32.240220247638,32.31988609237583,31.83362378532258,31.4893249350795,31.133356086480347,32.318345547483254,32.401341327485696,32.54088278537816,32.48854548433698,32.45196221018551,32.42932098860194,32.04141704164263,32.363927697614336,32.44749991744789,32.416665652375464,32.293460986548745,32.07926755925146,31.62620084474353,31.735131722447377,30.96916745758371,31.0770009215108,32.23427160063878,32.39216903039851,32.4901449907394,31.932040101990868,32.4596372058554,32.30218970944374,32.4647791953643,32.2610329446293,32.31909133569285,32.326381059040784,32.162697327542645,32.01958651529832,32.76832055430476,32.99481830786612,33.10050693723927,32.869896159100584,32.5381037667042,32.51585935387387,32.386165457888936,31.917546992978536,31.62691071632362,31.650638562608634,31.48515666614353,31.829258212342086,32.307857861356496,32.48686787315929,32.517229130890726,32.313213809259985,32.33537107348261,32.33046848665004,32.1802749830207,32.3762500928472,31.609474930406833,31.33269161294444,31.243740720560723,31.333281663376187,31.441925742247278,31.26812994186545,31.00499791409814,30.891594871586985,31.197600543032205,30.954780380771368,30.777898313174905,31.92221352030265,31.934179545562916,31.927317749490857,31.947194856988,32.21698460657032,32.052061186328295,32.36211008307837,31.406105621008763,31.452216672802635,31.38767452930282,30.97364396768025,30.953589201039144,31.323076184293313,31.180665326893386,30.836791806794082,30.592166241612002,30.7794994092372,30.74578749415873,30.382548991673083,29.989502160329483,30.761196866690355,30.712178920589835,30.545946980489024,30.906273106403756,31.155212659205663,31.307976424926313,31.273390241718417,31.177539292439096,31.19815335204022,31.252572528757405,31.13258019658752,30.986895935574122,30.702301661963165,31.670654981536604,32.102748065733685,32.27939225458458,32.351265053893584,32.78324934364608,32.39406164996305,32.43312141458227,32.47964829691874,32.19416024300211,33.04246365070841,32.09026426975186,32.35539577587521,32.3583232016596,30.97656178834359,33.44703193592461,32.34968312664935
21.5,32.03685172158408,32.017554134246545,31.884462454431215,31.408249960006014,31.35453666098983,31.743214303736085,31.819244811076075,31.355519002521905,31.029770397142066,30.69265695961846,31.81836581433407,31.89896123700469,32.028010762316896,31.97865880397933,31.937747652344743,31.918695353204086,31.54838670182924,31.855680503866743,31.93351216027923,31.903698742914244,31.787083987160113,31.58345611502685,31.15272239090643,31.252004940792578,30.53374047669357,30.63587154243987,31.73179614896369,31.881018830147905,31.973130469350238,31.444522555512435,31.944225623437177,31.793412917324034,31.94502016883433,31.746233714681853,31.80155235747488,31.80862349808792,31.65443011551078,31.52114098540124,32.22900961158073,32.44257826851315,32.5414299828418,32.32403866078504,32.00412175729815,31.98906595020849,31.870844923612395,31.427154519064583,31.14982579356536,31.174063856659483,31.01601016571016,31.34131204864499,31.790505410342597,31.956621022084732,31.98780843940058,31.80006708027131,31.820321179460734,31.815724675886973,31.674348724060447,31.856902049956357,31.128438540570105,30.86657881994107,30.782558381234754,30.866331250267834,30.970236166374754,30.805980305625816,30.557712594921,30.451578513382465,30.74025879131774,30.50846956935348,30.34152416454176,31.421084774665665,31.433363703642403,31.43147441739279,31.445721216019482,31.702501609840155,31.548695724622608,31.84309950592069,30.933095271339276,30.975777640531568,30.913418971608944,30.523552603409986,30.505950135057972,30.85520658241109,30.72115716950303,30.397678512321498,30.165710616258135,30.341978796303476,30.310210160367788,29.96548202656106,29.598052045845336,30.338793473821703,30.287990316687374,30.123541763410508,30.46288442033611,30.696040370618526,30.839481922641294,30.80709730041201,30.71527306914576,30.733267277034553,30.78912651938564,30.67257420222829,30.53709025217264,30.27039638911611,31.178691249847393,31.582048637852523,31.746899141195428,31.810602766114226,32.213821413736824,31.858443730416862,31.896539630063454,31.943445308755273,31.674600086012312,32.47711857691859,31.59432814853655,31.843332130500244,31.846033164615697,30.52881650016392,32.918320458436476,31.833092355231273
21.75,31.521586633264143,31.50477208587284,31.378002299414355,30.938492184185975,30.888516444083717,31.252724352387357,31.322704162653668,30.892549898699194,30.584418234841777,30.26521955646453,31.321215288744984,31.39174662389948,31.52081421219535,31.47483109560416,31.455118973942387,31.425375796135995,31.08701171380205,31.38145988423085,31.453742150331795,31.426445643347005,31.31551004323595,31.12559777621014,30.724157452670347,30.8221114208821,30.133329260283258,30.228698461403106,31.27929584504596,31.41759350985352,31.50152609671547,30.988061498265164,31.471463247513274,31.334919827975856,31.46680228506456,31.28437878127643,31.335240063150586,31.34263977140879,31.194805667163273,31.066981273689137,31.73004532398795,31.93276471913155,32.02907018637306,31.82773055502025,31.538677275729775,31.52121566149846,31.410769508738554,30.98456015653221,30.720876094972606,30.739071192387822,30.591429195182272,30.90273662306508,31.336912065867864,31.498773607974353,31.52433090925064,31.348213852335622,31.36630979784713,31.362582705635862,31.221542124504204,31.39943225314321,30.70481898220677,30.451719775348145,30.371881109582933,30.448477026363204,30.55260603846988,30.394704190618178,30.156914685900837,30.054756786456473,30.326785779658554,30.11051568044729,29.951908057819022,30.987867236010207,30.99930367191459,30.99685171074538,31.010948120733556,31.246414857989397,31.095353100880406,31.365585812519758,30.518522881628773,30.560551332856804,30.502886785008744,30.127329592273963,30.109779708310455,30.45217120580475,30.329227835057104,30.026971858843627,29.812344982626765,29.98142051412491,29.951123216382438,29.629914871890993,29.275435404424393,29.992220071165935,29.937303263164203,29.7715138304241,30.08610184861571,30.303690416080165,30.438923416259982,30.405748974904846,30.316239784365663,30.327596538734362,30.391640111282037,30.280995043139857,30.158426580996764,29.908590691246797,30.759639033291677,31.146392876898528,31.303270432827006,31.368846767892034,31.738968564231598,31.404915602793398,31.439241693272233,31.479322206485623,31.224594125115573,31.97362072954823,31.132685613804448,31.386103468543816,31.389291618511866,30.129413864482753,32.26875133214668,31.35884684307382
22.0,30.877520736923707,30.862099389555606,30.744003920089867,30.32656630301866,30.279150958012625,30.621168639763432,30.687592725703574,30.28011065583705,29.99482333688854,29.698793087874854,30.68790951532204,30.75616596706343,30.87206807224514,30.827425710223494,30.79101728475501,30.774947825824214,30.44858134592475,30.7176582650464,30.78667702684813,30.76468195399742,30.66344614384664,30.486450366880728,30.11077220219194,30.19806052988853,29.56616964769465,29.65466557211196,30.61854249550229,30.750076392469687,30.832010871717088,30.357694373042985,30.805361426107574,30.673907224605635,30.792736859536717,30.612374712857683,30.657682962793242,30.664326166818505,30.532225001713773,30.41988666171306,31.039824343697973,31.230367415021757,31.31990667318891,31.130963627002888,30.836058504908802,30.819271029404522,30.72089636458442,30.34070333124923,30.10205165755632,30.121499928653844,29.983716120501168,30.27149210737712,30.663626076500954,30.80771197955862,30.83086916271777,30.673709419291328,30.69221587839132,30.688598761182803,30.563979893746694,30.72295152292186,30.086160726455805,29.850189798377826,29.776455748952216,29.845697715135614,29.944956186692128,29.798269256005348,29.57805465046537,29.485346870521276,29.73768544942799,29.532394630659578,29.38725067721248,30.347572552984662,30.358093589351057,30.355397094985015,30.36888943023145,30.599379077614895,30.46152011881187,30.719096805996593,29.909009571358425,29.946115924750085,29.890158358126385,29.54198823294673,29.528790093845547,29.839971251508118,29.723878618945367,29.44096426315373,29.23739026943429,29.39572185378789,29.36774689837994,29.06143323181573,28.73572618057244,29.38322452129869,29.340528158954015,29.199227193972323,29.49605096056872,29.69973904014814,29.82637824689941,29.79636599571706,29.713706765247053,29.720617217971725,29.7771439933535,29.676726540515382,29.561877056448697,29.32798538813259,30.122381572063663,30.47379662255928,30.615798798003095,30.669472239454937,31.002770722910867,30.71808039983971,30.753354549760118,30.799766759832117,30.565081667295367,31.26790160905889,30.49050737146701,30.717795280456045,30.72015011974392,29.549396820629713,31.613778290492363,30.71574083278215
22.25,30.192323956397807,30.186669787879588,30.074525993065453,29.694487577396526,29.6524060914925,29.97119208471325,30.03149924258275,29.654809931218054,29.392227234699604,29.119235394131266,30.028414166114917,30.091274152977174,30.18517443632136,30.16049469489256,30.13361883593619,30.114669047060303,29.81523971747707,30.06465762334895,30.126194442463472,30.108069243984552,30.013957499851276,29.84998106002445,29.51078702375301,29.596416651405804,29.00647502719339,29.087288219603025,29.97653072681793,30.089983999472373,30.161272523505843,29.7311529453131,30.13288973621684,30.026443485489253,30.137504047514962,29.96729193239779,30.009156538634535,30.015465905858218,29.891826269095894,29.790422503101357,30.345758546827224,30.51344443375996,30.603501226521434,30.44601080758038,30.179349151900546,30.163998251167733,30.072649863054817,29.71532261830405,29.500679134183088,29.514475294675307,29.387572095101987,29.657706955262434,30.02565539586096,30.162528457060084,30.184987897043406,30.03882002327165,30.052938320563936,30.05223356520144,29.933241460731253,30.077158420816215,29.50039809009388,29.281385496587635,29.2118704330798,29.274897610873012,29.368279549961862,29.23132272127451,29.023838250426785,28.93595212973857,29.163682200195076,28.9825656002282,28.849349695427158,29.74075389824548,29.749505601150634,29.745691477446538,29.758787018892814,29.972409773560308,29.839114509118843,30.046070762747576,29.329926596340588,29.36713410144443,29.316200195414677,28.990716361455824,28.97878424283313,29.253761341795354,29.146411481119138,28.888417748008372,28.70132672947127,28.850193248349747,28.82430566749515,28.546407054099387,28.24455055376395,28.851043522940344,28.805674665129608,28.67095611149909,28.93954019094586,29.122595475761013,29.24333401958612,29.218743237873333,29.147121497986337,29.150775152389325,29.197407425645967,29.096914111131287,28.99971575019351,28.787812645942704,29.492749739314903,29.82671420131659,29.957328066333726,30.01292845823275,30.321651696971642,30.03230167592627,30.056956926609974,30.081950391516376,29.867882393970916,30.466797257525695,29.85455212403406,30.069423287736424,30.071858788838703,28.998526633161447,30.854158829477754,30.062118914641832
22.5,29.441688193243348,29.43364411343297,29.331809777503295,28.98351454909507,28.94474687410421,29.234551338386826,29.290303900857488,28.945952960129798,28.70827876671532,28.460531081958898,29.287743552573808,29.34638035380017,29.431573906437503,29.40416068676761,29.374337138826004,29.36460577347845,29.086948563588926,29.316029842205218,29.37009410107272,29.35218768033199,29.26706625345368,29.119350405862175,28.811319444138416,28.886682626636738,28.35760331806365,28.430377145771377,29.238258968161425,29.341794765550343,29.404793475428445,29.01047621551105,29.379176520992036,29.27757517515179,29.369615661103662,29.21167466709195,29.24941263140488,29.25540883348523,29.143108731573296,29.055654579037455,29.550840361619827,29.702495740645617,29.77857045031656,29.636831004770624,29.406343055371558,29.399543766318015,29.320641613586155,28.995360764617274,28.794961354649683,28.808093454213452,28.69217367264382,28.93181718218312,29.265525333329656,29.388413611553332,29.408471812314755,29.277770622359604,29.28979995747311,29.288588840386993,29.180463418689488,29.312636818405426,28.77560490900261,28.58402289190881,28.521979888380116,28.580181946790002,28.659954468848213,28.539700622909304,28.35844329430101,28.28081292410717,28.485799018429233,28.3218928749754,28.20223160269984,29.013666383946124,29.022520323317057,29.022144555907225,29.031237931999712,29.220834523608655,29.102289044436187,29.2974900929721,28.635092722839712,28.668152579722133,28.622526412561726,28.328954419963726,28.318495554917067,28.569573042776682,28.471078246613676,28.243831512422318,28.077508403724806,28.205745359019474,28.18224503383536,27.94024404562292,27.66872649083585,28.232277455492312,28.18544042615833,28.052348319099128,28.29177090928492,28.454633268904153,28.55861744521457,28.53683782054725,28.47141292094945,28.476598311419522,28.52598233078503,28.433723186782,28.34642157684484,28.15688270070468,28.793834008518502,29.089830546854124,29.209317032574788,29.25947405809979,29.536226887703098,29.282873602018636,29.307359172557703,29.33438245024557,29.140829588315842,29.6932183736807,29.122077074844864,29.318663125354732,29.32131176715617,28.336283135834684,30.066365577966536,29.310485845122088
22.75,28.887099339383,28.874036073890384,28.78669349391187,28.458686407364958,28.42369223907927,28.691755715422378,28.742274746028492,28.426140805586705,28.20485956104794,27.973966421609408,28.736913394185766,28.79218974107773,28.86738229361198,28.84931150779481,28.83014948817703,28.812319540936382,28.562579537482783,28.77847358475618,28.827531093071848,28.810388832786053,28.733541317598956,28.59593595408539,28.312585997687826,28.384550466654282,27.89082741759429,27.95752113433482,28.70876922277679,28.80055003279733,28.85339791567292,28.4913033483088,28.829041438903293,28.742791762415514,28.82663516697984,28.678864680927692,28.714618470376376,28.720307665901256,28.615088066092568,28.53544154908272,28.99378044092951,29.12970801756881,29.203038688164252,29.078178856778514,28.862648182836036,28.863956609744545,28.793405589788744,28.48861305061817,28.298123160948638,28.315205920683233,28.204102192295014,28.42865406951454,28.737308382606574,28.85159709456695,28.872558629470262,28.75212065704352,28.762499907026527,28.7608001605917,28.66248731328847,28.77999628595072,28.286773210210857,28.108576375417464,28.050481878984456,28.104529813339642,28.17891429257344,28.066788459008357,27.897014608382438,27.825235305040906,28.01304875915316,27.863037387624782,27.752522884207725,28.504077539685472,28.512469809531023,28.512827942032118,28.520595818106347,28.695141770152176,28.591000460102,28.765080573819475,28.152874435593,28.184040760623276,28.14123854435765,27.867950576710154,27.858941285019586,28.085309848064476,27.990519162691793,27.783719611145226,27.62767440679606,27.747710729245323,27.725854409895906,27.501736758172324,27.251413146561777,27.786478212844102,27.737089893847443,27.604169542770435,27.826732724691364,27.975317250978243,28.073985335626144,28.056011771267773,27.99758668904763,28.001156372537793,28.044751064521392,27.952185050321553,27.871614329637353,27.699817680248508,28.27556557407906,28.552781861111324,28.6620021910748,28.70978286890149,28.967684005794684,28.72025228681439,28.738842717979715,28.752880411028347,28.574978178857954,29.066971599093772,28.595701924344045,28.781896584762485,28.784471026215055,27.8765337073611,29.418150272507273,28.787705568431843
23.0,28.391327762122586,28.37807306303768,28.29891808833255,27.97972509014071,27.946375987402792,28.200142074295304,28.249686670509032,27.945794676536963,27.739082964261407,27.52321554336241,28.244966651758432,28.30125441649625,28.362565241780494,28.34640232800691,28.30911270444431,28.310265164183846,28.06165926469448,28.25910508683187,28.305349801446788,28.29294737507948,28.224287029991885,28.094532915269184,27.827621130089405,27.89358446439285,27.438152647630957,27.50022881061321,28.188190452624998,28.274662883929224,28.32587572106171,27.996441005027272,28.30440675333664,28.221289094131055,28.298664329576713,28.157275190893728,28.189485178607402,28.19458989524165,28.09939296940092,28.028847392038273,28.456473612390745,28.57752359530577,28.641860007484723,28.521282271653273,28.31860641703375,28.312848110360846,28.25022963993398,27.97706988693517,27.803745682661635,27.824272697523664,27.71757324288991,27.92340647827103,28.20152988093166,28.304835180594367,28.322964740636316,28.21295904258203,28.222918448437525,28.22162557013899,28.138680090347233,28.24065523317683,27.785343836851084,27.623463100468257,27.5705212620443,27.62080429638135,27.68779298373983,27.58608888712255,27.433254766212148,27.368687773179644,27.540618732540388,27.40134266538033,27.301830808723977,28.006769379166425,28.01402676457549,28.01200133397065,28.021504070722862,28.19383609524418,28.1005273331969,28.264454290891845,27.667275114223617,27.694596195721473,27.654116038439437,27.400261778178592,27.394833761493363,27.590612845868026,27.496861310125567,27.311890835698037,27.16486517307476,27.27390161425775,27.253702280295197,27.047724860257237,26.817520702353594,27.302697559182516,27.261390767653978,27.14525344535876,27.355073045271848,27.491201065961366,27.581737274064317,27.566300051284525,27.515819219802005,27.51893997757707,27.554736754273176,27.468745071482655,27.394090511777737,27.234923507579207,27.76775317300875,28.020031837178443,28.120196661870327,28.163040810674055,28.398399137396055,28.17717621077702,28.195731735919914,28.212544296891352,28.048483526619247,28.507520148641728,28.091324224861673,28.2560641256592,28.25827459183423,27.413685621437917,28.92930157893615,28.29358250749116
23.25,28.135697798311607,28.120105778003058,28.050206679645235,27.731339702501177,27.699689877642577,27.944861398805664,27.99303502572122,27.698277875558293,27.499223311262913,27.291262572707907,27.98800449153592,28.04312503442216,28.094549735532443,28.08271259339615,28.043700163456457,28.050536040747197,27.80593172143064,27.994952312256796,28.040020649960017,28.033049660869178,27.969477629721965,27.84095151998014,27.581234175313543,27.649442450355796,27.2058795839542,27.265775709462996,27.91801374105039,27.999886372409268,28.049058414631375,27.744090091317762,28.027600862737884,27.948920557015352,28.03393259231408,27.899019829566637,27.930408526682054,27.935117002807647,27.843330592521124,27.7751653125538,28.186093721077015,28.290788342664584,28.348856779825873,28.23680281862323,28.04862039487712,28.03389085008467,27.97648142960281,27.71920819479666,27.555824692246688,27.579135641403717,27.47070409793462,27.666492593975835,27.932311260376213,28.032199503790448,28.04928666839005,27.940878606058277,27.94947659927745,27.94948505781134,27.876682730796364,27.96745514321711,27.52533747953416,27.378341512321807,27.327763959025507,27.378094802865824,27.4358112113337,27.342231670058574,27.20169744397539,27.140567763910955,27.300961783666324,27.173750236832163,27.08092184810148,27.76890771780031,27.774703412981776,27.767685767778474,27.781719022408705,27.96040957902152,27.87123994483928,28.01756750494054,27.428343912097894,27.45470452892047,27.41607045508561,27.17109947144801,27.166816311216383,27.3434146027423,27.25023963593177,27.078933973809526,26.93370299134558,27.032276348788525,27.012915381733684,26.824443318541757,26.603758300347167,27.065812995951614,27.027447710274604,26.91904451300042,27.121521398852888,27.247182115845106,27.332611004176133,27.321956343639624,27.278067357312253,27.282731978191485,27.309711042588376,27.224432787447373,27.156814736805213,27.005643332165405,27.50491798138467,27.746528595985414,27.844212722502988,27.88864180290502,28.11878926076903,27.893754629197236,27.909535756653295,27.92104543659066,27.764348824921125,28.189290117289673,27.83271114067376,27.98302271451446,27.985278472306813,27.185905353370046,28.613180088895806,28.06073470097697
23.5,27.77765807286617,27.76567912804343,27.698324548010415,27.40197591083967,27.371839614875853,27.602013653403304,27.64770840730936,27.371401377101712,27.18227691215141,26.984581284808076,27.643745021728797,27.695410583541513,27.747488627121324,27.735666431600876,27.699213323749362,27.70424284819806,27.47715010710096,27.656722019802633,27.69684615009826,27.69037622131957,27.631215503603833,27.51206631187219,27.268904077538494,27.332156160380134,26.911929294632138,26.968018822087277,27.594265319550814,27.670103992633972,27.716207223501623,27.41861261268948,27.696292487464508,27.62395535248772,27.69062680246241,27.567082230528005,27.596725556697102,27.60142625308521,27.514463732449045,27.449907417516958,27.841284812823496,27.94403380867645,28.001115286344284,27.88791961553087,27.709768947626046,27.698514449220806,27.64659994792765,27.39899721917759,27.244303760990906,27.266829284143572,27.165671800249,27.355395680309133,27.605693035976245,27.700703017251712,27.71810433671391,27.618512047962113,27.62563991983727,27.62600467705517,27.555004465316284,27.641381137336513,27.228660698418103,27.0800610647828,27.032365918508404,27.078333085545573,27.13975896943137,27.047056026603187,26.908809222822732,26.85018361608128,27.004908295849333,26.88040253283243,26.79151338317512,27.443332978944323,27.449026500395018,27.444466646456835,27.45546560024882,27.622781708623684,27.539692384630197,27.684612972656854,27.12232091694302,27.146197399887306,27.109356901803803,26.87674912245942,26.873227879348647,27.039635094534734,26.95108530082069,26.794977079412817,26.661782511245814,26.760991020991046,26.74254606497357,26.559184839702226,26.351043458406956,26.797487625821944,26.75621409694244,26.647468503410547,26.837339888987017,26.955745058816234,27.037330690073336,27.0222161669778,26.979392408244934,26.98278636258314,27.014495553112507,26.93274368526928,26.869544294901246,26.728300877853442,27.20060283434857,27.430356029101787,27.5204500109812,27.561072356314753,27.774369422102794,27.568960630129265,27.58445481117043,27.597737815198762,27.44896772965108,27.858239824958073,27.504378634107205,27.655732459865828,27.657850231390515,26.891703302425775,28.239120809543838,27.72264911520157
23.75,27.356350265412576,27.342072601057524,27.282934719391363,27.006516795012587,26.97842909017996,27.19016023044695,27.230862047709774,26.978855719439508,26.80144682019949,26.61587830219466,27.229266285456625,27.27320153268931,27.329732703163938,27.31295674233506,27.289916882449432,27.28197467154069,27.080927363084946,27.25002429549445,27.288352081987536,27.28395187667319,27.228802260075835,27.116420609175933,26.88656188432648,26.94887599559406,26.550992376416772,26.603671194756224,27.18680759787602,27.25922697408293,27.303880163704033,27.026292453155296,27.285092311581842,27.213394113375994,27.284751702791983,27.169013914114913,27.198349783880445,27.20242674004887,27.120829370259788,27.059978222322876,27.431010563539708,27.52783473688771,27.57975011907419,27.48003408036534,27.301711411726224,27.300009305772743,27.252863024455998,27.0228903207777,26.878523859896617,26.8995605974178,26.803464088215232,26.979146317265954,27.214051896438676,27.301143677707625,27.32078288970651,27.22587827375126,27.232206939542934,27.23298616812605,27.167275931680464,27.24782188993594,26.852961740785737,26.719853368366326,26.674624379189435,26.720471776190706,26.772055414108664,26.687529122552192,26.56017612418352,26.50625728135283,26.652267904646152,26.53555908563794,26.452075759875488,27.05716675143768,27.06218499918037,27.0561535205441,27.068251236933417,27.237122312759542,27.16025311073497,27.301127637716576,26.762852231829264,26.785170672004348,26.749651130710532,26.534103966230788,26.52971611678851,26.682769470732577,26.597887647352394,26.45137637370161,26.325346186707556,26.413664531125143,26.39640897071861,26.2275870165859,26.037313347125547,26.4561044301895,26.418212445667905,26.317252230694297,26.495648983663656,26.605969674843504,26.680210242146202,26.66773397520884,26.627790286196973,26.636448407985586,26.662923115561544,26.585990515246632,26.527282757448774,26.393793360259888,26.838566261088754,27.05088111949134,27.13669963536155,27.172065599719822,27.381251691457415,27.185224796940233,27.200984172378455,27.21663555014514,27.07706893291438,27.464233134840597,27.105500144012186,27.24238434749429,27.244196044278326,26.546589499405982,27.72376987188255,27.338437979100185
