Time(in Hours),Bus1,Bus2,Bus3,Bus4,Bus5,Bus6,Bus7,Bus8,Bus9,Bus10,Bus11,Bus12,Bus13,Bus14,Bus15,Bus16,Bus17,Bus18,Bus19,Bus20,Bus21,Bus22,Bus23,Bus24,Bus25,Bus26,Bus27,Bus28,Bus29,Bus30,Bus31,Bus32,Bus33,Bus34,Bus35,Bus36,Bus37,Bus38,Bus39,Bus40,Bus41,Bus42,Bus43,Bus44,Bus45,Bus46,Bus47,Bus48,Bus49,Bus50,Bus51,Bus52,Bus53,Bus54,Bus55,Bus56,Bus57,Bus58,Bus59,Bus60,Bus61,Bus62,Bus63,Bus64,Bus65,Bus66,Bus67,Bus68,Bus69,Bus70,Bus71,Bus72,Bus73,Bus74,Bus75,Bus76,Bus77,Bus78,Bus79,Bus80,Bus81,Bus82,Bus83,Bus84,Bus85,Bus86,Bus87,Bus88,Bus89,Bus90,Bus91,Bus92,Bus93,Bus94,Bus95,Bus96,Bus97,Bus98,Bus99,Bus100,Bus101,Bus102,Bus103,Bus104,Bus105,Bus106,Bus107,Bus108,Bus109,Bus110,Bus111,Bus112,Bus113,Bus114,Bus115,Bus116,Bus117,Bus118
0.0,1.0351593089324431,1.0346806713617391,1.0354534019570838,1.0406283976209714,1.0386935167551492,1.0376922766448209,1.0365710870865668,1.0229389880066355,1.0464321401878294,1.0328491955864416,1.035212560577889,1.036374361444669,1.03309447905331,1.0368475270600352,1.0396729379418668,1.038088291856808,1.0497619836583425,1.0401750762191526,1.0398618185578457,1.041851524118299,1.0447372690943615,1.0484321963676497,1.053580890033919,1.0497784325839632,1.0574127885150992,1.0188136092754516,1.044667753033601,1.0425845327209848,1.0407796193601684,1.0261230919609148,1.0416229652182543,1.0436638609270223,1.0471370802725037,1.0577338720122553,1.0546689596082204,1.0543003124603039,1.0599999753617386,1.0162306815006263,1.043972431659426,1.0370118117692269,1.0339357390324082,1.0375825505574725,1.0585050086141776,1.059999900482519,1.0507289883781703,1.041762328795027,1.0458111223489326,1.0520760580935709,1.0476378650262874,1.043750315514819,1.038384479848622,1.0361893390509864,1.036200820638439,1.0386170270080923,1.0383777088917,1.0384104778555157,1.0407581143240905,1.0377999208533237,1.043460864858562,1.0425069621426202,1.044178297677494,1.0445521708505399,1.0143235546785034,1.0201421972535885,1.0104565677568076,1.0548238510391965,1.0476963637194978,1.0088211745077538,1.0554772444826706,1.0449170690294947,1.0456094767416166,1.0464123218967283,1.0447927981713705,1.0415304304776036,1.0423830619010288,1.039151625185809,1.047400713347928,1.0466594029199394,1.0498618155000594,1.0517589298370547,1.0041948722197929,1.0585547569204672,1.0599999771092639,1.0566114435152199,1.0554801825902738,1.050775394807898,1.047609455464943,1.0530873596430927,1.059848811665231,1.0523731465525272,1.053194175346652,1.055292928696307,1.0529893995477664,1.0514052890544847,1.0492003299949744,1.0526939335778254,1.0514092520658138,1.0486720248459553,1.0496274086747721,1.0511632465791498,1.0517686991552684,1.0545954668909865,1.0468931960651549,1.0430025069558058,1.0439847624885354,1.041192170617175,1.037591539678323,1.0428168560789908,1.0421464850386695,1.0405280429174455,1.043135479292987,1.0353541349991708,1.0439906438776094,1.0419628620994847,1.0417927383551404,1.008691690414489,1.0107888176721096,1.0361993032420052
0.08333333333333333,1.0351593089324431,1.0347190191899618,1.0354029833347818,1.0406283976209714,1.0386897109096913,1.0376922766448209,1.0365708112667051,1.0229389880066355,1.0464321401878294,1.0328491955864416,1.035259967629424,1.036374361444669,1.0331651815058316,1.0369631484834516,1.0396729379418668,1.0380809684871903,1.0497426293404652,1.0401750762191526,1.0398618185578457,1.0419036753351993,1.044756593059266,1.0484711300433944,1.053619370942146,1.0497784325839632,1.0574127885150992,1.0188136092754516,1.044667753033601,1.042631154503568,1.040822155317889,1.026133311315437,1.0416229652182543,1.0436638609270223,1.0471665302292243,1.0577338720122553,1.054656905250246,1.0543003124603039,1.0599931973933379,1.016262011099115,1.0439196177347339,1.0370118117692269,1.0341468390971418,1.0375825505574725,1.058543693504346,1.0600899186957364,1.050889818742358,1.041762328795027,1.0458942226954109,1.0520348333955962,1.0476378650262874,1.0439044627862353,1.038415470770913,1.0362023073947888,1.0361449426124953,1.0386170270080923,1.0383777088917,1.0384104778555157,1.0407919602395121,1.0378275073148802,1.043460864858562,1.0425237594411094,1.044178297677494,1.0445521708505399,1.014387158443852,1.0201825523784886,1.0104565677568076,1.0548238510391965,1.0477244904748928,1.0088072363901268,1.0554772444826706,1.0449170690294947,1.0456110401643879,1.0464123218967285,1.0447927981713705,1.0415304304776036,1.0423046236162743,1.039151625185809,1.047400713347928,1.04667821038155,1.0498745297146066,1.0517589298370547,1.004196202510632,1.0587036559021088,1.0601094352278504,1.0566174452602712,1.0554801825902738,1.0510260813529144,1.047609455464943,1.0530826413959433,1.059848811665231,1.0523731465525272,1.053194175346652,1.0552929286963073,1.0530392742237487,1.0515459492108035,1.0495109391846145,1.0528546517954958,1.0514949620106424,1.0485826786702839,1.0496274086747721,1.0511632465791498,1.051833211315968,1.0546082093133857,1.0468931960651549,1.0430025069558058,1.0439847624885354,1.0411935193489188,1.037591539678323,1.042831909733699,1.0421641707343527,1.0405280429174455,1.043135479292987,1.0353541349991708,1.0439906438776094,1.0419679919043996,1.0417970370534468,1.008691690414489,1.0107318287949116,1.0360304024797298
0.16666666666666666,1.0351593089324431,1.0347742045008719,1.0354913349648005,1.0406283976209714,1.0386888974805317,1.0376922766448209,1.0365517038407166,1.0229389880066355,1.0464321401878296,1.0328491955864416,1.0353254468797244,1.036374361444669,1.0332414438939945,1.0370626608438918,1.0396729379418668,1.0379722820406072,1.0497369490881274,1.0401750762191526,1.0398618185578457,1.0421091488112335,1.0450104404325453,1.0486626394074836,1.0536745080824454,1.0497784325839632,1.0574127885150992,1.0188136092754516,1.044667753033601,1.0426399882314512,1.0408650245199265,1.0261420964916967,1.0416229652182543,1.0436638609270223,1.0471772436642968,1.0577338720122553,1.05467119360794,1.0543003124603039,1.0600006195379748,1.0162881359131428,1.0440193262314224,1.0370118117692269,1.0343274140679766,1.0375825505574725,1.058391650271825,1.060040333955594,1.0508046461343052,1.041762328795027,1.0460004156073317,1.0521100644706516,1.0476378650262874,1.044075994765571,1.03839208624545,1.0361423379383092,1.0362000756834908,1.0386170270080923,1.0383777088917,1.0384104778555157,1.0409324888604916,1.03782140375851,1.043460864858562,1.0425282014559198,1.044178297677494,1.0445521708505399,1.0144378634473026,1.0202168208555682,1.0104565677568076,1.0548238510391965,1.0477469004341495,1.0087908792725597,1.0554772444826706,1.0449170690294947,1.0456117760842942,1.0464123218967285,1.0447927981713705,1.0415304304776036,1.0424843295661446,1.039151625185809,1.047400713347928,1.0466595352290333,1.0498078844641296,1.0517589298370547,1.004192583819764,1.0587705163025538,1.0601964653945268,1.0566962404068916,1.0554801825902738,1.0512400678893417,1.047609455464943,1.0529398508552208,1.059848811665231,1.0523731465525272,1.053194175346652,1.0552929286963073,1.0531494386215916,1.0516709962153643,1.049765254413016,1.0529614175213409,1.0515031689249072,1.048692342193532,1.0496274086747721,1.0511632465791498,1.0519469558525822,1.0546622741638882,1.0468931960651549,1.0430025069558058,1.0439847624885354,1.0410769447373371,1.037591539678323,1.0428261841202837,1.0421574564985374,1.0405280429174455,1.043135479292987,1.0353541349991708,1.0439906438776094,1.0419192427123352,1.041739595398208,1.008691690414489,1.0111128221364067,1.036326519559102
0.25,1.0346862095141465,1.0342827887467028,1.0349577339733045,1.0400608694094229,1.0380866088882972,1.0371917934094952,1.03608922991272,1.022190745224909,1.0455061732334374,1.0316543565313019,1.0348604942459672,1.0359161820575948,1.0331828170514121,1.0366983671290064,1.039606769286114,1.0376950103198452,1.049450932064165,1.0399782975133585,1.0397519400830038,1.0418546698455335,1.044699926192238,1.0483283431060588,1.0530730807858075,1.0491935367703662,1.0564862186352075,1.0180464607694275,1.0443281698039928,1.0423672687917926,1.040667400039787,1.0257191563814423,1.0414828144171573,1.0434387152921647,1.0472298956992048,1.0577525033965949,1.054717252595839,1.0543604081751485,1.0599999772443625,1.0160573903543182,1.044403513357861,1.037657761203137,1.0348925931041821,1.0379695741569879,1.0585443077918293,1.0599999174892154,1.0507215978326403,1.041393444917265,1.0454555964676961,1.0516417112174261,1.0471768792271208,1.0436518894587565,1.0382768193531509,1.0360823583968535,1.0360234505918215,1.038400714600011,1.0381697847610432,1.038204749096124,1.0406106069828052,1.0377520900319273,1.0431220264855856,1.0419350833591547,1.0435253761035979,1.0439023419601043,1.0139219671070177,1.019615419186808,1.0098286405823216,1.05414301149742,1.0473015130386374,1.0081178216445936,1.0547204725633714,1.0444072121074433,1.0450996384556872,1.0458946020885909,1.044284427773426,1.0411660352117842,1.0420274687548132,1.0390251731584856,1.0471061536392543,1.046394634066901,1.049525683109683,1.0511780338919507,1.003541911425837,1.0585173062062343,1.0599999783483995,1.0565586931252628,1.055389378084093,1.0510655369779462,1.0473531131002516,1.0526561103235026,1.0591203917342775,1.0518599408277822,1.052667444311576,1.0548527642523027,1.0527831692517062,1.0513823071775141,1.0494750373502937,1.0526956830130085,1.0511382870802595,1.0481106612692859,1.0491660719210096,1.0506805645156805,1.0514326208573421,1.0541938784114016,1.0465933305752555,1.042815957077971,1.0438487301543913,1.0410154283018591,1.0373648045338228,1.0427823074352565,1.0421461228521745,1.0406014428048527,1.0430556072568447,1.0357306456493474,1.0436947369084835,1.0417207746366364,1.0415415109830053,1.00796578050489,1.0104610646729673,1.0359842793449099
0.3333333333333333,1.0346862095141465,1.0343023491882721,1.0349701831211897,1.0400608694094229,1.0380828539038032,1.0371917934094952,1.0360769929176588,1.022190745224909,1.0455061732334374,1.0316543565313019,1.0348679790803708,1.0359161820575948,1.033106114611661,1.0367719212393889,1.039606769286114,1.0376206275111037,1.0494452573225779,1.0399782975133585,1.0397519400830038,1.0419064653922923,1.0447516875675,1.0483546405647461,1.053103700850346,1.0491935367703662,1.0564862186352075,1.0180464607694275,1.0443281698039928,1.0424272929902598,1.0406991144013302,1.0257372564629794,1.0414828144171573,1.0434387152921647,1.0473244239562616,1.0577525033965949,1.0547408131661935,1.0543604081751485,1.0600066208459225,1.0160975642168608,1.0444229308071102,1.037657761203137,1.03502605594559,1.0379695741569879,1.0585724992882222,1.0602812439770597,1.0509668178701945,1.041393444917265,1.0455094643671832,1.0516559776604606,1.0471768792271208,1.0437662308179758,1.0383402769916368,1.0361384225196828,1.036184389462055,1.038400714600011,1.0381697847610432,1.038204749096124,1.0406739996685328,1.0377668298805947,1.0431220264855856,1.0419783549191086,1.0435253761035979,1.0439023419601043,1.0139711748852147,1.0196511482482418,1.0098286405823216,1.05414301149742,1.0472478984900058,1.0080990482916512,1.0547204725633714,1.0444072121074433,1.0451013962607332,1.0458946020885909,1.044284427773426,1.0411660352117842,1.0420637914314834,1.0390251731584856,1.0471061536392543,1.0464287444857083,1.0495149710870497,1.0511780338919507,1.0035416927782532,1.058701247413166,1.0601344261279735,1.056610280104884,1.055389378084093,1.0512243312486884,1.0473531131002516,1.0525570700745557,1.0591203917342775,1.0518599408277822,1.052667444311576,1.0548527642523027,1.0528369307712384,1.0514711639107488,1.0496977101236997,1.0528561409125776,1.0511907447353375,1.0482989869069623,1.0491660719210096,1.0506805645156805,1.0514700397628707,1.0542090040281158,1.0465933305752555,1.042815957077971,1.0438487301543913,1.0409371099269853,1.0373648045338228,1.0428016843373558,1.0421713625785212,1.0406014428048527,1.0430556072568447,1.0357306456493474,1.0436947369084835,1.0417027240039998,1.0415157626757021,1.00796578050489,1.0105639965521833,1.036018601387414
0.4166666666666667,1.0346862095141465,1.0342943827493234,1.0350199156347137,1.0400608694094229,1.0380702038582386,1.0371917934094952,1.036105381196118,1.022190745224909,1.0455061732334374,1.0316543565313019,1.0349665184568928,1.0359161820575948,1.03384466097859,1.0368483460139684,1.039606769286114,1.0377953654033043,1.0494351890128983,1.0399782975133585,1.0397519400830038,1.042100501327099,1.04509825481246,1.0488009285922557,1.0532004157686787,1.0491935367703662,1.0564862186352075,1.0180464607694275,1.0443281698039928,1.042448805157033,1.0406917969357923,1.0257668489367522,1.0414828144171573,1.0434387152921647,1.0472874629020972,1.0577525033965949,1.0547284723082708,1.0543604081751485,1.0599919548614203,1.0161849812052166,1.0444790623898381,1.037657761203137,1.0351667361831804,1.0379695741569879,1.0587623284523664,1.0601941875041634,1.0508117267003942,1.041393444917265,1.0455248854464292,1.0517010054954077,1.0471768792271208,1.043888497684871,1.0385773824880438,1.0364281042904864,1.0362480171555453,1.038400714600011,1.0381697847610432,1.038204749096124,1.0407656660134186,1.0380813154356543,1.0431220264855856,1.0419660275472145,1.0435253761035979,1.0439023419601043,1.0140164338358928,1.019681519335232,1.0098286405823216,1.05414301149742,1.0477204028491471,1.0080737707098504,1.0547204725633714,1.0444072121074433,1.0451030785696227,1.0458946020885909,1.044284427773426,1.0411660352117842,1.0421748946888165,1.0390251731584856,1.0471061536392543,1.046458061464801,1.0496177325913145,1.0511780338919507,1.0035522100812424,1.0588545814584804,1.0602163821464572,1.0566641750603865,1.055389378084093,1.0513867641918497,1.0473531131002516,1.052784136590457,1.0591203917342775,1.0518599408277822,1.052667444311576,1.0548527642523027,1.0530406550500941,1.0518014471114776,1.0500735706965267,1.0530515622483643,1.0513722826884995,1.048218129628996,1.0491660719210096,1.0506805645156805,1.0514642494213782,1.0542179273503582,1.0465933305752555,1.042815957077971,1.0438487301543913,1.0411351481729414,1.0373648045338228,1.0428128177046583,1.042187132276946,1.0406014428048527,1.0430556072568447,1.0357306456493474,1.0436947369084835,1.0417777958436554,1.0416049031526835,1.00796578050489,1.0108227632801114,1.0361308378875638
0.5,1.033941370870768,1.0335347588333226,1.0342123978894895,1.0391855775661147,1.0371599776387324,1.0363819566668946,1.035328095739061,1.0210831061027699,1.044213277260159,1.0301009441618554,1.0341556384822288,1.0351586127495223,1.0330473226625403,1.0361605528592048,1.0392550805025265,1.0371654561621422,1.048855095912836,1.0394832186268346,1.039394276097184,1.0415454667696094,1.0444138624023955,1.0480009127021503,1.0522980995983175,1.0483877927336431,1.0553155144444897,1.0168341756323926,1.043691680846269,1.041844256445249,1.0402048494750555,1.0250253291686333,1.0410412281804984,1.0428777711284374,1.0471193324331098,1.0578340913281374,1.0548385659888737,1.0544916939385316,1.0599999612171642,1.0157610227822607,1.04472555886186,1.0380695509424294,1.0354178997905903,1.0380118436355932,1.0588194098309376,1.0599998762618779,1.050549150161025,1.0406654574579326,1.044692531545971,1.0509123223030936,1.046397296544137,1.043073405446359,1.037880670627332,1.0357806399974399,1.0355750070003724,1.0377227495476624,1.0374914207590007,1.0375256905519898,1.0400115732177189,1.0373668393084203,1.0422700373874787,1.04097273836649,1.0425120427974914,1.0429241381149865,1.0130815228252434,1.0187188020399616,1.0089494007972144,1.0532080160311785,1.046696564194634,1.0072073417529064,1.053830247259007,1.0438605631564872,1.0445381069781088,1.0452440556951554,1.0437258661972613,1.0406988673527846,1.0416531609081428,1.0389398956148177,1.0468322455203596,1.0461606129943897,1.049288247200287,1.050599664993861,1.002767260950438,1.0584847360459706,1.0599999634590955,1.0566060057682256,1.055414352900202,1.0512931591446109,1.0472684112626633,1.0524906283372628,1.0584090900313814,1.0513657167189085,1.0521500933749819,1.054360102598125,1.0525455292489065,1.0513110114909805,1.049564691590957,1.052629335085971,1.050903116156148,1.0476801194020495,1.0487319821832928,1.0502327634681121,1.0509855750133028,1.0537269417473814,1.0463559714359298,1.042659642959658,1.0438304316662552,1.0411318707198565,1.0373293680728621,1.0428599702064476,1.0422554654478962,1.040761978986116,1.0430613385935223,1.0363023691458022,1.0430879029807023,1.0412227482652947,1.0410504926575703,1.0070161790767655,1.0099444598644687,1.0357946523868153
0.5833333333333334,1.033941370870768,1.0336225799535583,1.0342171093964192,1.0391855775661147,1.0371611667540561,1.0363819566668946,1.0353164350541793,1.0210831061027699,1.044213277260159,1.0301009441618554,1.0342414504735482,1.0351586127495223,1.0330450644513502,1.0361295193768538,1.0392550805025265,1.0370944126448227,1.048851284053257,1.0394832186268346,1.039394276097184,1.041707724553618,1.0445344384985857,1.0480631976024126,1.0523054872580966,1.0483877927336431,1.0553155144444897,1.0168341756323926,1.043691680846269,1.0418752036487995,1.0402800499907938,1.0250323921107092,1.0410412281804984,1.0428777711284374,1.0472132546729855,1.0578340913281374,1.054849698471482,1.0544916939385316,1.060007633288148,1.015776457893152,1.0447335550899406,1.0380695509424294,1.0353604611570422,1.0380118436355932,1.0587654565231766,1.0600779947725891,1.0506203274269794,1.0406654574579326,1.0448405435712969,1.0509174051329628,1.046397296544137,1.0430330873311404,1.037905838046853,1.0357749676383392,1.0356320071471474,1.0377227495476624,1.0374914207590007,1.0375256905519898,1.0399995409783676,1.0373628763350853,1.0422700373874787,1.0410149303533538,1.0425120427974914,1.0429241381149865,1.0130807766511836,1.0187214578265475,1.0089494007972144,1.0532080160311785,1.0466482597959015,1.0072024008620417,1.053830247259007,1.0438605631564872,1.0445385059858001,1.0452440556951554,1.0437258661972613,1.0406988673527846,1.0416643970466681,1.0389398956148177,1.0468322455203596,1.0461920100757902,1.0492776545455391,1.050599664993861,1.0027695377698242,1.058529264044221,1.060087710922268,1.0566374104849587,1.055414352900202,1.0512252323166338,1.0472684112626633,1.0523955368030737,1.0584090900313814,1.0513657167189085,1.0521500933749819,1.054360102598125,1.0525278673697325,1.0512765687180443,1.0495091909438592,1.0526454081390044,1.0508810064308096,1.0477626682273464,1.0487319821832928,1.0502327634681121,1.051149183102753,1.0537824333353971,1.0463559714359298,1.042659642959658,1.0438304316662552,1.0410551485893544,1.0373293680728621,1.0428599952435362,1.0422544760544692,1.040761978986116,1.0430613385935223,1.0363023691458022,1.0430879029807023,1.0412056242512824,1.0410259077067356,1.0070161790767655,1.0099072784954348,1.0357975207120032
0.6666666666666666,1.033941370870768,1.033600903845525,1.0342202665828968,1.0391855775661147,1.0371603600989279,1.0363819566668946,1.035316649827606,1.0210831061027699,1.0442132772601587,1.0301009441618554,1.034266551908202,1.0351586127495223,1.0333640545293548,1.0361539741593493,1.0392550805025265,1.0370989174842007,1.0488572138684165,1.0394832186268346,1.039394276097184,1.0417346181075713,1.044619532100915,1.048212175645337,1.0523345787558243,1.0483877927336431,1.0553155144444897,1.0168341756323926,1.043691680846269,1.041844727779328,1.0402517294172076,1.0250370569905862,1.0410412281804984,1.0428777711284374,1.0471607369225537,1.0578340913281374,1.0548595408493444,1.0544916939385316,1.060001938540319,1.0157891359912474,1.044735204524164,1.0380695509424294,1.0354056568512167,1.0380118436355932,1.0587388308995724,1.0600026462667793,1.0504671854285372,1.0406654574579326,1.0448123130647824,1.0509171437044376,1.046397296544137,1.0430659901357635,1.037958865417051,1.0358387800601845,1.03572293427378,1.0377227495476624,1.0374914207590007,1.0375256905519898,1.0400140953195978,1.0374739173854814,1.0422700373874787,1.040991497408434,1.0425120427974914,1.0429241381149865,1.0130900179742244,1.0187286524102948,1.0089494007972144,1.0532080160311785,1.0468624778707443,1.0071958612950482,1.053830247259007,1.0438605631564872,1.0445386310529898,1.0452440556951554,1.0437258661972613,1.0406988673527846,1.0416769558777437,1.0389398956148177,1.0468322455203596,1.0461685533495277,1.0492604713835645,1.050599664993861,1.0027718589521863,1.0584981542736278,1.0600484198400972,1.056625246676034,1.055414352900202,1.0512774476325164,1.0472684112626633,1.0523998722555878,1.0584090900313814,1.0513657167189085,1.0521500933749819,1.054360102598125,1.052591327983962,1.0513896913036058,1.049614387636755,1.052664168068212,1.0508920921731586,1.0478538321985866,1.0487319821832928,1.0502327634681121,1.051111916388238,1.0537714988355447,1.0463559714359298,1.042659642959658,1.0438304316662552,1.0410607252373012,1.0373293680728621,1.0428518756134422,1.0422448577334698,1.040761978986116,1.0430613385935223,1.0363023691458022,1.0430879029807023,1.0411980340085487,1.0410195303878906,1.0070161790767655,1.009918113556652,1.0358074490695912
0.75,1.0337585751365788,1.0333768935599428,1.0340681231329658,1.038848676544484,1.0367938659178604,1.0361280436785605,1.0350678299954088,1.0205773548840478,1.0435749447697675,1.0292626067500863,1.0340006205146588,1.0349380444521306,1.033222864347925,1.036117064099598,1.039459281153387,1.0368613472795598,1.048722636871911,1.0394218353741076,1.0394862116030763,1.0417544461197636,1.0446173103884488,1.048074563595351,1.0519529524005815,1.0479886492951627,1.0547090041726652,1.0161947592776355,1.0434251189422503,1.0416844447758382,1.0401123504025676,1.0247666571473182,1.040926562780228,1.042660543614254,1.0474258442409463,1.0578131396145702,1.0549012772797095,1.0545478563377433,1.0599999599972016,1.015646804328292,1.0451425212316894,1.0385626358515792,1.035996484497417,1.0383781167494588,1.0586715458212161,1.0599998904641557,1.050516707417472,1.0403127091841078,1.0443847810221525,1.0506118667909,1.0460122880002847,1.042838804805496,1.0377227847713537,1.0355621516932798,1.0354213795811695,1.037450499036411,1.0372202748580062,1.0372581784981834,1.0398270615344825,1.037228874956724,1.0418309483707224,1.0405494407400537,1.0419858775741986,1.0424345047536865,1.0126544344295556,1.0182601812855712,1.0084866814087388,1.052733581393733,1.046393633443324,1.0067125747490884,1.053319336083465,1.0434859932674359,1.0441674647837198,1.044881237669809,1.0433573630843767,1.0404975384681796,1.0415459202172914,1.0389261783861203,1.0467304587997563,1.046102149955418,1.0491051474797117,1.050260161167185,1.0023312240811373,1.0585035482870473,1.0599999633815465,1.0565137327270853,1.055196621751605,1.0512151362537152,1.0470625432026681,1.0519070180309211,1.057810524265646,1.0509396380356533,1.0517259641646546,1.054030207785344,1.0524086685495826,1.0512522313797767,1.049629754446166,1.052648397607246,1.0506991100930196,1.0474714994935521,1.0484288861431799,1.0498912106100216,1.0507512877001792,1.053446214653333,1.046127111336331,1.042480713550899,1.0437088780104165,1.0408629930641897,1.037226646735069,1.0428238700111538,1.0422490447640949,1.040809342451027,1.0429835594039258,1.0365356398798402,1.0429283457298335,1.0409668307678013,1.0407782627584283,1.0065044326334773,1.0100180921478883,1.0358016337787792
0.8333333333333334,1.0337585751365788,1.0334272097317412,1.0340845688124516,1.038848676544484,1.0367922369908713,1.0361280436785605,1.0350790033768555,1.0205773548840478,1.0435749447697675,1.0292626067500863,1.034063170398052,1.0349380444521306,1.0333148486026702,1.0360976613105872,1.039459281153387,1.0369336246076823,1.0487285186132944,1.0394218353741076,1.0394862116030763,1.0418803921775912,1.0447431003682022,1.048174179369327,1.0519684825270874,1.0479886492951627,1.0547090041726652,1.0161947592776353,1.0434251189422503,1.0417150720790145,1.0401578783456016,1.024777940793838,1.040926562780228,1.042660543614254,1.0474279215755196,1.0578131396145702,1.054911504760467,1.0545478563377433,1.0600018749876718,1.015671547169977,1.0451621983026658,1.0385626358515792,1.0359608511134706,1.0383781167494588,1.058796730241278,1.060091529331874,1.0505358376014324,1.0403127091841078,1.0444736702847968,1.0506280126776444,1.0460122880002847,1.0428170874427707,1.037804758192451,1.035694458129144,1.035536417216536,1.037450499036411,1.0372202748580062,1.0372581784981834,1.0398316896404696,1.0372876656707335,1.0418309483707224,1.0405501787902631,1.0419858775741986,1.0424345047536865,1.0126535881365706,1.0182612712803834,1.0084866814087388,1.052733581393733,1.0464247642057187,1.006706331320531,1.053319336083465,1.0434859932674359,1.044167987443544,1.044881237669809,1.0433573630843767,1.0404975384681796,1.0415800826063428,1.0389261783861203,1.0467304587997563,1.0461207551174387,1.0491508365891362,1.050260161167185,1.002337507715007,1.058555078240931,1.0600652249260027,1.056544582476324,1.055196621751605,1.0511715730204838,1.0470625432026681,1.0519951564778718,1.057810524265646,1.0509396380356533,1.0517259641646546,1.054030207785344,1.0524192110235628,1.0512574402313568,1.0496092592366593,1.0526580183585248,1.0507353049475605,1.04755489122734,1.0484288861431799,1.0498912106100216,1.05084728986638,1.0534816744248487,1.046127111336331,1.042480713550899,1.0437088780104165,1.0409389684245074,1.037226646735069,1.0428269215489692,1.0422538033650457,1.040809342451027,1.0429835594039258,1.0365356398798402,1.0429283457298335,1.0409985871107776,1.040815292502535,1.0065044326334773,1.010089581973626,1.0358335918304333
0.9166666666666666,1.0337585751365788,1.0334784170389966,1.0340747937465773,1.038848676544484,1.0367936620414322,1.0361280436785605,1.0350901332628009,1.0205773548840478,1.0435749447697675,1.0292626067500863,1.0341290807568124,1.0349380444521306,1.0334220044912625,1.0361214135501307,1.039459281153387,1.0370080019847028,1.048735182359414,1.0394218353741076,1.0394862116030763,1.0419847850971315,1.0448309252909087,1.048253175374771,1.0519880561983033,1.0479886492951627,1.0547090041726652,1.0161947592776353,1.0434251189422503,1.0417494555590088,1.0402062022600487,1.0247837592749174,1.040926562780228,1.042660543614254,1.0473072283454792,1.0578131396145702,1.0549211392718494,1.0545478563377433,1.0599975899060834,1.01568285346133,1.0451503154476558,1.0385626358515792,1.0360045028187594,1.0383781167494588,1.0589634620068518,1.0602809655325582,1.0506728857031788,1.0403127091841078,1.0445647990648292,1.050620746593735,1.0460122880002847,1.0428498617005786,1.0378124750234117,1.0357728508260986,1.035632775956192,1.037450499036411,1.0372202748580062,1.0372581784981834,1.0398404782387793,1.037307452088498,1.0418309483707224,1.0404952339243247,1.0419858775741986,1.0424345047536865,1.0126692338866758,1.0182700901952164,1.008486681408739,1.052733581393733,1.0464656627766444,1.0066990425419289,1.053319336083465,1.0434859932674359,1.0441684653279097,1.044881237669809,1.0433573630843767,1.0404975384681796,1.0415779495182975,1.0389261783861203,1.0467304587997563,1.046079513578238,1.0491529420965102,1.050260161167185,1.0023456322742124,1.058584358888947,1.0601066740624585,1.0565511373771728,1.055196621751605,1.0512219629652084,1.0470625432026681,1.0520861670887474,1.057810524265646,1.0509396380356533,1.0517259641646546,1.054030207785344,1.0524187217781376,1.0512685540783167,1.0496311822917415,1.0526200558648162,1.0507489073900769,1.0476419170068594,1.0484288861431799,1.0498912106100216,1.050941039292639,1.0535112859066176,1.046127111336331,1.042480713550899,1.0437088780104165,1.0410181396700597,1.037226646735069,1.0428338840329126,1.0422619061490914,1.040809342451027,1.0429835594039258,1.0365356398798402,1.0429283457298335,1.0410111421019097,1.0408358648989364,1.0065044326334773,1.010078240021664,1.0358173984194587
1.0,1.0333878691842058,1.0331161232045531,1.033659188590824,1.0383589052780442,1.0362885192163247,1.0356952912591484,1.0346798016693939,1.019967748869102,1.0428797547524016,1.028453851540874,1.0336945530504191,1.0345508851366778,1.0328155745616683,1.0357885574508912,1.0392103771413446,1.0366549695673763,1.048373047678165,1.0391340554666895,1.0392962397567338,1.0417038928244358,1.0444501969287203,1.0477688844012423,1.051495674133069,1.0475522425322936,1.054082210621488,1.0155349714647042,1.0430431157221838,1.0413917974524536,1.0398637273416254,1.024361741670633,1.0405668209852272,1.0422882104185205,1.0473088055722934,1.0578929817046248,1.0550161730386378,1.054667841392219,1.0599999600471186,1.0154385577199467,1.0450323630716758,1.0383881367735441,1.035827069329603,1.0380670573965474,1.0589296926661405,1.0599999043109516,1.0503384737030825,1.039707094651097,1.0439402392719916,1.0499529240021845,1.0453406625780455,1.0422571442582276,1.0373183964742656,1.0352942404950838,1.0351329190970024,1.0369911731000443,1.0367640376850886,1.0368105357575512,1.0393258031974855,1.0367751397193226,1.04117041838364,1.0398559856457659,1.0412812077697862,1.0417418552108657,1.0120228797310944,1.0176158159832978,1.007883438486997,1.0520099529417803,1.0456029629992891,1.0061460085539504,1.0527486437112719,1.0431600471100348,1.0438370178658254,1.0445186949851537,1.043029328891192,1.040268850484043,1.0412191422039283,1.0385064272399702,1.0464482061230578,1.0458535337345396,1.0489014896840076,1.0498777914665849,1.0018451678372926,1.058432097099946,1.0599999643602396,1.0564434586952798,1.0550903890597783,1.0511597031177822,1.046966340698528,1.0519066702730409,1.0575056838866599,1.050798540037734,1.0515748359738888,1.053977715551345,1.0522834829708334,1.0510638355713622,1.049486622949682,1.0524909464411707,1.050507226851086,1.0472570690627654,1.0481647521113722,1.0496236181604233,1.0508011882154489,1.0534287348871658,1.0458789289721282,1.0423101211845784,1.0436460480185639,1.0409630247737998,1.0372064383471569,1.0427745289483956,1.0422014786658926,1.0407418522214373,1.0427638024489587,1.0362832095897634,1.0425643382339393,1.0406704138685992,1.040494007522376,1.0059295763220637,1.0096475718799989,1.035420972428404
1.0833333333333333,1.0333878691842058,1.0331279147840486,1.03367004042734,1.0383589052780442,1.0362903583807894,1.0356952912591484,1.0346731499452213,1.019967748869102,1.0428797547524014,1.028453851540874,1.0337631931157476,1.0345508851366778,1.0332068451326464,1.0358103059572736,1.0392103771413446,1.036616015047284,1.048376147339612,1.0391340554666895,1.0392962397567338,1.0418112706544806,1.044613316045244,1.047983712250133,1.0515373477534518,1.0475522425322936,1.054082210621488,1.0155349714647042,1.0430431157221838,1.0413532678620543,1.0398587606979166,1.0243718998372597,1.0405668209852272,1.0422882104185205,1.0472798082506438,1.0578929817046248,1.0550344641025402,1.054667841392219,1.0599953337104444,1.0154645487334195,1.0450409533567622,1.0383881367735441,1.0358675532387727,1.0380670573965474,1.0589232517325793,1.060099255753834,1.050369276660949,1.039707094651097,1.0439728214888244,1.0499578912008938,1.0453406625780455,1.0422899300216826,1.0373895214962925,1.0353631724344998,1.035276204437431,1.0369911731000443,1.0367640376850886,1.0368105357575512,1.0393457223106684,1.036907129569048,1.04117041838364,1.039843254756185,1.0412812077697862,1.0417418552108657,1.012039825129776,1.0176296650369818,1.007883438486997,1.0520099529417803,1.0458456115336547,1.0061336119451494,1.0527486437112719,1.0431600471100348,1.04383739166531,1.0445186949851537,1.043029328891192,1.040268850484043,1.041249631243116,1.0385064272399702,1.0464482061230578,1.0458337800733497,1.0488665337021812,1.0498777914665849,1.0018511923550217,1.0583737902685155,1.0599567639591807,1.0564324102991824,1.0550903890597783,1.0512060976358917,1.046966340698528,1.0518532464310495,1.0575056838866599,1.050798540037734,1.0515748359738888,1.053977715551345,1.0523497193487608,1.0511798491256616,1.049584049956715,1.0524964797178114,1.0504940171737487,1.0474176200805272,1.0481647521113722,1.0496236181604233,1.0508260645594807,1.0534392710573888,1.0458789289721282,1.0423101211845784,1.0436460480185639,1.0409233474194663,1.0372064383471569,1.0427638481866581,1.042185273685874,1.0407418522214373,1.0427638024489587,1.0362832095897634,1.0425643382339393,1.0406472567721186,1.0404682520407231,1.0059295763220637,1.0094627808226089,1.0354525965465315
1.1666666666666667,1.0333878691842058,1.03308532887126,1.0336548400329908,1.0383589052780442,1.0362902345996097,1.0356952912591484,1.0346736598809165,1.019967748869102,1.0428797547524016,1.028453851540874,1.0337165846516707,1.0345508851366778,1.033174819282809,1.0357677670794476,1.0392103771413446,1.0366182686761407,1.0483812666019487,1.0391340554666895,1.0392962397567338,1.041709666283509,1.0445156102907953,1.0479120589793278,1.0515122830479682,1.0475522425322936,1.054082210621488,1.0155349714647042,1.0430431157221838,1.0413576759372405,1.0398268018688581,1.0243627013616061,1.0405668209852272,1.0422882104185205,1.0472780818754248,1.0578929817046248,1.055029463919012,1.054667841392219,1.0599950423832558,1.0154409198603072,1.045024772487655,1.0383881367735441,1.0357902929068026,1.0380670573965474,1.0588301176950579,1.0598735260493541,1.0501280027687478,1.039707094651097,1.0438919674096487,1.049944948198872,1.0453406625780455,1.042222193670122,1.0373674625134333,1.0353306439512318,1.0352309208104484,1.0369911731000443,1.0367640376850886,1.0368105357575512,1.0393040449792958,1.0368952783728969,1.04117041838364,1.0398419658836269,1.0412812077697862,1.0417418552108657,1.0120120542933784,1.0176112862219222,1.007883438486997,1.0520099529417803,1.045846673778356,1.006143712349282,1.0527486437112719,1.0431600471100348,1.04383679792951,1.0445186949851537,1.043029328891192,1.040268850484043,1.0412206372086714,1.0385064272399702,1.0464482061230578,1.0458307967659166,1.0488656336677806,1.0498777914665849,1.0018478914852538,1.0583838584782597,1.0599467695060372,1.0564223601865812,1.0550903890597783,1.0511147617194139,1.046966340698528,1.0518580405323346,1.0575056838866599,1.050798540037734,1.0515748359738888,1.053977715551345,1.0523286241559289,1.051149613865694,1.049501943211755,1.0524818793937247,1.0504851933049928,1.0473758512301192,1.0481647521113722,1.0496236181604233,1.050746438837953,1.0534106326209145,1.0458789289721282,1.0423101211845784,1.0436460480185639,1.0409235988055894,1.0372064383471569,1.0427658289896797,1.0421916253642833,1.0407418522214373,1.0427638024489587,1.0362832095897634,1.0425643382339393,1.040647546517452,1.040468721784715,1.0059295763220637,1.0094084550318252,1.0354297535920307
1.25,1.0333087904517004,1.0329844413154503,1.0335547069538307,1.0382631370816746,1.0361666529772073,1.0355894624563966,1.034558859239602,1.019771246161396,1.042629398519757,1.0281225405279077,1.03360924473122,1.0344296188543414,1.033092737947616,1.0357092796612215,1.0392633099747632,1.0364939649676748,1.048312481601463,1.0390869870608486,1.0393274996535438,1.041696309109213,1.044460847993541,1.0478088279922961,1.0513326777326981,1.047373456356578,1.0538158489594682,1.0152458974506038,1.0429053606767977,1.0413269640289167,1.0398153281005917,1.0242497171149576,1.0405558069598326,1.042170029830734,1.0473843843636643,1.057884983098658,1.0550716457797964,1.054709162153118,1.0599999593258176,1.0153885541334564,1.045197130525321,1.0386558570359035,1.0360562275291818,1.0382082066092053,1.0588540030246878,1.059999911511481,1.0502539695329396,1.0394916070697613,1.043709442411299,1.0497604656695674,1.045164197598874,1.0420601992075575,1.0372266536443293,1.035180160200371,1.0350824298568824,1.0367711716390087,1.036548551206531,1.0365882154927297,1.0391075037636794,1.0367165191512238,1.0408921407388085,1.0396294470669065,1.0410281796355505,1.0415315725001182,1.0117761181428264,1.0173824531938902,1.0076836866200132,1.0518003283020159,1.0456294765623277,1.0059585856710942,1.0525524984612538,1.0429692417977123,1.0436498857082201,1.0443378196082762,1.0428448359957623,1.0401173381959916,1.0411117543133581,1.0386385866959995,1.0463994881765026,1.0458110765069026,1.0488220894882594,1.0497978781356532,1.0017002032440445,1.0584703810664136,1.0599999639107673,1.0564069558463771,1.0550413421403853,1.0510955130897706,1.0469018718121572,1.051644593669136,1.0572179007656646,1.050537336264583,1.0513319049867553,1.0537456409395995,1.0521862369998796,1.0510850321103238,1.0495023150201903,1.052510549112931,1.050453223357339,1.047353029990245,1.048087747975968,1.0495419943212028,1.0506072884380233,1.0532091154827268,1.0459167791659807,1.0423380033351768,1.0437116470670178,1.0409656415426836,1.0373665477973937,1.0429271427432025,1.0423878183889164,1.0409869903980833,1.0429694473631435,1.0368312357928429,1.0424875409530403,1.040525273408374,1.0403420145611342,1.0057391834913112,1.0092829174156235,1.0354246104478582
1.3333333333333333,1.0333087904517004,1.0329841931869372,1.0336045697911957,1.0382631370816746,1.036163456742576,1.0355894624563966,1.0345648212406477,1.019771246161396,1.042629398519757,1.0281225405279077,1.0336100782286723,1.0344296188543414,1.033100925439758,1.0357155400563431,1.0392633099747632,1.0365310905164533,1.0483052246365299,1.0390869870608486,1.0393274996535438,1.0417467192512102,1.0445480615557883,1.0478716810985638,1.0513455307931383,1.047373456356578,1.0538158489594682,1.0152458974506038,1.0429053606767977,1.041335407806289,1.0398176056912178,1.0242538879488852,1.0405558069598326,1.042170029830734,1.0473845593629774,1.057884983098658,1.0550586274242906,1.054709162153118,1.0600007602290389,1.0154040489120562,1.0452526151746129,1.0386558570359035,1.036067218680528,1.0382082066092053,1.058902299868432,1.059997792380552,1.050300189718514,1.0394916070697613,1.0437123341712833,1.0498055539867093,1.045164197598874,1.042084817242801,1.037229072561043,1.0351820214351712,1.0350046917234295,1.0367711716390087,1.036548551206531,1.0365882154927297,1.0391559672348585,1.0367199417447972,1.0408921407388085,1.039629946717323,1.0410281796355505,1.0415315725001182,1.0117805714230548,1.017384151510973,1.0076836866200132,1.0518003283020159,1.0456339439631805,1.0059573894403386,1.0525524984612538,1.0429692417977123,1.043650277032244,1.0443378196082762,1.0428448359957623,1.0401173381959916,1.0411781302799568,1.0386385866959995,1.0463994881765026,1.0458195518730775,1.0488466146077415,1.0497978781356532,1.0017003501553579,1.058496926988841,1.0600189731277445,1.0564420265569938,1.0550413421403853,1.0511079285640008,1.0469018718121572,1.0516937081339632,1.0572179007656646,1.050537336264583,1.0513319049867553,1.0537456409395995,1.0522208048468784,1.051104661005313,1.049529852277897,1.0525298259326552,1.0504806223686156,1.0472432103241807,1.048087747975968,1.0495419943212028,1.0506114209357251,1.053218988914771,1.0459167791659807,1.0423380033351768,1.0437116470670178,1.0410070027620963,1.0373665477973937,1.0429316689012453,1.0423929465017086,1.0409869903980833,1.0429694473631435,1.0368312357928429,1.0424875409530403,1.0405428375909758,1.0403625211739445,1.0057391834913112,1.0095078217294375,1.035497803717871
1.4166666666666667,1.0333087904517004,1.0330034251955795,1.0335865977080767,1.0382631370816746,1.0361623357914718,1.0355894624563966,1.034564511878392,1.019771246161396,1.0426293985197572,1.0281225405279077,1.033639061733499,1.0344296188543414,1.033171340859155,1.0357567288244756,1.0392633099747632,1.0365260392809956,1.0482979612141585,1.0390869870608486,1.0393274996535438,1.0417828935215427,1.044575191676106,1.0479097764438574,1.0513629406907443,1.047373456356578,1.0538158489594682,1.0152458974506038,1.0429053606767977,1.0413328632759313,1.0398312482874004,1.0242584692447023,1.0405558069598326,1.042170029830734,1.0474185996755803,1.057884983098658,1.055054877956045,1.054709162153118,1.0599980432484517,1.015418045246936,1.045233026880132,1.0386558570359035,1.0361421005581157,1.0382082066092053,1.058904129642498,1.0600066908430053,1.0503265543698377,1.0394916070697613,1.0437506628001025,1.0497895012897256,1.045164197598874,1.0421387395547534,1.0372636309785261,1.0352047427507056,1.0349957493809125,1.0367711716390087,1.036548551206531,1.0365882154927297,1.0391665896055702,1.0367528708210605,1.0408921407388085,1.039646812066482,1.0410281796355505,1.0415315725001182,1.0118025487977462,1.0173986536717978,1.0076836866200132,1.0518003283020159,1.045669528462529,1.0059514709660435,1.0525524984612538,1.0429692417977123,1.0436506538258135,1.0443378196082762,1.0428448359957623,1.0401173381959916,1.0411676574844608,1.0386385866959995,1.0463994881765026,1.0458377614655239,1.0488586466042427,1.0497978781356532,1.0017012705992916,1.058518616547376,1.0600395289295752,1.0564377381632801,1.0550413421403853,1.0511969849280487,1.0469018718121572,1.0516891970185607,1.0572179007656646,1.050537336264583,1.0513319049867553,1.0537456409395995,1.0522452524178567,1.0511673404461743,1.049649332250053,1.0525913726164036,1.0505121964416764,1.0472161690063908,1.048087747975968,1.0495419943212028,1.0506452334385743,1.0532271805824411,1.0459167791659807,1.0423380033351768,1.0437116470670178,1.041005387645945,1.0373665477973937,1.0429297575669005,1.0423894008478294,1.0409869903980833,1.0429694473631435,1.0368312357928429,1.0424875409530403,1.0405476291744165,1.0403663384050132,1.0057391834913112,1.0094527106773505,1.0354880378507627
1.5,1.0329029899061917,1.032574054408253,1.0331949456342917,1.03770096148819,1.0355812868213614,1.0350746503988748,1.0340971772620997,1.0190838159901545,1.0418382290035952,1.0271921567244962,1.0331845564480138,1.0339851141768168,1.0329211074075086,1.0353217395635328,1.0389387955786054,1.0362264368967355,1.0478987086466605,1.0387514106240188,1.0390891475901327,1.0415636213465758,1.0443686221714632,1.0476344382359453,1.0508403689829082,1.0468662978428227,1.0531068664316299,1.014501952219144,1.0424999761913238,1.0409925011727486,1.0395027883731593,1.0237954376211387,1.0402324052637124,1.041776875904688,1.047185163560553,1.057956044466751,1.0551486075558305,1.0548020163975302,1.0599999187274896,1.01518208738157,1.0453626949439592,1.038746111389246,1.0361208475464063,1.038016514741596,1.05910605140978,1.0599998455240385,1.0501574052986633,1.0389616129026826,1.0431715138980875,1.0492725005429695,1.0445814463140697,1.0415581297740444,1.0368281816199514,1.0348697795363357,1.0346456034559954,1.0362481304493978,1.0360190483888205,1.036061963471187,1.0386642289175807,1.0363253868620148,1.0401803730519075,1.0388662384335952,1.0402726688727741,1.0407911452465117,1.0110993442309277,1.0166964270478016,1.0070615074256553,1.0511650908822496,1.0451082791278017,1.0053186955522364,1.051931570906233,1.0426477458737113,1.0433188078580058,1.043946793941261,1.042516146079172,1.0398626632739794,1.0409524733073738,1.038542504829184,1.0461174505717041,1.045534686162421,1.0485865638132537,1.049375058992517,1.0011522571368308,1.058403317643908,1.0599999311001296,1.0565193514038096,1.0551232775202168,1.0512044737333233,1.0469107654480925,1.0517184415569696,1.0569087834207744,1.0504131355170323,1.0511666955202388,1.0535587846486187,1.0520962509576632,1.0509875221219358,1.0494185593907746,1.0523628482687601,1.0502459279051783,1.04698671701554,1.0478251322754686,1.0492798502660994,1.0504261632401695,1.0530418483225394,1.0457514199214344,1.0421990866202906,1.0436543230072777,1.0410547787916806,1.0372730039703508,1.0429416583259012,1.0424258038003622,1.0410604869079614,1.042938054203573,1.0370801375971603,1.0420689457872478,1.0401987715998477,1.0400281831706641,1.0050706993242904,1.0092445568111124,1.0353762671350457
1.5833333333333333,1.0329029899061917,1.0326318504735408,1.0332173893937622,1.03770096148819,1.0355858428302283,1.0350746503988748,1.03410211430795,1.0190838159901545,1.0418382290035952,1.0271921567244962,1.033243726026602,1.0339851141768168,1.0329344963337663,1.0353683412116823,1.0389387955786054,1.036251894304229,1.047897638986471,1.0387514106240188,1.0390891475901327,1.0416850854484894,1.0444743524587057,1.0476977472244076,1.0508570048865795,1.0468662978428227,1.0531068664316299,1.014501952219144,1.0424999761913238,1.0409459134865535,1.0395332125892411,1.0237944540604071,1.0402324052637124,1.041776875904688,1.0472589442824478,1.057956044466751,1.0551419810722178,1.0548020163975302,1.0600009189316926,1.0151832195730968,1.0453839800685687,1.038746111389246,1.036204979701256,1.038016514741596,1.0590331901730934,1.0597419075062982,1.049869698705423,1.0389616129026826,1.0432650727540733,1.0492862443707747,1.0445814463140697,1.041630035772516,1.0368794557333374,1.0349157973812957,1.0346247574534497,1.0362481304493978,1.0360190483888205,1.036061963471187,1.0387086020949718,1.036346123027644,1.0401803730519075,1.0389004757939235,1.0402726688727741,1.0407911452465117,1.0111156843436626,1.0167073023544513,1.0070615074256553,1.0511650908822496,1.0450863688234207,1.0053173973719358,1.051931570906233,1.0426477458737113,1.0433181352054737,1.043946793941261,1.042516146079172,1.0398626632739794,1.0409754528709805,1.038542504829184,1.0461174505717041,1.0455769034638267,1.0486306286966378,1.049375058992517,1.0011498768390574,1.058341511249141,1.0599993295686487,1.0565303935080559,1.0551232775202168,1.0513055306788464,1.0469107654480925,1.051753906150541,1.0569087834207744,1.0504131355170323,1.051166695520239,1.0535587846486187,1.0521319501365343,1.0510354375323936,1.049536323939324,1.0524222609030358,1.050287714136007,1.046930176901611,1.0478251322754686,1.0492798502660994,1.050537289469986,1.0530827886907037,1.0457514199214344,1.0421990866202906,1.0436543230072777,1.0410841971777038,1.0372730039703508,1.0429131550803172,1.0423899668276715,1.0410604869079614,1.042938054203573,1.0370801375971603,1.0420689457872478,1.0402232700641882,1.0400532076371312,1.0050706993242904,1.0089090786054369,1.0353941591909153
1.6666666666666667,1.0329029899061917,1.0326583677192225,1.03317893563502,1.03770096148819,1.035583478634683,1.0350746503988748,1.0341029671958584,1.0190838159901545,1.0418382290035952,1.0271921567244962,1.0332739229919365,1.0339851141768168,1.0329666740003804,1.0353920120850224,1.0389387955786054,1.036253905335775,1.047894556817652,1.0387514106240188,1.0390891475901327,1.0417132137034981,1.0444736959915961,1.0477075457532212,1.0508704195137788,1.0468662978428227,1.0531068664316299,1.014501952219144,1.0424999761913238,1.0409841396784367,1.0395636582382621,1.0238061784176087,1.0402324052637124,1.041776875904688,1.0473289908800272,1.057956044466751,1.0551527298937315,1.0548020163975302,1.060000580870762,1.0152086225285182,1.0453447595350986,1.038746111389246,1.0362480077919425,1.038016514741596,1.0591054776553006,1.0599040205123904,1.0500006133551725,1.0389616129026826,1.0433193804594803,1.049255073945182,1.0445814463140697,1.0416545661273287,1.0369669254153404,1.0350145073690298,1.0347325456672862,1.0362481304493978,1.0360190483888205,1.036061963471187,1.0386936614074365,1.0363989083034513,1.0401803730519075,1.0389334840922815,1.0402726688727741,1.0407911452465117,1.0111371054223321,1.016723673949547,1.0070615074256553,1.0511650908822496,1.0450948776181497,1.0053070875937398,1.051931570906233,1.0426477458737113,1.0433191093611416,1.043946793941261,1.042516146079172,1.0398626632739794,1.040942548451708,1.038542504829184,1.0461174505717044,1.0456159968153638,1.0486604052952955,1.049375058992517,1.0011536608682003,1.0584483658742565,1.0600812140087401,1.056535240783149,1.0551232775202168,1.051356657658739,1.0469107654480925,1.0517555447392877,1.0569087834207744,1.0504131355170323,1.051166695520239,1.0535587846486187,1.0521401428640886,1.0510855285031913,1.0496382688582095,1.0525147430915027,1.0503380762942511,1.047020960102868,1.0478251322754686,1.0492798502660994,1.0505824826241157,1.0530916026667574,1.0457514199214344,1.0421990866202906,1.0436543230072777,1.0410887490305376,1.0372730039703508,1.0429239226619973,1.0424038359918668,1.0410604869079614,1.042938054203573,1.0370801375971603,1.0420689457872478,1.0402365926421724,1.0400652382432833,1.0050706993242904,1.0087720070065478,1.0353504254151626
1.75,1.0326947906921142,1.032387017440337,1.0329631132717039,1.037473646783275,1.0353284580740307,1.034898467392373,1.033913510640555,1.0187060633156815,1.0414162564842817,1.0267154746257108,1.0330018492714137,1.0337693924553149,1.0328104233936037,1.0352166733228123,1.0390621355197789,1.0360675598583715,1.047748375872709,1.0385434624373944,1.0390577345135488,1.0415271400258952,1.0442803246179242,1.047498491663893,1.050619388952306,1.0466750976492034,1.052800595460926,1.0139800246766602,1.0422095829759577,1.0407455979674538,1.0392880311148378,1.0235627703660493,1.040004827339436,1.0415388414478666,1.0474438296227888,1.057967557342785,1.055162404750721,1.0548012276133365,1.0599999598434855,1.0151127358241099,1.0453965075309999,1.0388152400145207,1.0362707647064433,1.0382455980568819,1.059161313188856,1.0599999129853888,1.0500569507306876,1.0390814844161191,1.043260564632479,1.049316794992082,1.0446174104376826,1.0416163391448165,1.0370491479914656,1.035104305063807,1.0348312450486823,1.0362482608305823,1.0360361327158807,1.0360771205907249,1.0386899060940298,1.0364593384942236,1.0402050099365334,1.038956381155579,1.0402673171673928,1.0408097713677753,1.0111014613581233,1.0166819070193178,1.0069925811076217,1.051115884804426,1.0450947855410786,1.0052292739935185,1.05186021532292,1.0425944724263494,1.0432505447713087,1.0437995535434241,1.042448868173175,1.0398462230473835,1.040921660151262,1.038514880100867,1.0462187471265767,1.0457216043547164,1.04872578682096,1.049302794538731,1.0010694916987433,1.058460821608962,1.0599999635784156,1.0563645428308757,1.054900666335084,1.0510076016150707,1.0466387350712112,1.051431370154739,1.0564899119045796,1.049869785393874,1.0507130810649026,1.0532831622041534,1.051922771711896,1.0509075576882703,1.04943994814853,1.0524451572570033,1.0502693222862816,1.046991830196928,1.0476342889206023,1.0490945242748042,1.0502513345745066,1.0527989814208598,1.0456130546398867,1.0421185984399874,1.0436787493180832,1.0410922541612317,1.0373093506556028,1.0429284004851616,1.0424014176490741,1.0409983361421797,1.042829040335316,1.0370012529886956,1.0418731337121134,1.0399883711096367,1.039812968629655,1.004974001492252,1.0085866029819328,1.035340009813834
1.8333333333333333,1.0326947906921142,1.0323830819736044,1.0330009372885913,1.037473646783275,1.0353280266722757,1.034898467392373,1.0339043487955775,1.0187060633156815,1.041416256484282,1.0267154746257108,1.0330057519408156,1.0337693924553149,1.0328631009324072,1.035160766023713,1.0390621355197789,1.0360116424854533,1.047741441102872,1.0385434624373944,1.0390577345135488,1.0415582910273322,1.0443416644148193,1.0475476029896869,1.0506120575313995,1.0466750976492034,1.0528005954609259,1.0139800246766602,1.0422095829759577,1.0407281602425018,1.0392795915936246,1.023556333188519,1.040004827339436,1.0415388414478666,1.0474613483749173,1.057967557342785,1.0551476897121697,1.0548012276133365,1.0600026005580485,1.0151033460331544,1.0454377890696636,1.0388152400145207,1.0361687692167845,1.0382455980568819,1.059023419112183,1.059827981069861,1.0499578385414676,1.0390814844161191,1.043245901713039,1.0493492628197598,1.0446174104376826,1.041546177906921,1.0369915591383032,1.0349860824003778,1.0346888648567905,1.0362482608305823,1.0360361327158807,1.0360771205907249,1.0386860997618081,1.0364393856088383,1.0402050099365334,1.0389639540319813,1.0402673171673928,1.0408097713677753,1.011074454983156,1.0166639104485593,1.0069925811076217,1.051115884804426,1.0451273196861177,1.0052373075831977,1.05186021532292,1.0425944724263494,1.0432500168144596,1.0437995535434241,1.042448868173175,1.0398462230473835,1.0409598697888067,1.038514880100867,1.0462187471265767,1.0457151120720192,1.048695944051435,1.049302794538731,1.0010663626784468,1.0584072843599166,1.0599689665340069,1.0563766093847113,1.054900666335084,1.0508862170162023,1.0466387350712112,1.0513613822326078,1.0564899119045796,1.049869785393874,1.0507130810649026,1.0532831622041534,1.0519215374271054,1.0508707468514396,1.0493182324651409,1.0523926251130253,1.0502174909944098,1.0468646778902992,1.0476342889206023,1.0490945242748042,1.0502480087707755,1.0528042627862026,1.0456130546398867,1.0421185984399874,1.0436787493180832,1.0410323797671046,1.0373093506556028,1.0429238043860463,1.0423948208990497,1.0409983361421797,1.042829040335316,1.0370012529886956,1.0418731337121134,1.0399662167267933,1.0397862395241277,1.004974001492252,1.008754761843766,1.0353873599567909
1.9166666666666667,1.0326947906921142,1.0324440247923987,1.032989097618996,1.037473646783275,1.0353318954062247,1.034898467392373,1.0339056388410983,1.0187060633156815,1.0414162564842817,1.0267154746257108,1.0330662518607394,1.0337693924553149,1.032865195681931,1.0352022062795403,1.0390621355197789,1.0360241486327597,1.0477394638407032,1.0385434624373944,1.0390577345135488,1.0416561451920112,1.0444011290414126,1.0475778891819911,1.05062717220469,1.0466750976492034,1.0528005954609259,1.0139800246766602,1.0422095829759577,1.0407547172715588,1.0393353971643942,1.0235572508833142,1.040004827339436,1.0415388414478666,1.0473277600981132,1.057967557342785,1.0551502946135562,1.0548012276133365,1.0599986834225665,1.015105114828573,1.045422588355582,1.0388152400145207,1.0362445109639997,1.0382455980568819,1.0591597028739395,1.0601224846360409,1.0502898252193344,1.0390814844161191,1.0433525397957395,1.0493397874313506,1.0446174104376826,1.0416051227696839,1.0369167379735396,1.0349478879582796,1.0346948832146128,1.0362482608305823,1.0360361327158807,1.0360771205907249,1.0387046581133463,1.0363847778891786,1.0402050099365334,1.0389030638204968,1.0402673171673928,1.0408097713677753,1.0110992504525826,1.016677021040517,1.0069925811076217,1.051115884804426,1.0450964527584852,1.0052316026477062,1.05186021532292,1.0425944724263494,1.0432504679447263,1.0437995535434241,1.042448868173175,1.0398462230473835,1.0409506189336935,1.038514880100867,1.0462187471265767,1.0456533890977122,1.0486554610675007,1.049302794538731,1.0010732648140093,1.0583987814807048,1.0599869920534877,1.0563734080237062,1.054900666335084,1.0509754169298284,1.0466387350712112,1.051374859109708,1.0564899119045796,1.049869785393874,1.0507130810649026,1.0532831622041534,1.051899541500335,1.0508472364485029,1.0493306100990962,1.0523205684497123,1.0501883413178887,1.0468925145082915,1.0476342889206023,1.0490945242748042,1.0503576066293396,1.0528377588673692,1.0456130546398867,1.0421185984399874,1.0436787493180832,1.0410469854805235,1.0373093506556028,1.0429314901435012,1.042400297481752,1.0409983361421797,1.042829040335316,1.0370012529886956,1.0418731337121134,1.0399497550270782,1.0397735333138742,1.004974001492252,1.0086936828935147,1.0353647999582423
2.0,1.032677535923157,1.0324611605764522,1.032973664295123,1.0374259180130303,1.0352737403215813,1.0348603047985823,1.0338846948950497,1.018609533252597,1.04127860552329,1.026513880177836,1.0330927358486055,1.0337690975686502,1.0329983796926578,1.035191453273433,1.0390409619174088,1.0360327717687037,1.0477164123227451,1.0385624490395349,1.0390709609724182,1.0417189658532602,1.044455779877864,1.0476087963948082,1.050524355845096,1.046560250300119,1.0526200502643877,1.0138650792988642,1.0421663487473987,1.0407396615537554,1.0393652573772667,1.0235101728860931,1.0400290568391808,1.0414842631611778,1.0474079656560729,1.0579699101236373,1.0552037426589573,1.0548449403648232,1.0599999156705717,1.0150668819643727,1.0454963737968619,1.038912909094457,1.0362939085234388,1.0381937308945146,1.0591313168681213,1.0599998409863294,1.0500415391172537,1.0387897996877244,1.0431231696367347,1.0490787909881174,1.0443573733030715,1.0413562254206952,1.036829210292079,1.0348819406022047,1.0346542774967469,1.0360537746360519,1.0358235960853772,1.035884561472722,1.0384946343149601,1.0362837946002301,1.039846175515957,1.0386138818313222,1.0399363144704152,1.040493160276032,1.0107826043026744,1.016379114655102,1.0067493013752589,1.0508493531604064,1.0448907181314795,1.0050007994299521,1.0516036215855453,1.0424492783622024,1.0431096038287369,1.0436882561170775,1.0423064292758657,1.0398345748900053,1.0408856153027488,1.03850584842129,1.0460404491343473,1.0455265952475663,1.0485284509272594,1.049148802617779,1.0008735465761562,1.0583698109505246,1.0599999279298553,1.0564032357297766,1.05492870598125,1.0510077919243852,1.0467088961489894,1.0513854812427712,1.0564483969201848,1.0499630580500494,1.0507783866018678,1.053408394235989,1.051999197231363,1.0509115077600235,1.0493731390695908,1.0523506692492557,1.050135051480512,1.0469207059150125,1.047591078673705,1.0490505344378085,1.0504349637187036,1.0529501492743696,1.0456256972059799,1.0421145786273502,1.043686453002101,1.0410700543326847,1.037338589809171,1.0430447221360026,1.0425575919594243,1.0412766039007213,1.0429914473032815,1.0373262275165775,1.0418431009906615,1.039922576841471,1.0397464918366777,1.0047447517091352,1.0087370578657053,1.0353333993137745
2.0833333333333335,1.032677535923157,1.0324531052760961,1.0329143650456953,1.0374259180130303,1.0352155638731952,1.0348603047985823,1.0338793691711898,1.018609533252597,1.04127860552329,1.026513880177836,1.0330772604523903,1.0337690975686502,1.0329675564795149,1.0352525578235905,1.0390409619174088,1.0360469528745033,1.0476959187356807,1.0385624490395349,1.0390709609724182,1.0417019492093833,1.044434496583395,1.0476136323320457,1.0505614722604142,1.046560250300119,1.0526200502643877,1.0138650792988642,1.0421663487473987,1.0407326145860414,1.03935498715893,1.0235326432539489,1.0400290568391808,1.0414842631611778,1.047399157677443,1.0579699101236373,1.0551888624625547,1.0548449403648232,1.0600083043354669,1.0151306118671717,1.0454634082442622,1.038912909094457,1.036399872922871,1.0381937308945146,1.0591529024851263,1.059998731938939,1.0500972611470303,1.0387897996877244,1.043125960686262,1.0490528390463414,1.0443573733030715,1.041426446143655,1.0367958974474818,1.0348283712633892,1.0345347728009504,1.0360537746360519,1.0358235960853772,1.035884561472722,1.0385016592263947,1.0362599142382412,1.039846175515957,1.0386126070957549,1.0399363144704152,1.040493160276032,1.0108061327457722,1.0163921288702709,1.0067493013752589,1.0508493531604064,1.0448782770339182,1.0049874341527965,1.0516036215855453,1.0424492783622024,1.0431115168204308,1.0436882561170775,1.0423064292758657,1.0398345748900053,1.0408636932623978,1.03850584842129,1.0460404491343473,1.0455265082731513,1.048531131732105,1.049148802617779,1.0008523043539475,1.05838779998218,1.0600029871913277,1.056386182390476,1.05492870598125,1.051130213101201,1.0467088961489894,1.0513936328382647,1.0564483969201848,1.0499630580500494,1.0507783866018678,1.053408394235989,1.0520099259133195,1.0509595026815153,1.049501391383177,1.0524026965268256,1.05016466050085,1.0467842546587172,1.047591078673705,1.0490505344378085,1.0504173038738451,1.0529386557942815,1.0456256972059799,1.0421145786273502,1.043686453002101,1.0410767768230138,1.037338589809171,1.0430447790264585,1.0425573737174623,1.0412766039007213,1.0429914473032815,1.0373262275165775,1.0418431009906615,1.039924746340185,1.0397492184493615,1.0047447517091352,1.0145343947443324,1.035307620878619
2.1666666666666665,1.032677535923157,1.0324541619528183,1.0329693195636687,1.0374259180130303,1.0352130718363568,1.0348603047985823,1.0338799408133372,1.018609533252597,1.04127860552329,1.026513880177836,1.0330912370184295,1.0337690975686502,1.033057615348469,1.0352651384322278,1.0390409619174088,1.0360506274940184,1.0476896679061019,1.0385624490395349,1.0390709609724182,1.0417790089151595,1.0445644738583497,1.0477306422029518,1.0505888060463562,1.046560250300119,1.0526200502643877,1.0138650792988642,1.0421663487473987,1.0407339404537073,1.0393561947131111,1.023544847741082,1.0400290568391808,1.0414842631611778,1.0474088827395478,1.0579699101236373,1.0551946544894037,1.0548449403648232,1.0600089387184057,1.015163264024578,1.0455235707413775,1.038912909094457,1.0364234990391565,1.0381937308945146,1.0592824486841843,1.060293268214856,1.0504130876404727,1.0387897996877244,1.04313974097292,1.049101732014434,1.0443573733030715,1.0414637930867057,1.036844979174074,1.0348864684522,1.034594378466716,1.0360537746360519,1.0358235960853772,1.035884561472722,1.0385597063799081,1.0363096779306642,1.039846175515957,1.0386177643691097,1.0399363144704152,1.040493160276032,1.0108235459941841,1.0164048158684518,1.0067493013752589,1.0508493531604064,1.0449358159723037,1.0049760298526622,1.0516036215855453,1.0424492783622024,1.043112094891273,1.0436882561170775,1.0423064292758657,1.0398345748900053,1.040944570372065,1.03850584842129,1.0460404491343473,1.0455356424419802,1.0485396041373045,1.049148802617779,1.000856612861715,1.058402962384248,1.0600056663823145,1.056416980988011,1.05492870598125,1.0511572119937491,1.0467088961489894,1.051397099506025,1.0564483969201848,1.0499630580500494,1.0507783866018678,1.053408394235989,1.0520579573315012,1.0510028451508524,1.049551274844177,1.0524208529360104,1.0501781625596984,1.0468320014128432,1.047591078673705,1.0490505344378085,1.0504239346892774,1.0529499440294925,1.0456256972059799,1.0421145786273502,1.043686453002101,1.0410834525321369,1.037338589809171,1.04305203953831,1.042562858166414,1.0412766039007213,1.0429914473032815,1.0373262275165775,1.0418431009906615,1.0399288287103092,1.039753417374614,1.0047447517091352,1.0146532199517173,1.0353925075111132
2.25,1.03192431528885,1.031840735256824,1.0321760587616147,1.0363336552885556,1.034244329360419,1.0340229969676316,1.0331811687072958,1.0178737950833379,1.04040715672308,1.0254539937045288,1.032386565743671,1.0332582617549195,1.0323914167805692,1.034807124372347,1.0387024339698512,1.0356557916687477,1.0472723173359024,1.0382610920488604,1.0387787834036715,1.0413504952567234,1.0440558475772397,1.047164722805007,1.0499729744133826,1.0459157884294712,1.051976175816884,1.0131160376444228,1.0417461481837498,1.0403262522487733,1.0389262868909936,1.0230532022960357,1.039600198899822,1.0410722956943377,1.047241800732991,1.0580069184776897,1.0552353480916143,1.0548998365796465,1.0599999356302536,1.0148937922792507,1.0457026278890782,1.0392363381001992,1.0366771212745027,1.0381945213886272,1.0592903184841844,1.0599999137361462,1.0500428569242213,1.0383081636670453,1.0425987058438726,1.048556366526595,1.0438246387692376,1.0409623325453352,1.0364295570003,1.034523875862147,1.034183940075948,1.0356485105107056,1.0354125963893903,1.0354696344064387,1.0380895221492745,1.035882035399017,1.0393692820878022,1.038037549962426,1.039347822896512,1.039879947334668,1.0103035736953356,1.0158594561865102,1.0062412289172085,1.0502395336369943,1.044291021734521,1.004487750818087,1.0511700061105755,1.0422865952198594,1.0429147959201306,1.043314087463034,1.0421126433162633,1.0395913268896904,1.0406500268898893,1.0382977250347019,1.0459457728357802,1.0454458567767204,1.048455510472959,1.0489083360633626,1.000454102624401,1.0583653963568895,1.0599999545456475,1.0564271859178058,1.0549624928096146,1.0512304892551576,1.0468004908493982,1.051441741776124,1.0562879032522636,1.0500236472562179,1.0507567602398507,1.0532536734783806,1.051897685502082,1.0508535303557607,1.0494400286766141,1.0523305087502473,1.0500528572461347,1.046576204344693,1.047439009466112,1.048850749280784,1.0502252972858284,1.0527770508528087,1.0454246512234044,1.0419726525158586,1.0435640922865936,1.0410275254593708,1.0371127237454163,1.0428917167559728,1.042386006760445,1.0410403266040495,1.0427302856891811,1.0371152318306156,1.0414145890435085,1.0395568643504347,1.0393877051982643,1.0042016810847318,1.014000730617863,1.0351099389142786
2.3333333333333335,1.03192431528885,1.0318028106434673,1.0321862633905152,1.0363336552885556,1.0342428997970545,1.0340229969676316,1.0331726651526056,1.0178737950833379,1.0404071567230802,1.0254539937045288,1.0323533637643325,1.0332582617549195,1.0324200636719572,1.0348004367878918,1.0387024339698512,1.0356037975144592,1.047273292838998,1.0382610920488604,1.0387787834036715,1.0413011847562896,1.0440385514391044,1.0471705602249035,1.0499745490155659,1.0459157884294712,1.051976175816884,1.0131160376444228,1.0417461481837498,1.0403207601938234,1.0388952159800084,1.0230563159769506,1.039600198899822,1.0410722956943377,1.0472733795107674,1.0580069184776897,1.0552457362584298,1.0548998365796465,1.0600018809364744,1.014899916186631,1.045714842369629,1.0392363381001992,1.0366650742479764,1.0381945213886272,1.0592522769122206,1.0600631724662333,1.0500886065392754,1.0383081636670453,1.0425398034937423,1.0485652638139604,1.0438246387692376,1.0409557012132287,1.0364471528679045,1.0345225464317431,1.0342432876589642,1.0356485105107056,1.0354125963893903,1.0354696344064387,1.0380940699027124,1.0359067451579054,1.0393692820878022,1.038051633915993,1.039347822896512,1.039879947334668,1.0103028671566063,1.0158610791369413,1.0062412289172085,1.0502395336369943,1.0443303621394522,1.004484953661016,1.0511700061105755,1.0422865952198594,1.04291503313963,1.043314087463034,1.0421126433162633,1.0395913268896904,1.0406634955372707,1.0382977250347019,1.0459457728357802,1.0454502870731786,1.0484338911311706,1.0489083360633626,1.0004525911123676,1.058378425502192,1.059986305537423,1.0564288274780285,1.0549624928096146,1.0512161055318734,1.0468004908493982,1.0513738742706535,1.0562879032522636,1.0500236472562179,1.0507567602398507,1.0532536734783806,1.0519159010588661,1.0508768055302073,1.0494536391315377,1.052352641455678,1.0500411102698606,1.0466603016577418,1.047439009466112,1.048850749280784,1.0501564031998927,1.0527560618511451,1.0454246512234044,1.0419726525158586,1.0435640922865936,1.0409710679344788,1.0371127237454163,1.0428956669475524,1.0423912153488408,1.0410403266040495,1.0427302856891811,1.0371152318306156,1.0414145890435085,1.0395381052892823,1.0393642307784439,1.0042016810847318,1.014067237279363,1.0351270102153405
2.4166666666666665,1.03192431528885,1.0318423238707386,1.032178309976273,1.0363336552885556,1.034247815510105,1.0340229969676316,1.0331625058627931,1.0178737950833379,1.04040715672308,1.0254539937045288,1.032389954155515,1.0332582617549195,1.032400620526817,1.0347841262784638,1.0387024339698512,1.0355431204120926,1.0472737953950815,1.0382610920488604,1.0387787834036715,1.0413475999602055,1.044048755510536,1.0471553621891165,1.049960188856264,1.0459157884294712,1.051976175816884,1.0131160376444228,1.0417461481837498,1.0402845870316249,1.0389149878780395,1.0230406542108788,1.039600198899822,1.0410722956943377,1.0472613007002716,1.0580069184776897,1.055234279835704,1.0548998365796465,1.0600035415493805,1.014864812094738,1.0457039765713787,1.0392363381001992,1.0366346579791628,1.0381945213886272,1.0590257463815091,1.0596994381503622,1.0497478810043877,1.0383081636670453,1.0425895870023782,1.0485543648040025,1.0438246387692376,1.0409270521059253,1.0363502478631534,1.034375914624511,1.0341099720730897,1.0356485105107056,1.0354125963893903,1.0354696344064387,1.0380726322263545,1.0358380664491527,1.0393692820878022,1.03804523007143,1.039347822896512,1.039879947334668,1.01028447311682,1.0158473329013495,1.0062412289172085,1.0502395336369943,1.0442947375380407,1.0044962687730714,1.0511700061105755,1.0422865952198594,1.0429137606710859,1.043314087463034,1.0421126433162633,1.0395913268896904,1.0406415092567887,1.0382977250347019,1.0459457728357802,1.0454262953307913,1.048388161608869,1.0489083360633626,1.0004465794251807,1.0582725011675456,1.0599494766275397,1.056412300790919,1.0549624928096146,1.051180977758865,1.0468004908493982,1.0512974981243406,1.0562879032522636,1.0500236472562179,1.0507567602398507,1.0532536734783806,1.0518847540309673,1.050825760488448,1.0493734992388803,1.0522877503649017,1.0499790921383316,1.0465614722581633,1.047439009466112,1.048850749280784,1.0502300074585806,1.0527791952835164,1.0454246512234044,1.0419726525158586,1.0435640922865936,1.040904281280716,1.0371127237454163,1.0428732794864455,1.042363649181055,1.0410403266040495,1.0427302856891811,1.0371152318306156,1.0414145890435085,1.0395079973712391,1.0393297353238635,1.0042016810847318,1.0140484563587573,1.035114804866824
2.5,1.0319934719355353,1.0319127597372333,1.0322878817555246,1.0364167832995554,1.034334742584932,1.034120274937704,1.033276236662897,1.0179741634169392,1.0405429784846107,1.0256436335396684,1.032450146306075,1.033350150196056,1.0323758079230432,1.0348252525947832,1.0387576407698182,1.0357298116493898,1.0473136921323347,1.038258055560698,1.0387751162656371,1.0413622758152161,1.0440993151900557,1.0472035610924981,1.0500615424153916,1.0460297376206236,1.0521605440492485,1.0131779600632642,1.0417480795800413,1.0402816561771104,1.0388835826621616,1.0231023855079975,1.039570616374428,1.041054825140918,1.0473073029766262,1.0579959068148208,1.055198464537135,1.0548597020505697,1.0599999328073098,1.0149362775564235,1.0456713210883617,1.039134006011886,1.0364911900459362,1.0382196081863764,1.0592810841592184,1.0599998997883717,1.0500631324527434,1.0385425195100615,1.0428075311545126,1.0488129514019224,1.0440501644118905,1.0410722973057225,1.0365711741649004,1.0346432074212124,1.0342641806845787,1.0357386766322563,1.0354954929031321,1.0355595644347675,1.038210297343565,1.0359806484808927,1.0394934795438338,1.0382691315623325,1.039568258422219,1.0401033071551782,1.010444232160517,1.0160379711698866,1.006442266145254,1.0505044087338093,1.0444804607637048,1.0046864768169146,1.0514015412713387,1.0424776398685247,1.043094951599176,1.0434489018044208,1.0422907385681741,1.0397759006477743,1.0408679297021155,1.0384346764483974,1.046044124378932,1.045571374421211,1.0485913945067344,1.0490773932917312,1.0006390545133692,1.0583618350955846,1.059999950433423,1.0564614206290528,1.0549858948670277,1.0511325300570498,1.0468683384425557,1.0515475274333783,1.0564596011175698,1.0500878543710324,1.0508413728152193,1.053359172767707,1.0519712675739763,1.050871244126582,1.049375488449087,1.0523640082357018,1.0501505868151055,1.0466945028924028,1.0475405659704433,1.0489611931298455,1.0503161476297442,1.0528830813328218,1.0454945439624843,1.0420027705004233,1.0436083586752165,1.041074217094339,1.0371400452960453,1.0428984644443855,1.0423805174840572,1.041025780713565,1.0427575984140574,1.0370429198601199,1.0414387527520368,1.0395522829708983,1.0393834881725852,1.0043981082735314,1.014276610651173,1.035324362159241
2.5833333333333335,1.0319934719355353,1.0319384455597824,1.0322605737801227,1.0364167832995554,1.034343720817917,1.034120274937704,1.033265750006398,1.0179741634169392,1.040542978484611,1.0256436335396684,1.0324761607189439,1.033350150196056,1.032377185197584,1.034811684114579,1.0387576407698182,1.0356608731065413,1.0473162964866998,1.038258055560698,1.0387751162656371,1.0413717614993763,1.0440705063015192,1.047172901362226,1.050047993386507,1.0460297376206236,1.0521605440492485,1.0131779600632642,1.0417480795800413,1.0402729005812335,1.0389006093243838,1.0230924358575735,1.039570616374428,1.041054825140918,1.0473224157574488,1.0579959068148208,1.0552005088114846,1.0548597020505697,1.0599998922633658,1.01491043664791,1.0456378225487288,1.039134006011886,1.036466252447168,1.0382196081863764,1.0591273321813013,1.059837093563844,1.0498942467960297,1.0385425195100615,1.042841157756436,1.048784633804886,1.0440501644118905,1.0410430016248253,1.0365297612949063,1.0345665940415518,1.034243734354208,1.0357386766322563,1.0354954929031321,1.0355595644347675,1.0381741441799877,1.0359516979748922,1.0394934795438338,1.0382753360097714,1.039568258422219,1.0401033071551782,1.0104349262395653,1.0160322653821223,1.006442266145254,1.0505044087338093,1.0444668122627199,1.0046921939450417,1.0514015412713387,1.0424776398685247,1.0430941991305764,1.0434489018044208,1.0422907385681741,1.0397759006477745,1.040818276171355,1.0384346764483974,1.046044124378932,1.0455616754570642,1.04855224219284,1.0490773932917312,1.000638150606182,1.0583277660401376,1.0599972124599328,1.0564434110943406,1.0549858948670277,1.0511040800202538,1.0468683384425557,1.0514599629951735,1.0564596011175698,1.0500878543710324,1.0508413728152193,1.053359172767707,1.0519427603606253,1.050844969064006,1.0493324538772169,1.0523415096494744,1.050108122802898,1.046711447565782,1.0475405659704433,1.0489611931298455,1.0503613269645775,1.0528930781400343,1.0454945439624843,1.0420027705004233,1.0436083586752165,1.0410000771693941,1.0371400452960453,1.0428894352914353,1.042369800584992,1.041025780713565,1.0427575984140574,1.0370429198601199,1.0414387527520368,1.0395233817384875,1.0393490222566992,1.0043981082735314,1.01362464068486,1.035264430911077
2.6666666666666665,1.0319934719355353,1.0319073763794337,1.0322676221634581,1.0364167832995554,1.0343400929499476,1.034120274937704,1.0332777974681278,1.0179741634169392,1.0405429784846107,1.0256436335396681,1.0324610051184482,1.033350150196056,1.0324844592281872,1.0348499830987434,1.0387576407698182,1.0357335422205816,1.0473176506320465,1.038258055560698,1.0387751162656371,1.0413541942978772,1.0440947857156553,1.0472333029209706,1.050073031528616,1.0460297376206236,1.0521605440492485,1.0131779600632642,1.0417480795800413,1.0402610085397939,1.038873480997183,1.0231082422831799,1.039570616374428,1.041054825140918,1.0473214148719354,1.0579959068148208,1.0552128067820203,1.0548597020505697,1.059995796112474,1.014947163495656,1.045644903555671,1.039134006011886,1.036536739760865,1.0382196081863764,1.0593597073395544,1.060180086236485,1.0501972675417837,1.0385425195100615,1.0428062730062182,1.0487913910382363,1.0440501644118905,1.0411012657465206,1.0366448786343554,1.0347380554198524,1.0343950438690193,1.0357386766322563,1.0354954929031321,1.0355595644347675,1.0382056666924553,1.0360500613500365,1.0394934795438338,1.0382760689646169,1.039568258422219,1.0401033071551782,1.0104605418624637,1.0160506543546732,1.006442266145254,1.0505044087338093,1.0445538210858532,1.0046789551515718,1.0514015412713387,1.0424776398685247,1.043095071855977,1.0434489018044208,1.0422907385681741,1.0397759006477743,1.040843129253488,1.0384346764483974,1.046044124378932,1.0455823080972608,1.0486007366149748,1.0490773932917312,1.0006443291699585,1.058339181750474,1.0599706341250597,1.056437085719915,1.0549858948670277,1.0511866810280088,1.0468683384425557,1.0515513896638504,1.0564596011175698,1.0500878543710324,1.0508413728152193,1.053359172767707,1.0519867276744015,1.0509224088386897,1.049449388851663,1.0523874428765823,1.0501654558203588,1.046820775426902,1.0475405659704433,1.0489611931298455,1.0503038873005934,1.0528749926738863,1.0454945439624843,1.0420027705004233,1.0436083586752165,1.0410802359271978,1.0371400452960453,1.0428949870016704,1.0423740760674232,1.041025780713565,1.0427575984140574,1.0370429198601199,1.0414387527520368,1.0395566539447236,1.0393878343471286,1.0043981082735314,1.0136812992036097,1.0352851271660497
2.75,1.0318431987463847,1.0317545764305078,1.0321420766177207,1.0363348352122892,1.0342415103855143,1.0340093849227456,1.0331569562844884,1.0178498045782922,1.040402636363659,1.0254830909355237,1.0323209407193934,1.0332056401430032,1.032293316663864,1.0347115849195985,1.0386705383463448,1.035629311917565,1.0472431836123481,1.0382222953953204,1.0386954236942287,1.0412543812966555,1.0439916134861555,1.0471121871417615,1.049972301138867,1.045948439597143,1.052017362625524,1.013091065352629,1.0417319475890168,1.0402355695603456,1.0388392288871584,1.023022931457954,1.0395372507372236,1.0410252760665553,1.0472509022582883,1.0580184258914094,1.0552638777864876,1.0549291505932223,1.0599999227675097,1.0148755119643542,1.0456305308397398,1.0390892088760206,1.0364509111215818,1.0380805472682055,1.059321229379445,1.0599998994419502,1.0500096042644003,1.038111196849097,1.042444922165373,1.0484400808144536,1.0437092530278382,1.0407670638370372,1.0363039078726883,1.0344079802600095,1.034058817730076,1.0354766863474252,1.0352168955617727,1.0352867910791088,1.037915108612146,1.0357207152500343,1.0391951035855784,1.0379530309295655,1.039255860094781,1.0397973319817535,1.010170983012932,1.0157651268070162,1.006208186860766,1.0501892816509866,1.0441959373184795,1.0044900809197579,1.0512328361192556,1.0423465485684502,1.0429703649918467,1.0433652526064277,1.0421648433955162,1.0396406209675497,1.0407364628712095,1.0383685127044702,1.046001261837759,1.045529393193478,1.0485624852491473,1.0490447309908668,1.0005072717409769,1.0583336477319343,1.059999944294744,1.0565236876637996,1.0550886754564368,1.051291827243986,1.0470272836060912,1.0516756382619057,1.0565536193138296,1.0503235477559052,1.0510095648034832,1.0534244630444378,1.0520233408619415,1.0509228468413594,1.0494302977744512,1.0523710107046518,1.0501487016609425,1.0467533538066862,1.0475983058761915,1.0489999887748012,1.0503443730519426,1.0529338722557178,1.0455481156982236,1.042077824695517,1.0436927980722934,1.041185568692874,1.037265241648426,1.0429710567811814,1.042444025208016,1.0410807771575277,1.042806641710727,1.0371379632967723,1.041374728033218,1.0395369907032104,1.0393711643168548,1.004195048399929,1.0136085711119538,1.0352188222110132
2.8333333333333335,1.0318431987463847,1.0318087161558223,1.0321820304269949,1.0363348352122892,1.0342453260164735,1.0340093849227454,1.0331446336473984,1.0178498045782922,1.0404026363636592,1.0254830909355237,1.032381894838733,1.0332056401430032,1.0323436354407367,1.0347261887334327,1.0386705383463448,1.0355629351089126,1.0472495404145346,1.0382222953953204,1.0386954236942287,1.0413925253104173,1.0441329114545415,1.047207617700542,1.0499877138080291,1.045948439597143,1.052017362625524,1.013091065352629,1.0417319475890168,1.0402285279722125,1.038877425037463,1.0230191040495429,1.0395372507372236,1.0410252760665553,1.0471879068499763,1.0580184258914094,1.055276232786494,1.0549291505932223,1.060004365316964,1.0148655136731863,1.0456734922672175,1.0390892088760206,1.0364771416988106,1.0380805472682055,1.0591926993497314,1.0598960120423542,1.0498559781630652,1.038111196849097,1.042532135532632,1.0484723012932735,1.0437092530278382,1.0408000541814484,1.0362336414294804,1.0343278284642887,1.0340947568537178,1.0354766863474252,1.0352168955617727,1.0352867910791088,1.037957723111153,1.035681354901354,1.0391951035855784,1.037922562320717,1.039255860094781,1.0397973319817535,1.0101752410997809,1.0157676963155815,1.006208186860766,1.0501892816509866,1.044198941892592,1.004488525276942,1.0512328361192556,1.0423465485684502,1.0429700067728596,1.0433652526064277,1.0421648433955162,1.0396406209675497,1.0407828214077597,1.0383685127044702,1.046001261837759,1.0454809720949036,1.0484933259120481,1.0490447309908668,1.0005054474459556,1.0582922832572081,1.060013182412305,1.0565504832204433,1.0550886754564368,1.0513228153268643,1.0470272836060912,1.0515862634076918,1.0565536193138296,1.0503235477559052,1.0510095648034832,1.0534244630444378,1.0520403129891498,1.0509189981504419,1.0494280084931462,1.0523259132741056,1.0500946253324654,1.0468505239609307,1.0475983058761915,1.0489999887748012,1.0504504704727784,1.0529764972986813,1.0455481156982236,1.042077824695517,1.0436927980722934,1.041110716098247,1.037265241648426,1.0429587408329317,1.0424290112359689,1.0410807771575277,1.042806641710727,1.0371379632967723,1.041374728033218,1.0394940852933083,1.0393242488389085,1.004195048399929,1.0137677872688764,1.0352667778959752
2.9166666666666665,1.0318431987463847,1.0318052104992854,1.0321954061737422,1.0363348352122892,1.034243481070394,1.0340093849227454,1.033135773587278,1.0178498045782922,1.040402636363659,1.0254830909355237,1.0323720009894655,1.0332056401430032,1.032302220515645,1.0346989160631523,1.0386705383463448,1.0355088760123679,1.047245425524298,1.0382222953953204,1.0386954236942287,1.0413929913735844,1.0441399722888955,1.047201410991036,1.0499820696908444,1.045948439597143,1.052017362625524,1.013091065352629,1.0417319475890168,1.0402771539088012,1.0388878354911242,1.023018551144048,1.0395372507372236,1.0410252760665553,1.047220666193863,1.0580184258914094,1.0552755275044743,1.0549291505932223,1.0600084217241645,1.0148645897359319,1.04569172775545,1.0390892088760206,1.03642735102024,1.0380805472682055,1.0591034672875133,1.0598378674943025,1.0498183601148445,1.038111196849097,1.0425251285791524,1.0484870758111062,1.0437092530278382,1.040766396978536,1.0362064027544535,1.0342665590561477,1.034060265834163,1.0354766863474252,1.0352168955617727,1.0352867910791088,1.0379549762869984,1.035656576963838,1.0391951035855784,1.0379371296915791,1.039255860094781,1.0397973319817535,1.0101663310272357,1.0157626115079579,1.006208186860766,1.0501892816509866,1.044174205239481,1.0044901208456396,1.0512328361192556,1.0423465485684502,1.04297041232645,1.0433652526064277,1.0421648433955162,1.0396406209675497,1.0407954306840894,1.0383685127044702,1.046001261837759,1.0454842878341764,1.0484708582306594,1.0490447309908668,1.0005035001774925,1.0583959237614857,1.0600895599557942,1.0565850760779358,1.0550886754564368,1.0512637784439172,1.0470272836060912,1.0515174035094677,1.0565536193138296,1.0503235477559052,1.0510095648034832,1.0534244630444378,1.052042338725482,1.0509080351145847,1.049398286734456,1.0523581767351056,1.0500876422376575,1.0468387278603164,1.0475983058761915,1.0489999887748012,1.0504454004056263,1.0529775806214072,1.0455481156982236,1.042077824695517,1.0436927980722934,1.0410524073744325,1.037265241648426,1.0429743607601019,1.0424513252478322,1.0410807771575277,1.042806641710727,1.0371379632967723,1.041374728033218,1.0394750643617738,1.0393004331270057,1.004195048399929,1.0137980796932455,1.035276025078543
3.0,1.0321884559219827,1.0321133176800177,1.0324922567561414,1.0366772083022628,1.034599541656305,1.0343217238079034,1.033449512731353,1.0182598676279873,1.0408476664286401,1.0259652180004497,1.0326634417565619,1.0335256359351261,1.0325116123496254,1.0349679721969167,1.0388093063027977,1.0357939927708593,1.0474925624379692,1.0384786520799878,1.0388886570097633,1.0415065305489672,1.0442352060595574,1.047339495221997,1.0502314500819037,1.0461887213834067,1.0523441348417195,1.013546620519986,1.0419823264721029,1.0404992249562857,1.0391077365816879,1.0232992449597562,1.0397765726161095,1.0412615056057943,1.0472595558689972,1.0579722359425854,1.0552418947093225,1.0548996635978238,1.0599999196558088,1.014979594757047,1.0456468266555616,1.039107800173734,1.0364424123866562,1.038109845726845,1.0591259745196617,1.05999989797037,1.0500718577060209,1.038253913627307,1.0426557639559888,1.0486129827386836,1.0438832921410315,1.0409317136670968,1.0363481730302697,1.0343999666569392,1.0341956289100658,1.035690723576914,1.0354344177397423,1.0355042557662195,1.0381147345270325,1.03581791188841,1.0394094800981308,1.0381594827304217,1.0394943767515674,1.0400331552501194,1.0103845463974563,1.0159866131511326,1.0064272612131773,1.0504163199649414,1.0443711618765057,1.0047185834053418,1.0514092479135257,1.0424172897930053,1.0430556801731248,1.0435229248352762,1.0422503882225975,1.0397604572218497,1.0408312533968496,1.0383990886327659,1.046000836918452,1.0454785296979536,1.0484884950183715,1.0491532798324747,1.0006871697879645,1.0583319025560576,1.059999943539681,1.0564872299639356,1.0550307876305989,1.0512153187223914,1.047013579820801,1.051539501180263,1.0566638461186013,1.0504246271873925,1.051117693176094,1.0535586612515973,1.0520955464244846,1.0509389983251245,1.0494066497092371,1.0523486021877255,1.0501307085664575,1.0468727318905071,1.0476827233957942,1.0490794982801928,1.050500212701513,1.0530759652566306,1.0455863058989203,1.0420848156281515,1.0436226187366402,1.041001352429615,1.0372503234177903,1.042938612346898,1.0424273646986149,1.0411022614188021,1.0428284831344257,1.037075167525325,1.0416413221669785,1.0397067390754742,1.03953283290805,1.0044429080853643,1.0139233252560362,1.0352784445068506
3.0833333333333335,1.0321884559219827,1.0320844838837016,1.03250561816807,1.0366772083022628,1.0345887539671739,1.0343217238079034,1.0334524401609753,1.0182598676279873,1.0408476664286401,1.0259652180004497,1.0326373718612467,1.0335256359351261,1.0325301850227955,1.0350233123235413,1.0388093063027977,1.0358273818571402,1.0475014952329322,1.0384786520799878,1.0388886570097633,1.0414833793102627,1.044246213660629,1.0473656222004244,1.0502499867528738,1.0461887213834067,1.0523441348417195,1.013546620519986,1.0419823264721029,1.040480967110367,1.0390791819859353,1.0233031697217223,1.0397765726161095,1.0412615056057943,1.0471812191622847,1.0579722359425854,1.055252842354668,1.0548996635978238,1.060001029950533,1.014987527916566,1.0456665400692993,1.039107800173734,1.036542855047785,1.038109845726845,1.0591378214258946,1.0599387446296036,1.049922768074978,1.038253913627307,1.042613144461221,1.0486276663687013,1.0438832921410315,1.0410143578161688,1.036343787161056,1.0344365876676622,1.0342756879423554,1.035690723576914,1.0354344177397423,1.0355042557662195,1.03816300512223,1.0358260310701795,1.0394094800981308,1.038123249263025,1.0394943767515674,1.0400331552501194,1.0104004669225388,1.0159961345649444,1.0064272612131773,1.0504163199649414,1.0444006699105228,1.0047129586548256,1.0514092479135257,1.0424172897930053,1.0430558964640346,1.0435229248352762,1.0422503882225975,1.0397604572218497,1.040860059084027,1.0383990886327659,1.046000836918452,1.0454464003382793,1.0484773489023433,1.0491532798324747,1.0006811614809452,1.0583200211352377,1.0599769009770124,1.0564905020825466,1.0550307876305989,1.0513337263978861,1.047013579820801,1.0515781598093525,1.0566638461186013,1.0504246271873925,1.051117693176094,1.0535586612515973,1.052136608483401,1.050995763456726,1.0495215230030477,1.052365209375892,1.0501508763192602,1.046962706348171,1.0476827233957942,1.0490794982801928,1.050450599017353,1.0530632816589256,1.0455863058989203,1.0420848156281515,1.0436226187366402,1.041032282851821,1.0372503234177903,1.0429318310704623,1.0424213949463326,1.0411022614188021,1.0428284831344257,1.037075167525325,1.0416413221669785,1.0397063590187154,1.0395362856906156,1.0044429080853643,1.0151159664525637,1.0353159203129194
3.1666666666666665,1.0321884559219827,1.0321216421996227,1.0324834873945061,1.0366772083022628,1.0345849906463123,1.0343217238079034,1.0334549308777536,1.0182598676279873,1.0408476664286401,1.0259652180004497,1.0326856099596011,1.0335256359351261,1.0326157294328697,1.035032248739977,1.0388093063027977,1.035837477011129,1.0474949374336258,1.0384786520799878,1.0388886570097633,1.0415525754323915,1.04429771227598,1.0474192110859422,1.0502641924193628,1.0461887213834067,1.0523441348417195,1.013546620519986,1.0419823264721029,1.0405182194310496,1.0391158886770024,1.023310247241873,1.0397765726161095,1.0412615056057943,1.047289481847171,1.0579722359425854,1.0552499339841603,1.0548996635978238,1.0600010883124789,1.015006781539693,1.045645962744281,1.039107800173734,1.0365588311198874,1.038109845726845,1.059093680328322,1.059789972685824,1.0497486688565405,1.038253913627307,1.0426790785621773,1.0486102861310744,1.0438832921410315,1.0410210961938227,1.0364381743478286,1.0345157099669302,1.0342918515110597,1.035690723576914,1.0354344177397423,1.0355042557662195,1.038151654548082,1.0358932797567655,1.0394094800981308,1.0381743336404312,1.0394943767515674,1.0400331552501194,1.0104105341943783,1.0160048171110951,1.0064272612131773,1.0504163199649414,1.044436009784085,1.00470764895602,1.0514092479135257,1.0424172897930053,1.0430564347855378,1.0435229248352762,1.0422503882225975,1.0397604572218497,1.0408444571720428,1.0383990886327659,1.046000836918452,1.0455051109546791,1.0485265819568121,1.0491532798324747,1.0006819742724673,1.0584434793157718,1.060086621425526,1.05651518215231,1.0550307876305989,1.051352907735731,1.047013579820801,1.0515937463403118,1.0566638461186013,1.0504246271873925,1.051117693176094,1.0535586612515973,1.0521656477414727,1.0510666663014179,1.0496295470997947,1.0524916184617676,1.0502218423319538,1.0469389358991894,1.0476827233957942,1.0490794982801928,1.0505186304831948,1.0530831811745742,1.0455863058989203,1.0420848156281515,1.0436226187366402,1.0410466613007203,1.0372503234177903,1.042935937611951,1.0424296678456306,1.0411022614188021,1.0428284831344257,1.037075167525325,1.0416413221669785,1.0397304217794963,1.039558961290573,1.0044429080853643,1.0149976135341634,1.0352934281751847
3.25,1.0322194965804492,1.0321336320371937,1.0324985630609742,1.0366214643956972,1.0345564535956944,1.0342977495593297,1.0334511904961792,1.0182771479444612,1.040863273196611,1.0259771437013832,1.0326583075254745,1.0335684369484055,1.0325379753768922,1.0349923090220114,1.0387461549374057,1.0358287722445443,1.0474691893751715,1.038430342949383,1.038863333032098,1.0414597683969027,1.04420491730164,1.047334260230617,1.0502312973430925,1.0461775418637718,1.05237309552063,1.0135225673905486,1.0419154183168666,1.0404700330652554,1.0390640167647183,1.0232976374653193,1.0397488606900065,1.041225110219567,1.0471812502871194,1.057962578830477,1.0552004442467868,1.0548496614859608,1.0599999234245008,1.015010644048026,1.045696963025758,1.0391958862086224,1.0365479337522872,1.038197284632759,1.0591350675861002,1.059999894717974,1.0500645694583177,1.0385913628469219,1.0428991144183113,1.0488944772596258,1.04415313924786,1.0411953215751435,1.0365624997656935,1.0346162355165285,1.034397496204783,1.035880233250552,1.0356469651195865,1.0357035605313079,1.038336976418884,1.0360383990538602,1.0396799614694916,1.0383983395359766,1.0397516147449324,1.040292222065534,1.0106238045378195,1.0162151898899008,1.0066126638949995,1.0506637931261458,1.0446573057657407,1.0048751671019653,1.0515470194780803,1.0425246087082827,1.0431508846262914,1.0435444803234843,1.04234776485096,1.0398376900764694,1.0409151984577236,1.0384985165458536,1.0460564390521134,1.0455134313991543,1.0485309308900024,1.049197736781192,1.000797482620041,1.0583782983756123,1.0599999459348346,1.056430414814081,1.0549503472791941,1.0511228775728754,1.046848759899229,1.051420445153356,1.056493406363788,1.0500940310489033,1.0508636825668334,1.0533923083092,1.0519969316531468,1.05090148660106,1.0493981287926004,1.0523483229554251,1.0501562920867342,1.0468830139189793,1.0476168125376442,1.0490311793067872,1.0503677052792375,1.0529203141504533,1.045554085570441,1.0420486577943184,1.0435731848530834,1.0409654485593909,1.0372122394457595,1.0429006568859485,1.042398722765196,1.0410729358714106,1.0428168951079462,1.0370978330853382,1.0416227893954586,1.0396548032384074,1.0394804462017886,1.0046045557210468,1.0150007554758393,1.0353609490991191
3.3333333333333335,1.0322194965804492,1.0321593656499108,1.0324916705039129,1.0366214643956972,1.0345569552732754,1.0342977495593297,1.033467486104161,1.0182771479444612,1.040863273196611,1.0259771437013832,1.032682653343923,1.0335684369484055,1.0325311655776828,1.0349819989277698,1.0387461549374057,1.035929697094678,1.0474755986075894,1.038430342949383,1.038863333032098,1.041497898505213,1.0442241372692986,1.0473399067619562,1.0502321435966349,1.0461775418637718,1.05237309552063,1.0135225673905486,1.0419154183168666,1.040470947727174,1.0390847465615187,1.0233040700244558,1.0397488606900065,1.041225110219567,1.0471457081014548,1.057962578830477,1.0552062877578265,1.0548496614859608,1.0599982504784873,1.0150227252695714,1.0456880848022703,1.0391958862086224,1.0365297080834297,1.038197284632759,1.059349503763213,1.06022429612218,1.0502538862822715,1.0385913628469219,1.042944559894508,1.0488891765625439,1.04415313924786,1.041179778086796,1.0366174641091939,1.0347405919171044,1.034486998363358,1.035880233250552,1.0356469651195865,1.0357035605313079,1.0383259669504799,1.0360631044793198,1.0396799614694916,1.0383821813352871,1.0397516147449324,1.040292222065534,1.0106236765107013,1.0162150544624653,1.0066126638949995,1.0506637931261458,1.0446391109760218,1.004872074767563,1.0515470194780803,1.0425246087082827,1.0431509758322275,1.0435444803234843,1.04234776485096,1.0398376900764694,1.0409132211964505,1.0384985165458536,1.0460564390521134,1.0455200151125366,1.048582088129014,1.049197736781192,1.000804277243924,1.0583490154898052,1.0599872629867835,1.0564210990187721,1.0549503472791941,1.0511004730071867,1.046848759899229,1.0515469680359022,1.056493406363788,1.0500940310489033,1.0508636825668334,1.0533923083092,1.051972303661849,1.050865155790542,1.0493433557306382,1.0523025210737045,1.0501770401393005,1.0469343852340893,1.0476168125376442,1.0490311793067872,1.0504138691746536,1.0529341107729302,1.045554085570441,1.0420486577943184,1.0435731848530834,1.041072820076897,1.0372122394457595,1.0429001283966715,1.0423960343182026,1.0410729358714106,1.0428168951079462,1.0370978330853382,1.0416227893954586,1.0396941778760798,1.039528208880008,1.0046045557210468,1.014972548797856,1.0353544652664757
3.4166666666666665,1.0322194965804492,1.0321334269293596,1.0324754997693864,1.0366214643956972,1.0345584836502306,1.0342977495593297,1.0334568246179692,1.0182771479444612,1.040863273196611,1.0259771437013832,1.0326624810212695,1.0335684369484055,1.03256578927654,1.0350347925774488,1.0387461549374057,1.0358642815410262,1.047474281875649,1.038430342949383,1.038863333032098,1.0414443908386404,1.0441786552191972,1.047327374842075,1.050239846069084,1.0461775418637718,1.05237309552063,1.0135225673905486,1.0419154183168666,1.0404442810430046,1.03905736844872,1.023300157523859,1.0397488606900065,1.041225110219567,1.0471282092289373,1.057962578830477,1.055209133943206,1.0548496614859608,1.0599956380052624,1.0150139247132632,1.0456688927929236,1.0391958862086224,1.036625460141145,1.038197284632759,1.059245016924022,1.0601652271686042,1.050197170298551,1.0385913628469219,1.042903768928551,1.0488723829345532,1.04415313924786,1.0412490232107159,1.0365814102236763,1.034676486809905,1.0344803940826421,1.035880233250552,1.0356469651195865,1.0357035605313079,1.0383423786687227,1.0360560366850013,1.0396799614694916,1.0383743783136747,1.0397516147449324,1.040292222065534,1.0106423113681442,1.0162267495595905,1.0066126638949995,1.0506637931261458,1.0446764828250896,1.0048699753594963,1.0515470194780803,1.0425246087082827,1.043150844945486,1.0435444803234843,1.04234776485096,1.0398376900764694,1.0408959765644363,1.0384985165458536,1.0460564390521134,1.0454967485184494,1.0485342140718474,1.049197736781192,1.0008005883531161,1.0583217196109391,1.0599506507327712,1.0563991336455354,1.0549503472791941,1.0512148442508549,1.046848759899229,1.051464194918101,1.056493406363788,1.0500940310489033,1.0508636825668334,1.0533923083092,1.0519959176111475,1.0509232075397499,1.0494610588514552,1.052329674748776,1.0501625413046383,1.046961994763761,1.0476168125376442,1.0490311793067872,1.0503645561348123,1.0529148578083358,1.045554085570441,1.0420486577943184,1.0435731848530834,1.0410035879534574,1.0372122394457595,1.042894272800607,1.0423883541861425,1.0410729358714106,1.0428168951079462,1.0370978330853382,1.0416227893954586,1.0396617681919869,1.0394911628187988,1.0046045557210468,1.0149297800638077,1.03534652727755
3.5,1.0321392598467578,1.032081248966185,1.0324395315839985,1.0365472988210473,1.0344749414643168,1.0342357903277903,1.0333830845366907,1.018168363997404,1.0407200995880939,1.0257823174642502,1.032624764858242,1.0335120270013398,1.0325935150775976,1.0349647824226453,1.0387883371672337,1.0357349011924661,1.0474492510705193,1.0384508472634135,1.0388759111317565,1.0415033696380431,1.0442465208185785,1.0473499310103769,1.0501470670314728,1.0460807949234612,1.0522241512391393,1.0133977543836779,1.0418914611053292,1.0404379470012957,1.0390622400636345,1.0232446357847775,1.0397446226862246,1.0411904401459178,1.047242903836449,1.0579596134944929,1.05525329079861,1.0549025288876726,1.0599999188120688,1.0149679166972945,1.0457745228039654,1.0392867711421387,1.036620853171251,1.0382001185488121,1.0590731365046413,1.0599999044906763,1.0500407758377714,1.0382308100589015,1.0426285750171795,1.0486055597171733,1.0438666091242867,1.0409315150125196,1.0363372834381335,1.0343765367510813,1.0342194784926402,1.0356562698411735,1.0354051664596844,1.0354722505039655,1.038104914071906,1.0358295452096862,1.0393785998035459,1.0381231072083275,1.039456929309522,1.0400118523019135,1.0103547770857428,1.0159542651797422,1.0063948687424342,1.0503919199445222,1.0444322957869268,1.0046839810638102,1.0513747532279032,1.0423968975562286,1.0430281290393466,1.0434541253598586,1.0422235546726362,1.0397668124249004,1.0408663611132287,1.0385022487080386,1.0460168100460754,1.0454816606165704,1.0484736097175784,1.04915610202999,1.000662870827547,1.0583502307291193,1.0599999453295117,1.056460285417741,1.0549794630219982,1.0511882766125518,1.0469605828607282,1.051376559326535,1.0565051322900278,1.0502473705226123,1.0509645812847672,1.0534465508595556,1.0520552076732437,1.050947019120041,1.049433447872135,1.0523616465926784,1.0501217245584984,1.0469328760654848,1.047644894250379,1.0490346573203575,1.0504200747436372,1.0529771551921216,1.0455839174955504,1.042084404695862,1.04361786044408,1.040959875308081,1.03729623585836,1.0429687991136767,1.0424721094668683,1.0411768406290578,1.0428852155965773,1.0372561027316607,1.0415992391890392,1.0396088776785881,1.039430673691734,1.004406793704723,1.0150452466309772,1.0353632149993295
3.5833333333333335,1.0321392598467578,1.0320857974397177,1.032442994071143,1.0365472988210473,1.0344872387350985,1.0342357903277903,1.0333999995659056,1.018168363997404,1.0407200995880939,1.0257823174642502,1.0326222080454057,1.0335120270013398,1.032542102902461,1.0349918025224478,1.0387883371672337,1.0358205773948423,1.047450411525941,1.0384508472634135,1.0388759111317565,1.041499573690185,1.0442325156417283,1.0473271595116895,1.0501484924051063,1.0460807949234612,1.0522241512391393,1.0133977543836779,1.0418914611053292,1.0404661678032523,1.039074874406824,1.0232500782188425,1.0397446226862246,1.0411904401459178,1.0473079562717047,1.0579596134944929,1.0552551565431887,1.0549025288876726,1.05999573914707,1.0149778128330023,1.045771337463888,1.0392867711421387,1.0366705872887316,1.0382001185488121,1.0592411062372151,1.0601465147431566,1.0501642112365965,1.0382308100589015,1.0426414810638975,1.0486040331392887,1.0438666091242867,1.0409725262960214,1.0364501142939873,1.0345367836777588,1.0343038858475946,1.0356562698411735,1.0354051664596844,1.0354722505039655,1.0381221039258257,1.0358810155665197,1.0393785998035459,1.0381536804760563,1.039456929309522,1.0400118523019135,1.0103738820078947,1.0159678811275892,1.0063948687424342,1.0503919199445222,1.0443983331619136,1.0046792990052813,1.0513747532279032,1.0423968975562286,1.0430284106492027,1.0434541253598586,1.0422235546726362,1.0397668124249004,1.0408644163929257,1.0385022487080386,1.0460168100460754,1.0455364872020265,1.0485561397635668,1.04915610202999,1.0006716411432925,1.0584417893951399,1.0600590334433275,1.0564772965962546,1.0549794630219982,1.051248442638959,1.0469605828607282,1.0514904581827935,1.0565051322900278,1.0502473705226123,1.0509645812847672,1.0534465508595556,1.0520741895027403,1.0509864580402073,1.049534836758644,1.0524533660401694,1.050209359692407,1.0469547684752447,1.047644894250379,1.0490346573203575,1.0504271474263405,1.0529788801321194,1.0455839174955504,1.042084404695862,1.04361786044408,1.0410569376125876,1.03729623585836,1.0429782394490401,1.0424843310045429,1.0411768406290578,1.0428852155965773,1.0372561027316607,1.0415992391890392,1.0396607239698508,1.0394880358979954,1.004406793704723,1.0135382536182658,1.0353471966114303
3.6666666666666665,1.0321392598467578,1.0320685912503849,1.0324662145145709,1.0365472988210473,1.0344860503830025,1.0342357903277903,1.033410472957675,1.018168363997404,1.0407200995880939,1.0257823174642502,1.032609697023842,1.0335120270013398,1.0325725851019114,1.03501413124922,1.0387883371672337,1.035889159908945,1.0474561839810443,1.0384508472634135,1.0388759111317565,1.0414961894700423,1.044258263537564,1.047356357163299,1.0501551787899135,1.0460807949234612,1.0522241512391393,1.0133977543836779,1.0418914611053292,1.0404771118547196,1.0390638587778918,1.0232477379298606,1.0397446226862246,1.0411904401459178,1.0472270017718035,1.0579596134944929,1.055250515869325,1.0549025288876726,1.0599933032225355,1.0149727770796337,1.0457965014403159,1.0392867711421387,1.0367113019670693,1.0382001185488121,1.0592605193964844,1.059994915440795,1.0499736833153601,1.0382308100589015,1.0426116492653332,1.0486246989356416,1.0438666091242867,1.041010461756916,1.0364366474792506,1.0345603627032962,1.0342881961393244,1.0356562698411735,1.0354051664596844,1.0354722505039655,1.038155538825935,1.0358841140878716,1.0393785998035459,1.038116472921714,1.039456929309522,1.0400118523019135,1.0103757930723327,1.015966943175516,1.0063948687424342,1.0503919199445222,1.044426652425049,1.0046808986704436,1.0513747532279032,1.0423968975562286,1.043028377502936,1.0434541253598586,1.0422235546726362,1.0397668124249004,1.0408932577725813,1.0385022487080386,1.0460168100460754,1.0455103441917197,1.0485680503530297,1.04915610202999,1.0006709241903091,1.0584711403246054,1.0600729870248333,1.056496087211083,1.0549794630219982,1.0512962880442611,1.0469605828607282,1.051578803211727,1.0565051322900278,1.0502473705226123,1.0509645812847672,1.0534465508595556,1.052104825875837,1.051019463766789,1.049586997519515,1.0524604068241328,1.0502416839145363,1.0469195155032949,1.047644894250379,1.0490346573203575,1.050398700672926,1.0529740141145214,1.0455839174955504,1.042084404695862,1.04361786044408,1.0411289729018547,1.03729623585836,1.042979829428381,1.0424896311722107,1.0411768406290578,1.0428852155965773,1.0372561027316607,1.0415992391890392,1.0396775046708047,1.0395116714506898,1.004406793704723,1.013687867302706,1.0353804883417512
3.75,1.0321670645131005,1.0320285323426892,1.0324636082820562,1.0365812778142796,1.0344936280821782,1.0342214735219084,1.033362082773262,1.0181053856229891,1.040685056529836,1.0257970304629198,1.0325548265586777,1.033420954507992,1.0324543906741745,1.034881895135042,1.038704783548394,1.0357695833446798,1.047371643224257,1.0383185715547405,1.0388245540553276,1.0414447781451823,1.0441971390292766,1.0472940453695199,1.050135997824585,1.0461084712736561,1.0522108415450684,1.0133488572905902,1.0418162715837256,1.040400512895551,1.0389847325679502,1.0231819468522347,1.0396587770489376,1.0411373628626424,1.0471852119250187,1.057990532685607,1.055211824972459,1.054864547967174,1.059999930759,1.014957465634062,1.0456821985894649,1.039116246974635,1.0364941711103648,1.038150778456373,1.059243573107212,1.0599998967934858,1.0500313287793626,1.0385712583773814,1.0428420107770298,1.0488619742316954,1.0440815139208346,1.0411519709751502,1.0365706337702072,1.0346609013363819,1.0343757120033987,1.0358202315437361,1.035594538784372,1.0356470635903878,1.0383105321647919,1.0360204737232837,1.039587716498996,1.0382956313915188,1.039635692176861,1.0401785173455196,1.0105261324280586,1.0161078505641756,1.006496257080402,1.050567633099011,1.0445569393413474,1.0047406760448396,1.051400409266124,1.0424348642400805,1.0430636043531893,1.0434637054411713,1.042262251746259,1.039766684108857,1.0408780711074654,1.0384316216166476,1.0459912556925672,1.0454673661982887,1.048493931197327,1.0490487263761497,1.0006642028237713,1.0583792196811743,1.0599999485840659,1.056431675948403,1.0549242460519195,1.0510891753954952,1.0467474769887966,1.0514208342646363,1.0563442585045422,1.0499436087766512,1.050727691424559,1.0532829286051288,1.0519246907750188,1.0508314340210843,1.0493546987349882,1.052308146053864,1.0500965554338728,1.0467379251145035,1.0474902544636695,1.048916848836324,1.0502702949955154,1.0528207011666177,1.0454562340186262,1.041971811729384,1.0435385418685497,1.0409956506953,1.03715044417976,1.0428603571211879,1.0423563770464581,1.0410067898260091,1.0427301586329383,1.0370279481827906,1.0415139782033869,1.0396009694043629,1.0394311650481445,1.004465378410639,1.0135594948051074,1.0353468280684683
3.8333333333333335,1.0321670645131005,1.0320107981593207,1.0324201466499254,1.0365812778142796,1.0344995956510028,1.0342214735219084,1.03335703224044,1.0181053856229891,1.040685056529836,1.0257970304629198,1.0325358534179183,1.033420954507992,1.0324388758743106,1.034832787357593,1.038704783548394,1.0357380270193814,1.0473724737041765,1.0383185715547405,1.0388245540553276,1.041356272853658,1.0440778687947427,1.0472032269339593,1.0501048317197026,1.0461084712736561,1.0522108415450684,1.0133488572905902,1.0418162715837256,1.0403638723216777,1.0389630715052505,1.023167726598681,1.0396587770489376,1.0411373628626424,1.0470888802524065,1.057990532685607,1.055202628948173,1.054864547967174,1.0599950420256437,1.0149230556980264,1.045629608066548,1.039116246974635,1.0364055220429884,1.038150778456373,1.0592318434929187,1.0600725363223842,1.050186390976368,1.0385712583773814,1.0428004344262574,1.0488218690720996,1.0440815139208346,1.0410668396696414,1.0364559432626113,1.0345284236056251,1.0342687227526048,1.0358202315437361,1.035594538784372,1.0356470635903878,1.0382389404561565,1.0359542243611222,1.039587716498996,1.0382510691089493,1.039635692176861,1.0401785173455196,1.0104987378938046,1.016087285763145,1.006496257080402,1.050567633099011,1.0445537136537895,1.0047523775286276,1.051400409266124,1.0424348642400805,1.0430625677982523,1.0434637054411713,1.042262251746259,1.039766684108857,1.0408083216806288,1.0384316216166476,1.0459912556925672,1.0454101887939027,1.0484375072731522,1.0490487263761497,1.0006654412713845,1.0582270247570444,1.059877719904265,1.0563648890685036,1.0549242460519195,1.0509838736336339,1.0467474769887966,1.051380747410829,1.0563442585045422,1.0499436087766512,1.050727691424559,1.0532829286051288,1.0518434965099395,1.0507241321296228,1.0491534948182397,1.0521418765439865,1.0499968963266453,1.046667270208591,1.0474902544636695,1.048916848836324,1.0502307284152026,1.0527985912265512,1.0454562340186262,1.041971811729384,1.0435385418685497,1.0409611403725194,1.03715044417976,1.0428556930591217,1.0423461411381163,1.0410067898260091,1.0427301586329383,1.0370279481827906,1.0415139782033869,1.039570781094729,1.0394006263596856,1.004465378410639,1.0133457445705074,1.0352750348656976
3.9166666666666665,1.0321670645131005,1.0320107610411928,1.0324144999299778,1.0365812778142796,1.0345010091142357,1.0342214735219084,1.0333488705248268,1.0181053856229891,1.0406850565298362,1.0257970304629198,1.0325368454241282,1.033420954507992,1.0324448837908737,1.0348477685311388,1.038704783548394,1.0356892114647427,1.0473750268912987,1.0383185715547405,1.0388245540553276,1.0413500375452704,1.044067458001612,1.0471971945263752,1.0501042433393142,1.0461084712736561,1.0522108415450684,1.0133488572905902,1.0418162715837256,1.0403506369530517,1.0389584887415202,1.0231624330113833,1.0396587770489376,1.0411373628626424,1.0470971688421413,1.057990532685607,1.0552057712282799,1.054864547967174,1.0599961069445987,1.0149097368376068,1.0456233440189224,1.039116246974635,1.036432331411257,1.038150778456373,1.0590946849170506,1.0598892258289618,1.0499751107972322,1.0385712583773814,1.0427964682658184,1.04881493441568,1.0440815139208346,1.041085045605076,1.0364313396402771,1.0344799884842344,1.0342657536423583,1.0358202315437361,1.035594538784372,1.0356470635903878,1.0382412783484112,1.0359414794508786,1.039587716498996,1.0382544314002053,1.039635692176861,1.0401785173455196,1.0104998203387434,1.0160882467933887,1.006496257080402,1.050567633099011,1.0445580135357948,1.0047540460516462,1.051400409266124,1.0424348642400805,1.0430621514199137,1.0434637054411713,1.042262251746259,1.039766684108857,1.040790527033524,1.0384316216166476,1.0459912556925672,1.0454019490248971,1.0484081072254545,1.0490487263761497,1.0006609219244944,1.0582142177630376,1.0598753799789986,1.0563613448292586,1.0549242460519195,1.0510163776785437,1.0467474769887966,1.051318279843073,1.0563442585045422,1.0499436087766512,1.050727691424559,1.0532829286051288,1.0518521723044059,1.0507432217317656,1.0491924336361467,1.0521590735691948,1.0499829587683414,1.0466918013275504,1.0474902544636695,1.048916848836324,1.0502314569148372,1.052798309724962,1.0454562340186262,1.041971811729384,1.0435385418685497,1.0409075467597364,1.03715044417976,1.0428471362711895,1.0423372591468298,1.0410067898260091,1.0427301586329383,1.0370279481827906,1.0415139782033869,1.039549377427733,1.0393752448759053,1.004465378410639,1.0133498106871401,1.035247217588476
4.0,1.0323822813260828,1.0323158110918005,1.032668132574071,1.036953338596827,1.0348769320478814,1.034552085905589,1.0336696859584962,1.0185487257775003,1.041195186622954,1.0263957654518148,1.0328987497607407,1.0337166216078655,1.032760114598929,1.0350750857422775,1.038851998055615,1.0359874944260312,1.0476186758534984,1.0385445758388634,1.0389261630911177,1.0415800972069118,1.0443178101836648,1.047485423058197,1.0504454025748347,1.0464150357384499,1.0526553377694137,1.0138597507580756,1.0421171088351122,1.0406334968940134,1.0392653570054133,1.0234709974512,1.0399330162704206,1.0413952738624483,1.0472416057924687,1.0579587835770083,1.0551475243001047,1.054808178839616,1.0599999505656479,1.0150781100920654,1.0455822773913306,1.0390748272913146,1.0363601573693264,1.0381980039890675,1.0591459616002306,1.059999920580383,1.0501619896911578,1.0388128775117915,1.0431500455824994,1.0490851983919987,1.0443730170088263,1.0413099405012947,1.0367135658672795,1.0347370846980357,1.0344242020219518,1.0360293623724657,1.0357785050992907,1.035851319487361,1.0384445088608665,1.0361911788338156,1.0397942538365932,1.0385690355370318,1.039928286366305,1.040450808576421,1.010746617300222,1.016361646119689,1.0067722072631535,1.0508635772235397,1.0448441804519335,1.0050262048133785,1.0516681650854598,1.0426149881704,1.0432504756047822,1.0437079995412264,1.0424443057007047,1.0399352686313783,1.0409510351987832,1.0385368726135515,1.0460215283328178,1.0454895582050763,1.048524723262842,1.049220947663542,1.0009066037963656,1.058313577433872,1.0599999623189607,1.056494982070038,1.0550773786536427,1.0511296439168247,1.0469615767304294,1.0516435246387643,1.0567600526426835,1.0503437326705736,1.051097426180539,1.0536320674868531,1.052118192350285,1.0509553870835682,1.0493421154824807,1.0523224317553246,1.0501602852512435,1.0467918710816106,1.047712080027866,1.0491588905566827,1.0505912751142747,1.0531482397144583,1.0456821009671216,1.0421167301501642,1.043646492243928,1.0410404175924932,1.037182918502714,1.0430096463501326,1.0425220635470527,1.041269464220303,1.0430132202476676,1.0372892632412738,1.041769478990725,1.0398446651182889,1.0396734683609437,1.0047631058290774,1.0135948248466786,1.035372852425686
4.083333333333333,1.0323822813260828,1.0323439272159416,1.0326563430653466,1.036953338596827,1.0348770039098099,1.034552085905589,1.0336493319771,1.0185487257775003,1.041195186622954,1.0263957654518148,1.0329237631577095,1.0337166216078655,1.032741073472303,1.0350452943112673,1.038851998055615,1.0358736694554123,1.047613592222544,1.0385445758388634,1.0389261630911177,1.0416074970196896,1.0443159054320459,1.0474650017835805,1.0504295314658938,1.0464150357384499,1.0526553377694137,1.0138597507580756,1.0421171088351122,1.040654511158253,1.039293028500413,1.0234526074469152,1.0399330162704206,1.0413952738624483,1.0471082512715115,1.0579587835770083,1.05513327940715,1.054808178839616,1.060000695393507,1.0150375825918554,1.0455710159204454,1.0390748272913146,1.036305616139551,1.0381980039890675,1.0589171896801322,1.059789930632837,1.0500462390571959,1.0388128775117915,1.0431817926661497,1.0490771889081087,1.0443730170088263,1.0412633872509827,1.0364921654554056,1.0344507678955577,1.0342167824106694,1.0360293623724657,1.0357785050992907,1.035851319487361,1.0384167074977828,1.036053728524519,1.0397942538365932,1.0385069040351596,1.039928286366305,1.040450808576421,1.0107251625840354,1.0163432123266432,1.0067722072631535,1.0508635772235397,1.0448141156630089,1.0050380468012188,1.0516681650854598,1.0426149881704,1.0432498322647332,1.0437079995412264,1.0424443057007047,1.0399352686313783,1.0409284370261438,1.0385368726135515,1.0460215283328178,1.0453929505657675,1.0483998309607867,1.049220947663542,1.0009011517163509,1.0582759722616375,1.0599991638537494,1.0564900253384508,1.0550773786536427,1.0510646754165989,1.0469615767304294,1.0514971507936244,1.0567600526426835,1.0503437326705738,1.051097426180539,1.0536320674868531,1.0520675654020828,1.0508701762256263,1.0491955567530888,1.0521935610466315,1.050042972954437,1.0466710985954117,1.047712080027866,1.0491588905566827,1.0506417981058338,1.0531630882522602,1.0456821009671216,1.0421167301501642,1.043646492243928,1.040915451201037,1.037182918502714,1.0430130840238572,1.0425265559739119,1.041269464220303,1.0430132202476676,1.0372892632412738,1.041769478990725,1.0397699156212357,1.0395927314200817,1.0047631058290774,1.014083497997242,1.0353601536586516
4.166666666666667,1.0323822813260828,1.0323152774023074,1.032657337877401,1.036953338596827,1.0348789327066235,1.034552085905589,1.0336395791116286,1.0185487257775003,1.041195186622954,1.0263957654518148,1.0328769314810267,1.0337166216078655,1.0326101053653667,1.0350313771855295,1.038851998055615,1.0358119711685563,1.0476128984906845,1.0385445758388634,1.0389261630911177,1.041530469230872,1.0442345051796904,1.0473806265625853,1.0504134136705525,1.0464150357384499,1.0526553377694137,1.0138597507580756,1.0421171088351122,1.0406203316079274,1.039263663234879,1.0234508829952913,1.0399330162704206,1.0413952738624483,1.0471459909948002,1.0579587835770083,1.0551394109013525,1.054808178839616,1.0600040569665043,1.0150312088309332,1.0455710518318746,1.0390748272913146,1.0362800890147252,1.0381980039890675,1.0589125470613339,1.0599644220941034,1.050257589048144,1.0388128775117915,1.0431329829669538,1.0490766852104427,1.0443730170088263,1.0412440341877034,1.0364658446961876,1.0344005999140429,1.0342289843558496,1.0360293623724657,1.0357785050992907,1.035851319487361,1.0384079341491523,1.0360130137545176,1.0397942538365932,1.0385233920029742,1.039928286366305,1.040450808576421,1.0107201088208737,1.016340992188959,1.0067722072631535,1.0508635772235397,1.04474670616759,1.0050395184204117,1.0516681650854598,1.0426149881704,1.0432495510198803,1.0437079995412264,1.0424443057007047,1.0399352686313783,1.0409208112408703,1.0385368726135515,1.0460215283328178,1.04539723303115,1.0483744333596594,1.049220947663542,1.0008985864880382,1.0581974268152547,1.059925815972331,1.0564656219526392,1.0550773786536427,1.0510350806740645,1.0469615767304294,1.0514169812677225,1.0567600526426835,1.0503437326705736,1.051097426180539,1.0536320674868531,1.052036949094162,1.0508149628241135,1.0491265888614052,1.0521506056406822,1.0499936586958487,1.0467169086992918,1.047712080027866,1.0491588905566827,1.0505873370989967,1.0531441606170662,1.0456821009671216,1.0421167301501642,1.043646492243928,1.040848212989804,1.037182918502714,1.0430093144958876,1.0425184262543188,1.041269464220303,1.0430132202476676,1.0372892632412738,1.041769478990725,1.0397481586049764,1.0395654995813586,1.0047631058290774,1.0140653704401688,1.0353550876273725
4.25,1.0328704542747116,1.032805274574823,1.0331902078165927,1.0374655125883938,1.0354274093971159,1.0350489043309785,1.0341391243700746,1.0192475582332636,1.0419700841792319,1.0272619273664032,1.0333605661081797,1.0342341730400926,1.0329802302857674,1.0354922587983835,1.0391392352850037,1.0362718814824339,1.0480471988260338,1.0390028581058843,1.0392384477816412,1.04187161747044,1.0446255334594658,1.0477960967352582,1.050913540973518,1.0468389081538645,1.0533021083778893,1.0146736568870587,1.0426249341229574,1.0410640164856872,1.0396559058632406,1.0239482374301225,1.0403234970640212,1.0418347186392194,1.0473431782019516,1.0578855791312078,1.0550862417183697,1.0547560277374104,1.059999932812417,1.0152562957930416,1.0455751962646043,1.039045932312078,1.0362714131164525,1.0382258451503026,1.0588439581185172,1.0599998999789877,1.0503731379895924,1.0389433950464921,1.0433258415719378,1.049293310425199,1.0445864713946742,1.041476116377769,1.036673987759053,1.0345772182990007,1.0343958405420843,1.0362806405304894,1.036010187355738,1.0360876996856465,1.0386607106627317,1.036214590604548,1.0400533322530618,1.0388525309447076,1.0402441510434859,1.0407338592415973,1.0110197546969613,1.0166586834576126,1.0070949589656255,1.0511800099528568,1.0449985574831566,1.005363610772161,1.051996616390708,1.042789394976433,1.0434485031002947,1.0440329307469283,1.0426400508587759,1.0400885016177304,1.0411099403519948,1.0385696522954528,1.0460792942089383,1.0454967717597505,1.0484938712838647,1.0494639239660613,1.0012000124856728,1.0583030707026817,1.0599999515775371,1.0565572118726485,1.0551609808396005,1.0511855504535517,1.0472015325363788,1.051717463732675,1.0572953364565787,1.0509837467236118,1.0516471592536558,1.054007719990131,1.0523499758206203,1.051057640257717,1.049354322348075,1.0523490024985824,1.0502006934600463,1.0468914554726922,1.0479985196718635,1.0494156529945278,1.0508646227252332,1.0534904775791707,1.045808367145254,1.0421777165782742,1.0435674678888636,1.0407748654650446,1.037064626453186,1.0429148061267588,1.0424177717005425,1.0411627045421938,1.0429939048774761,1.0370258084700206,1.0422239367436288,1.040209581699052,1.0400281292710756,1.005114478389563,1.0147176521832122,1.0354803863898134
4.333333333333333,1.0328704542747116,1.032804577320594,1.0332377630138718,1.0374655125883938,1.035429720243187,1.0350489043309785,1.0341368104573618,1.0192475582332636,1.0419700841792319,1.0272619273664032,1.0333584036591938,1.0342341730400926,1.032967364233964,1.0354884324566844,1.0391392352850037,1.0362659864894102,1.048058741023597,1.0390028581058843,1.0392384477816412,1.041905584714134,1.0446863171935181,1.0478297305157156,1.0509129564694284,1.0468389081538645,1.0533021083778893,1.0146736568870587,1.0426249341229574,1.0410500390934978,1.0396505032402539,1.023941675170543,1.0403234970640212,1.0418347186392194,1.0472708129719988,1.0578855791312078,1.0550934177653597,1.0547560277374104,1.06000361410487,1.0152384545071598,1.045626372556993,1.039045932312078,1.0362643273668162,1.0382258451503026,1.0587554678013134,1.0598179243776875,1.0501266652270809,1.0389433950464921,1.0433175762384825,1.049332677120833,1.0445864713946742,1.0414835019362194,1.0366172715515465,1.0345341300344293,1.0344159108708177,1.0362806405304894,1.036010187355738,1.0360876996856465,1.0386970910793492,1.0361789348903776,1.0400533322530618,1.0388174914348653,1.0402441510434859,1.0407338592415973,1.0110085345955753,1.016650493664624,1.0070949589656255,1.0511800099528568,1.0449901120456109,1.0053677485679458,1.051996616390708,1.042789394976433,1.043447899062882,1.0440329307469283,1.0426400508587759,1.0400885016177304,1.0411600770255713,1.0385696522954528,1.0460792942089383,1.045455637313058,1.0484585138196574,1.0494639239660613,1.0011962580412883,1.058258669073393,1.0599814732530053,1.056579061057036,1.0551609808396005,1.0511769714545611,1.0472015325363788,1.0517069711014055,1.0572953364565787,1.0509837467236118,1.0516471592536558,1.054007719990131,1.052364129794977,1.0510386360565356,1.0493156297068897,1.0522985000323986,1.0501686308404772,1.0469458466317503,1.0479985196718635,1.0494156529945278,1.0508701056770497,1.0535010593556193,1.045808367145254,1.0421777165782742,1.0435674678888636,1.0407631947646407,1.037064626453186,1.042904561403271,1.042407572213989,1.0411627045421938,1.0429939048774761,1.0370258084700206,1.0422239367436288,1.040192221365193,1.040011580335615,1.005114478389563,1.0149198417270742,1.0355399521066098
4.416666666666667,1.0328704542747116,1.0328259191250049,1.033178272931559,1.0374655125883938,1.0354346365444973,1.0350489043309785,1.03412921886903,1.0192475582332636,1.0419700841792319,1.0272619273664032,1.0333841734378697,1.0342341730400926,1.032999124287367,1.0355002855396285,1.0391392352850037,1.0362219181340104,1.0480574795375754,1.0390028581058843,1.0392384477816412,1.041888880236345,1.044620452936722,1.047785845482057,1.050904412345838,1.0468389081538645,1.0533021083778893,1.0146736568870587,1.0426249341229574,1.0410923652698323,1.039679262261518,1.023929951091454,1.0403234970640212,1.0418347186392194,1.0471336265296725,1.0578855791312078,1.0550885274284243,1.0547560277374104,1.0599969128056712,1.0152092761223306,1.045559392036469,1.039045932312078,1.036286202104931,1.0382258451503026,1.0586938667626125,1.0598049949881079,1.0501585403668545,1.0389433950464921,1.0433474795989546,1.0492816012454436,1.0445864713946742,1.0414829170376665,1.0364879820423734,1.034395241773265,1.0343357416097276,1.0362806405304894,1.036010187355738,1.0360876996856465,1.038653508315526,1.0361080340411548,1.0400533322530618,1.0387548705654532,1.0402441510434859,1.0407338592415973,1.0110111643760382,1.0166485758898243,1.0070949589656255,1.0511800099528568,1.0449980281556925,1.0053720657753642,1.051996616390708,1.042789394976433,1.043447781527156,1.0440329307469283,1.0426400508587759,1.0400885016177304,1.041088749064502,1.0385696522954528,1.0460792942089383,1.0453769329078928,1.0483796140202166,1.0494639239660613,1.0011988846253068,1.05828874000868,1.0600093951973646,1.0565536419362969,1.0551609808396005,1.051202943367132,1.0472015325363788,1.051650885731808,1.0572953364565787,1.0509837467236118,1.0516471592536558,1.054007719990131,1.052320816745749,1.051013494859402,1.0492893397620107,1.052233245180207,1.0501166664595736,1.04691462418527,1.0479985196718635,1.0494156529945278,1.0509022909605115,1.0535011562459164,1.045808367145254,1.0421777165782742,1.0435674678888636,1.0407164067260712,1.037064626453186,1.042917655928519,1.042424253107762,1.0411627045421938,1.0429939048774761,1.0370258084700206,1.0422239367436288,1.0401495966372472,1.0399684634877295,1.005114478389563,1.0146124331732813,1.0354714339109015
4.5,1.0333022007935893,1.033238463170216,1.033601150201937,1.03795480817357,1.0359369959656173,1.035428480550144,1.0345092284419857,1.0198641984075256,1.0426502618666034,1.0280169168060154,1.033809860736556,1.0346341714804497,1.0333719165083037,1.0357449360734756,1.0390436857684602,1.0365371000267025,1.0483256475104599,1.0392943775766181,1.0393611356260637,1.0420696249309565,1.0448433056142836,1.0480856322736392,1.051280145132403,1.0471848354905926,1.0537617721010772,1.015425269942469,1.0429905953674756,1.0414533788749334,1.0400573969148914,1.0243287066397966,1.0407070157343228,1.0421851731098999,1.0470107004688862,1.0578493806715872,1.0550620878904717,1.0547241500566216,1.0599999297530336,1.0153951148086462,1.0455238619152576,1.039029084543883,1.036185523907005,1.0380587278275168,1.0586975875603237,1.0599998998865543,1.0504210894152772,1.0391154934785891,1.0435840782069044,1.0494982850958456,1.0448386109820815,1.0417012333700055,1.036687209281918,1.0345787668800617,1.0345713940461108,1.03655653794749,1.0362922231914236,1.0363670711241872,1.0388907902724285,1.0363595847644815,1.0403616732250998,1.0390545708180807,1.0405793753583732,1.0410634620884813,1.0113230341011918,1.0169707991282615,1.007415283333479,1.0515119639197112,1.0453761004331659,1.0057074406305835,1.0522354146567603,1.042903458702821,1.0435813553438569,1.0442603740354959,1.0427733220032125,1.0402341306172311,1.041201047327694,1.0387060896059368,1.0460039608451528,1.0452829297089599,1.0483241381061064,1.0496077989752113,1.001468378654612,1.0582612241496432,1.05999995045213,1.0565930709451807,1.0552467507455154,1.0512263112867481,1.0472581169908348,1.0517552424283847,1.0575195763475296,1.0511628275889393,1.0518393569810596,1.0542164707531918,1.0524637814569098,1.051125202211978,1.0493204013849977,1.0522385243473285,1.0501708831500087,1.0470696456026622,1.04815525690276,1.049594887754078,1.0510899659012765,1.053698292729189,1.0459892881353443,1.0422945401797301,1.0435474041544541,1.0406989106354094,1.0371526757607767,1.0430065402378943,1.0425556832679361,1.0414169072389403,1.0432560887696318,1.0373322440606498,1.0425576598836077,1.040474225923407,1.040292170404828,1.005492385835657,1.014935324022373,1.0355745203039575
4.583333333333333,1.0333022007935893,1.0332176222799936,1.033605516121529,1.03795480817357,1.0359541831349197,1.035428480550144,1.0345139979939415,1.0198641984075256,1.0426502618666034,1.0280169168060154,1.0337802520299546,1.0346341714804497,1.0333006378223544,1.0357497249565384,1.0390436857684602,1.0365480146002275,1.048327887945761,1.0392943775766181,1.0393611356260637,1.0420038545148338,1.0447694664045752,1.0480140804038816,1.0512610020363553,1.0471848354905926,1.0537617721010772,1.015425269942469,1.0429905953674756,1.0413980804820477,1.0400281691400115,1.0243185265654893,1.0407070157343228,1.0421851731098999,1.0470528449735714,1.0578493806715872,1.0550556560914848,1.0547241500566216,1.059995661916338,1.0153696689402707,1.045517207673301,1.039029084543883,1.0361947837932524,1.0380587278275168,1.05869627154364,1.0599644594230433,1.0504119263380725,1.0391154934785891,1.0435416879362238,1.0494919946652395,1.0448386109820815,1.0417070309423089,1.0367030086609024,1.034589864482383,1.0345417410236788,1.03655653794749,1.0362922231914236,1.0363670711241872,1.0388885530290883,1.0363553821304998,1.0403616732250998,1.039073708163369,1.0405793753583732,1.0410634620884813,1.0113202441461147,1.016968826782755,1.007415283333479,1.0515119639197112,1.045341172396223,1.0057142686887173,1.0522354146567603,1.042903458702821,1.0435801807387386,1.0442603740354959,1.0427733220032125,1.0402341306172311,1.041183277592754,1.0387060896059368,1.0460039608451528,1.0453057695355392,1.0483487935676292,1.0496077989752113,1.0014708400912937,1.0581556571895938,1.0599132733671583,1.0565616867448901,1.0552467507455154,1.0512392062721643,1.0472581169908348,1.0517751598793548,1.0575195763475296,1.0511628275889393,1.0518393569810596,1.0542164707531918,1.0524515130049668,1.0511070579971906,1.0493108541729468,1.0522215084210942,1.0501681238692933,1.0470215983583233,1.04815525690276,1.049594887754078,1.0510500724666278,1.0536837089540874,1.0459892881353443,1.0422945401797301,1.0435474041544541,1.040714591376671,1.0371526757607767,1.042991122042104,1.0425337993631503,1.0414169072389403,1.0432560887696318,1.0373322440606498,1.0425576598836077,1.0404881489384272,1.040306415191724,1.005492385835657,1.0134100188194235,1.035556380779908
4.666666666666667,1.0333022007935893,1.0332063307321,1.033620179963682,1.03795480817357,1.0359560453182,1.035428480550144,1.0344967798421059,1.0198641984075256,1.0426502618666034,1.0280169168060154,1.033747316764615,1.0346341714804497,1.0331481607985478,1.0357615810919816,1.0390436857684602,1.0364413430181574,1.0483195671122776,1.0392943775766181,1.0393611356260637,1.0419618582797865,1.0447184970406667,1.0479380131136886,1.0512448787997972,1.0471848354905926,1.0537617721010772,1.015425269942469,1.0429905953674756,1.041377617524661,1.040014757301994,1.0243026507177597,1.0407070157343228,1.0421851731098999,1.0470815130234639,1.0578493806715872,1.055038744206908,1.0547241500566216,1.0599991774217097,1.015335980982034,1.0455333564165812,1.039029084543883,1.0362153203578206,1.0380587278275168,1.058431230948742,1.0596372649183008,1.05016712004237,1.0391154934785891,1.0435098637001847,1.049502907658111,1.0448386109820815,1.0417269024225377,1.0365787398680943,1.0343831477833993,1.0343493329323286,1.03655653794749,1.0362922231914236,1.0363670711241872,1.0389060946412034,1.0362497095995398,1.0403616732250998,1.0390862842443764,1.0405793753583732,1.0410634620884813,1.0113144815793143,1.0169629731508194,1.007415283333479,1.0515119639197112,1.045249643403954,1.0057239949165138,1.0522354146567603,1.042903458702821,1.0435792773780148,1.0442603740354959,1.0427733220032125,1.0402341306172311,1.0411808677049668,1.0387060896059368,1.0460039608451528,1.0452919819828412,1.0482906097523015,1.0496077989752113,1.001459460073452,1.0581211768306158,1.059896561725435,1.0565659374535026,1.0552467507455154,1.051265370559953,1.0472581169908348,1.0516430080522694,1.0575195763475296,1.0511628275889393,1.0518393569810596,1.0542164707531918,1.0524464060054362,1.0510820194486985,1.0493140512436783,1.0522234410544495,1.0501215704701978,1.0468740253705326,1.04815525690276,1.049594887754078,1.0510308050637402,1.0536796498788776,1.0459892881353443,1.0422945401797301,1.0435474041544541,1.0405998409681037,1.0371526757607767,1.0429819683933634,1.042523448192131,1.0414169072389403,1.0432560887696318,1.0373322440606498,1.0425576598836077,1.040445276748869,1.0402549788124824,1.005492385835657,1.0135111017413043,1.0355584867439296
4.75,1.0339182483498504,1.0338414615399887,1.0343279048152119,1.0387445917146865,1.0367456065700194,1.036131307579645,1.0351449580568404,1.0207089860729566,1.0436285853102278,1.0291768405153638,1.0344188285252411,1.0352344228115946,1.033645211137913,1.0362323673951686,1.0393842526871515,1.036919620987912,1.0488161393989819,1.039702886599867,1.039636669765062,1.042422413321536,1.0452619375205099,1.0485102307396794,1.0519303546136034,1.0478553115956533,1.0546240438807175,1.0163753738276025,1.0435231491438333,1.0418569241559714,1.0404696471978554,1.024882310096522,1.0411235735192181,1.0426875727217877,1.0471769021041886,1.0577662583880354,1.0549388824153236,1.0545973979714827,1.0599999585063102,1.0156437166486987,1.0454881411462278,1.0388786231102054,1.0360337204268384,1.0382203250349853,1.05841760276606,1.0599999262891826,1.0506267426496312,1.0397878400300373,1.0442795482367309,1.0502676227739793,1.0455675731324359,1.0423622059906947,1.0371182287247793,1.0348891232483353,1.0349632770053165,1.037188453115311,1.0369100657958212,1.0369990024790956,1.0395773733665599,1.0368023864244595,1.041150959600363,1.0398881293521987,1.0414279891923792,1.0418833537635515,1.0120797976798066,1.0177447854738375,1.0081419658488289,1.0523595801666765,1.0460139663423722,1.0064085464608525,1.0529128780083703,1.0433290634218824,1.0440189580090289,1.0447898128782367,1.0432048914308398,1.0406835501966885,1.041692832060553,1.0389591675675105,1.0462766839330928,1.0455245546000806,1.0485253617688641,1.0500263694767773,1.0020541685325548,1.0582500929162495,1.0599999681456451,1.056649211594095,1.055282924988585,1.051192137971798,1.0473591034122012,1.0518213110459924,1.0580202277488926,1.0515096350006916,1.0521961480273248,1.0545948802176472,1.0527352531152507,1.0512576293788836,1.0493756468898074,1.052337665536694,1.0503444835211897,1.0472994784232745,1.0484594559858609,1.0499027562534542,1.0514241704491798,1.0540707754733027,1.0461642458905078,1.0424098207579164,1.0435373551008673,1.0405250390895255,1.0370981210330998,1.0429323168964284,1.0424599834637702,1.0413330274697299,1.0432841773011883,1.037026219100529,1.0430624606748973,1.0409034390733536,1.0407096750858114,1.0062136557160088,1.0142532160205355,1.036001316855856
4.833333333333333,1.0339182483498504,1.0337986492467555,1.0342930994271298,1.0387445917146865,1.036749549805471,1.036131307579645,1.0351518588890378,1.0207089860729566,1.0436285853102278,1.0291768405153638,1.0343759307764528,1.0352344228115946,1.0336358925079019,1.0361985598001768,1.0393842526871515,1.0369622212105822,1.0488250861083321,1.039702886599867,1.039636669765062,1.0423031132578922,1.0451343094706431,1.0484243177208676,1.0519058255676879,1.0478553115956533,1.0546240438807175,1.0163753738276025,1.0435231491438333,1.0418206835699786,1.0404285245457146,1.0248755701359875,1.0411235735192181,1.0426875727217877,1.047075512572969,1.0577662583880354,1.054940870274924,1.0545973979714827,1.0599942854099864,1.0156232735987063,1.0454452183119074,1.0388786231102054,1.035973018965668,1.0382203250349853,1.058538715427163,1.0601791014703232,1.0508135971706396,1.0397878400300373,1.0442022978994856,1.0502356148432035,1.0455675731324359,1.042301621941147,1.0370815045426005,1.0348907636834925,1.034980716839463,1.037188453115311,1.0369100657958212,1.0369990024790956,1.0395232408897739,1.0367875719475654,1.041150959600363,1.039841312767547,1.0414279891923792,1.0418833537635515,1.0120594530772073,1.0177298810361561,1.0081419658488289,1.0523595801666765,1.046029358890867,1.0064151016487042,1.0529128780083703,1.0433290634218824,1.0440182614650801,1.0447898128782367,1.0432048914308398,1.0406835501966885,1.0416382819335563,1.0389591675675105,1.0462766839330928,1.0454829394801428,1.0485139000480577,1.0500263694767773,1.002057671210804,1.0581227535445574,1.059876699623577,1.0565870609577934,1.055282924988585,1.0511195893139402,1.0473591034122012,1.0518744315807471,1.0580202277488926,1.0515096350006916,1.0521961480273248,1.0545948802176472,1.0526758644484864,1.0511818917949223,1.049227371127896,1.052203505652644,1.0502930145284368,1.0473236476891712,1.0484594559858609,1.0499027562534542,1.0513394638119162,1.054035441720192,1.0461642458905078,1.0424098207579164,1.0435373551008673,1.0405688127766013,1.0370981210330998,1.042929833703752,1.0424537504626952,1.0413330274697299,1.0432841773011883,1.037026219100529,1.0430624606748973,1.0409052681324793,1.0407168042182375,1.0062136557160088,1.0140726498039851,1.035941790609741
4.916666666666667,1.0339182483498504,1.0338038267303484,1.0342209049087812,1.0387445917146865,1.0367507451817228,1.036131307579645,1.0351372566691446,1.0207089860729566,1.0436285853102278,1.0291768405153638,1.0343855970492273,1.0352344228115946,1.0336683446094659,1.0361494135154856,1.0393842526871515,1.0368644162242715,1.0488092353780605,1.039702886599867,1.039636669765062,1.0422427658382591,1.0450219284951099,1.0483472312112565,1.051877489962821,1.0478553115956533,1.0546240438807175,1.0163753738276025,1.0435231491438333,1.0418285727758705,1.0404346913428806,1.0248587994934468,1.0411235735192181,1.0426875727217877,1.0471200273369023,1.0577662583880354,1.0549114351100457,1.0545973979714827,1.0599899814945182,1.0155894101848488,1.0453662668348265,1.0388786231102054,1.03588320589563,1.0382203250349853,1.0582879720711258,1.0598512643607798,1.0506228393385626,1.0397878400300373,1.0441944880254965,1.0501730238069937,1.0455675731324359,1.0422070715782112,1.0369858308343014,1.0346905731321503,1.0347230904413425,1.037188453115311,1.0369100657958212,1.0369990024790956,1.039428182340072,1.0367391200618266,1.041150959600363,1.0398628803148702,1.0414279891923792,1.0418833537635515,1.0120325682040452,1.0177103890064754,1.0081419658488289,1.0523595801666765,1.04604379008132,1.006428665193767,1.0529128780083703,1.0433290634218824,1.0440174928011703,1.0447898128782367,1.0432048914308398,1.0406835501966885,1.0415293346790802,1.0389591675675105,1.0462766839330928,1.0454814207115988,1.0484707663149513,1.0500263694767773,1.002053012266112,1.0581189143254113,1.059880529430281,1.0565481788139055,1.055282924988585,1.0510140291421193,1.0473591034122012,1.0517565541618525,1.0580202277488926,1.0515096350006916,1.0521961480273248,1.0545948802176472,1.0526206621885386,1.051142896792336,1.0491292584946597,1.0521842747884638,1.050241810842959,1.0470830408355998,1.0484594559858609,1.0499027562534542,1.0513408701381348,1.0540232087666388,1.0461642458905078,1.0424098207579164,1.0435373551008673,1.0404678854966847,1.0370981210330998,1.042931790468905,1.0424564703167807,1.0413330274697299,1.0432841773011883,1.037026219100529,1.0430624606748973,1.0408711912581075,1.0406746640663442,1.0062136557160088,1.01385309124146,1.0358160408149129
5.0,1.0345252253557984,1.0344325013037978,1.0348932675617741,1.0395774634141928,1.0376110077549658,1.036835256475114,1.0358021696528925,1.021755561330079,1.044828336361063,1.0305824223843,1.03507236552156,1.035884876870278,1.0341919435593234,1.0367002388373605,1.0396556732201285,1.0373804089628593,1.049380066878195,1.0402237899616016,1.0399901248383614,1.0426705548311306,1.0455138951540954,1.048919912939215,1.0526333736665223,1.0485269529945644,1.0556175355735649,1.0176196336668208,1.0442427044154368,1.0424784384321681,1.0410614763059274,1.0255576117200742,1.0417464462563946,1.0433220444788096,1.0471311446969087,1.057697252990955,1.0548242744088547,1.0544955577323418,1.059999961018589,1.0159086393753567,1.0452796006088414,1.038751933682505,1.0357731862814314,1.0381638638142756,1.058169620578453,1.0599999250655345,1.0508854260688036,1.040234403219199,1.044731487943749,1.05070243101055,1.0461239746378923,1.0427353887734645,1.0372859888457089,1.034939715010881,1.0350724201916424,1.0376487869000406,1.0373481464347991,1.0374426393528644,1.0399042354633095,1.0370822838032379,1.0416855223968158,1.0404325725724,1.0420754064172886,1.0424848808706395,1.0126192531881952,1.018326501934428,1.0087445339965901,1.0529878410386448,1.046611308480026,1.0070291300966712,1.0534743098250317,1.0436314647949394,1.0443509014659398,1.0452869012161887,1.0435332850991914,1.0408720695416536,1.0417806954905766,1.0391039173421552,1.0463800982693585,1.0455245042353618,1.048535268084075,1.050370120552771,1.0025674689476947,1.0582174922763201,1.0599999699935863,1.0567573640143935,1.055546418135392,1.0512966487858988,1.0476681208260528,1.0521658661738684,1.0587948633561626,1.0522680466692986,1.052883256445415,1.0550918026230034,1.053006616373778,1.051447606689386,1.0493614482286908,1.0523271838313368,1.050434683957371,1.0474353837140475,1.048883144841921,1.0503523407820827,1.0517967004286062,1.054504261473713,1.046539302359888,1.042646994738731,1.0436048775685565,1.0404553447910634,1.0370953407463535,1.0430541241281102,1.0426030439733853,1.0415689071641439,1.0436510490120796,1.0372879420612107,1.0436601820566098,1.0414673924329465,1.0412709659119999,1.0068668743445133,1.0144986872750716,1.0360150989627321
5.083333333333333,1.0345252253557984,1.0343895225653852,1.034955188521141,1.0395774634141928,1.0376233630127436,1.036835256475114,1.0358013389354914,1.021755561330079,1.044828336361063,1.0305824223843,1.034999943939793,1.035884876870278,1.0339759035919922,1.0367142860593783,1.0396556732201285,1.0373706440820032,1.0493831373642182,1.0402237899616016,1.0399901248383614,1.0425912905671115,1.045457660305363,1.0488254732141966,1.0526100792014914,1.0485269529945644,1.0556175355735649,1.0176196336668208,1.0442427044154368,1.0424304778895987,1.0410184681291887,1.0255388704284065,1.0417464462563946,1.0433220444788096,1.0470482709618023,1.057697252990955,1.0548117769168073,1.0544955577323418,1.0599996489011299,1.0158641933464956,1.0453388532713397,1.038751933682505,1.0357989825557932,1.0381638638142756,1.0581175291785787,1.0599122802437662,1.0508633734171475,1.040234403219199,1.0446457248547076,1.0507497769313676,1.0461239746378923,1.04277270892246,1.0371530276589442,1.034801084176299,1.0349392321542439,1.0376487869000406,1.0373481464347991,1.0374426393528644,1.0399600533629245,1.036962671039142,1.0416855223968158,1.0403932108416587,1.0420754064172886,1.0424848808706395,1.0126112276592318,1.0183171884527875,1.0087445339965901,1.0529878410386448,1.0464955890560141,1.0070408978220748,1.0534743098250317,1.0436314647949394,1.0443495119625346,1.0452869012161887,1.0435332850991914,1.0408720695416536,1.0418342769120101,1.0391039173421552,1.0463800982693585,1.0454765823346632,1.0484968478279555,1.050370120552771,1.0025630125287068,1.0580915297051219,1.0598949660684607,1.0567556709142392,1.055546418135392,1.0513287056600764,1.0476681208260528,1.052157600241799,1.0587948633561626,1.0522680466692986,1.052883256445415,1.0550918026230034,1.0529962875934247,1.0513776630064178,1.0493005547163967,1.0522323805138036,1.0503807432860877,1.0473301530817796,1.048883144841921,1.0503523407820827,1.051721200316053,1.0544878755476086,1.046539302359888,1.042646994738731,1.0436048775685565,1.0404436537758894,1.0370953407463535,1.043043277519349,1.0425877612079466,1.0415689071641439,1.0436510490120796,1.0372879420612107,1.0436601820566098,1.041449473420308,1.0412542672544671,1.0068668743445133,1.0137691798663595,1.0360954784215166
5.166666666666667,1.0345252253557984,1.034419551272028,1.0349340177039301,1.0395774634141928,1.037624743198529,1.036835256475114,1.0358055195428093,1.021755561330079,1.0448283363610633,1.0305824223843,1.0350235674220012,1.035884876870278,1.0339345461292977,1.0366711203482288,1.0396556732201285,1.037392943791514,1.0493793491489367,1.0402237899616016,1.0399901248383614,1.042608686154682,1.0454343643434652,1.0487848094514867,1.0525901648360965,1.0485269529945644,1.0556175355735649,1.0176196336668208,1.0442427044154368,1.0424191005703174,1.0410387958946172,1.0255305582238303,1.0417464462563946,1.0433220444788096,1.0470714293923702,1.057697252990955,1.0547937400781544,1.0544955577323418,1.0599989687991294,1.0158468265380323,1.0453146405447529,1.038751933682505,1.0357199728208069,1.0381638638142756,1.058074070293041,1.059738299088485,1.0507420057665848,1.040234403219199,1.044682045076305,1.0507309308888526,1.0461239746378923,1.042703099495126,1.0371279561756637,1.0347576549261794,1.0348124940710863,1.0376487869000406,1.0373481464347991,1.0374426393528644,1.0399133375644092,1.0369319995538893,1.0416855223968158,1.04040407266136,1.0420754064172886,1.0424848808706395,1.0125875397752266,1.0183002137247634,1.0087445339965901,1.0529878410386448,1.0464503577621518,1.0070501339355287,1.0534743098250317,1.0436314647949394,1.0443486493679028,1.0452869012161887,1.0435332850991914,1.0408720695416536,1.0417966725416234,1.0391039173421552,1.0463800982693585,1.0454913567555393,1.0485199515139405,1.050370120552771,1.0025618090870427,1.058036024159808,1.059879153405196,1.0567387378878834,1.055546418135392,1.0512353784467583,1.0476681208260528,1.0521891561861276,1.0587948633561626,1.0522680466692986,1.052883256445415,1.0550918026230034,1.0529491926461343,1.051309842409455,1.0491809338767328,1.0521832125377655,1.0503649749288515,1.04717959492415,1.048883144841921,1.0503523407820827,1.0517742346380066,1.054501553430239,1.046539302359888,1.042646994738731,1.0436048775685565,1.0404679633786247,1.0370953407463535,1.043034281136194,1.0425759313407015,1.0415689071641439,1.0436510490120796,1.0372879420612107,1.0436601820566098,1.0414643672477033,1.041270531408216,1.0068668743445133,1.0136952240991361,1.0360523863562752
5.25,1.035039279149451,1.0349573128101137,1.0354831220971719,1.0402514170343404,1.0383099899570642,1.0374421300319723,1.0363767878557415,1.0225304433566078,1.045748183770571,1.0317099242326409,1.0356036887203295,1.0364281638802046,1.0344085862502204,1.037114719473063,1.039907820831302,1.0378230612443675,1.049784212706539,1.0405286461945336,1.04021018454788,1.0429334646898698,1.0458249341278008,1.0492658071315062,1.0532376256485751,1.0491418065280895,1.0564659693602991,1.0185186696918445,1.044743486726588,1.0428435653727564,1.0414247792723126,1.0260477726424022,1.0421140763289853,1.04378145732604,1.0472002037957464,1.0576467801963052,1.0546535496772875,1.054340875834059,1.0599999663001176,1.0161392959555415,1.0451455900638098,1.0385129000279976,1.0355152457375805,1.038223114393786,1.0580659344013121,1.0599999127838735,1.051151532492394,1.041058219866094,1.0454982751227768,1.0515269914846932,1.0469228542208164,1.043430886162795,1.037766403167087,1.0353294282825674,1.0353656999914553,1.0383039265234468,1.037988042498836,1.038096814912289,1.0405896594401582,1.0375694637318793,1.0424825772623645,1.0412370134050795,1.042921705123489,1.043272956259409,1.0133690052789557,1.019087415666061,1.0094502412534434,1.0538393292885082,1.047251396584376,1.0076792075393113,1.0541023370374851,1.0440919113544993,1.0448158839177522,1.0458039432971358,1.0439922865362181,1.0412807483485862,1.0421865222800335,1.0392802332787205,1.046605018259332,1.0457134778566333,1.0487261812249613,1.0506713159863428,1.0030812280543027,1.0581773537393648,1.0599999729543292,1.0568641704082178,1.0556914331003142,1.0513223331932169,1.0477892781600833,1.0524821160134752,1.0593682653899728,1.0526778207981817,1.0532937205595707,1.055492302103414,1.053251048167952,1.0515475383910227,1.0493571451974444,1.052357257372529,1.0505711180665855,1.0473830082682964,1.049142395132777,1.0506463663469285,1.0521196594495665,1.0548804988319436,1.046707492719706,1.0427340603011632,1.0435820418961057,1.0403771343201862,1.03689234232224,1.0429806716726027,1.0425135929221678,1.0415043485248392,1.0437042465018607,1.0370213039196317,1.0440760717599364,1.041907487427589,1.0417109089015597,1.0075310201490713,1.014277624768215,1.0363257858898094
5.333333333333333,1.035039279149451,1.0349265462483503,1.0354864717711323,1.0402514170343404,1.0383162621915976,1.0374421300319723,1.036351660827429,1.0225304433566078,1.045748183770571,1.0317099242326409,1.035554652370556,1.0364281638802046,1.0342753636569393,1.037086564994456,1.039907820831302,1.0376744433447227,1.0497838339478278,1.0405286461945336,1.04021018454788,1.0428422601063791,1.0457256301329882,1.0491600601609306,1.0532057962691685,1.0491418065280895,1.0564659693602991,1.0185186696918445,1.044743486726588,1.042852394477411,1.0414055005869554,1.026024078289461,1.0421140763289853,1.04378145732604,1.0470663174404045,1.0576467801963052,1.054648246917448,1.054340875834059,1.0600006987738477,1.016080965710005,1.0451470838281565,1.0385129000279976,1.0354637400770645,1.038223114393786,1.0578299370643887,1.0598863144480966,1.0511280620745256,1.041058219866094,1.0454291656943444,1.0515292558728369,1.0469228542208164,1.043390806037539,1.0375246602682218,1.0350216998507276,1.0352027083419222,1.0383039265234468,1.037988042498836,1.038096814912289,1.0405730333580223,1.037404887318356,1.0424825772623645,1.0411739314598787,1.042921705123489,1.043272956259409,1.0133451539987457,1.0190678820654318,1.0094502412534434,1.0538393292885082,1.0471809257049647,1.007692760508371,1.0541023370374851,1.0440919113544993,1.0448149166455323,1.0458039432971358,1.0439922865362181,1.0412807483485862,1.0421672476416417,1.0392802332787205,1.046605018259332,1.045608130257822,1.04857870895598,1.0506713159863428,1.0030743528473562,1.0581265635364587,1.0599555205869302,1.0568522639025641,1.0556914331003142,1.0512619178483362,1.0477892781600833,1.0522916847417514,1.0593682653899728,1.0526778207981817,1.0532937205595707,1.055492302103414,1.0531978894438303,1.0514456243125452,1.0492003030051917,1.0522198384560546,1.0504335548026766,1.0473364012024249,1.049142395132777,1.0506463663469285,1.052061348104324,1.054860810970343,1.046707492719706,1.0427340603011632,1.0435820418961057,1.0402130173321265,1.03689234232224,1.0429884498082524,1.0425234904796126,1.0415043485248392,1.0437042465018607,1.0370213039196317,1.0440760717599364,1.0418169084559874,1.0416117479395106,1.0075310201490713,1.0142672396096242,1.0363188154900487
5.416666666666667,1.035039279149451,1.0349398990124017,1.0354508571911922,1.0402514170343404,1.0383209810058998,1.0374421300319723,1.0363407339184951,1.0225304433566078,1.0457481837705709,1.0317099242326409,1.0355710488655707,1.0364281638802046,1.034296119617263,1.0370620630746175,1.039907820831302,1.0376085738586922,1.0497861011298815,1.0405286461945336,1.04021018454788,1.0428249810311252,1.0456735177175334,1.0491186312398408,1.0531858700104342,1.0491418065280895,1.0564659693602991,1.0185186696918445,1.044743486726588,1.0428548103437254,1.0414156981652698,1.0260066813871829,1.0421140763289853,1.04378145732604,1.0470109331465822,1.0576467801963052,1.0546419071284165,1.054340875834059,1.0599983867977378,1.016038198850966,1.0451064156697751,1.0385129000279976,1.0354187839825182,1.038223114393786,1.057619501229848,1.0595830795854622,1.0508354062713974,1.041058219866094,1.0454339476834893,1.051496360841217,1.0469228542208164,1.0433423109045665,1.0374186264805971,1.0348758117555692,1.0351044114312737,1.0383039265234468,1.037988042498836,1.038096814912289,1.040523663937778,1.037346008252435,1.0424825772623645,1.0411481081512854,1.042921705123489,1.043272956259409,1.0133238354661855,1.019051971376817,1.0094502412534434,1.0538393292885082,1.0471847825533631,1.0077028001950081,1.0541023370374851,1.0440919113544993,1.044813744106131,1.0458039432971358,1.0439922865362181,1.0412807483485862,1.0421118533012743,1.0392802332787205,1.046605018259332,1.0455626128821256,1.0485143311620444,1.0506713159863428,1.0030703884930696,1.0580963098485932,1.0599515687670917,1.0568313923185302,1.0556914331003142,1.0512092353226066,1.0477892781600833,1.0522089161960317,1.0593682653899728,1.0526778207981817,1.0532937205595707,1.055492302103414,1.0531603435533465,1.0514055369810853,1.0491177111100838,1.0521606698920851,1.0503723385101973,1.0472858388885233,1.049142395132777,1.0506463663469285,1.0520836611347812,1.054862438910701,1.046707492719706,1.0427340603011632,1.0435820418961057,1.0401403163479734,1.03689234232224,1.042982996336596,1.0425190388695202,1.0415043485248392,1.0437042465018607,1.0370213039196317,1.0440760717599364,1.041777445138352,1.0415683752695806,1.0075310201490713,1.0140254263731447,1.036270071370037
5.5,1.0357685661667657,1.0356730843308526,1.036183735840259,1.0411232629294707,1.0392141442500817,1.0382004522932768,1.0370897134231822,1.0235767646661547,1.0469569600712207,1.0331437498746987,1.036344004030597,1.0371482690625973,1.034976604073546,1.0376032609507322,1.0402752508434276,1.038311048707433,1.050361287196199,1.040988018255822,1.0405929849648115,1.0432940937395112,1.0461872388388653,1.0497284839579908,1.0539458773329768,1.0498554446933674,1.0575099395809908,1.0196383068326622,1.045329722683233,1.043388975943182,1.0419535866115912,1.0267048627153463,1.0426448927421996,1.0442999463293567,1.047213503242512,1.0575641837591225,1.0545431618796333,1.0542159535134679,1.0599999761596943,1.016418867346653,1.0449314190453685,1.0383079329710228,1.035099088968176,1.03818839736897,1.057777113506207,1.0599999269872185,1.0512994367044626,1.0417657347117557,1.0462283277662723,1.052227967381329,1.0476980435276049,1.0439374962580779,1.0381231234333241,1.0355834730454838,1.0357734470329882,1.0388902877000823,1.038575192741503,1.0386844844106151,1.0410864836955207,1.03800097438352,1.043172126154067,1.0420324659603357,1.043816621011297,1.0441569450469386,1.014069480020125,1.0198624400223462,1.0102445479360962,1.0547273522757838,1.0480713417294671,1.008498137606067,1.0548365324691302,1.0445110974747873,1.0452537177402994,1.0463432926952998,1.0444287123866056,1.0416627157168858,1.0424981911793747,1.0395393879923687,1.0468699136194193,1.0458678033466013,1.0488649126589025,1.0511175722365202,1.003755140604085,1.0581997245508605,1.0599999808609681,1.0568314577170903,1.0557085660762857,1.0510614301663295,1.0478660632804104,1.0525217314315733,1.0598576147416028,1.0529442062218997,1.053610926924889,1.0558241990935977,1.053400793967183,1.051613623878481,1.0491826205823505,1.052319484631504,1.0506844104448096,1.0477538560831146,1.0494867821213116,1.0510289243996804,1.0524534587073755,1.0551991437926675,1.0470110512934716,1.0428946677268947,1.0436003608482969,1.0402513209428896,1.036973967379279,1.0430572566600127,1.0426197838577929,1.0417025885885585,1.0440114499424054,1.0371621133635953,1.044651672372834,1.0423370745988676,1.0421343650373929,1.00839607702693,1.0146068111715434,1.0365664111471462
5.583333333333333,1.0357685661667657,1.035634052113979,1.0361625251191193,1.0411232629294707,1.0392417929393278,1.0382004522932768,1.0370885488151482,1.0235767646661547,1.046956960071221,1.0331437498746987,1.036270859337247,1.0371482690625973,1.0347265188810644,1.0376137438563686,1.0402752508434276,1.0382826169511463,1.0503756264393893,1.040988018255822,1.0405929849648115,1.0431226602932109,1.0459666998152422,1.0495065089586209,1.0538946921971433,1.0498554446933674,1.0575099395809908,1.0196383068326622,1.045329722683233,1.043324138000252,1.0419093272335769,1.0266755290099534,1.0426448927421996,1.0442999463293567,1.0471885228901059,1.0575641837591225,1.0545461128568543,1.0542159535134679,1.059994129250155,1.0163381822184436,1.0448921683796015,1.0383079329710228,1.035119235113869,1.03818839736897,1.0576736120065184,1.0598537594899595,1.05113949430881,1.0417657347117557,1.0461387716503348,1.052195220470946,1.0476980435276049,1.0439428374708963,1.0380464065672874,1.0355117208114697,1.0357664441447971,1.0388902877000823,1.038575192741503,1.0386844844106151,1.0410616550366631,1.037904475266737,1.043172126154067,1.0420196247837588,1.043816621011297,1.0441569450469386,1.0140570831768763,1.0198526637380987,1.0102445479360962,1.0547273522757838,1.0479334295852578,1.0085134852374131,1.0548365324691302,1.0445110974747873,1.0452510453849018,1.0463432926952998,1.0444287123866056,1.0416627157168858,1.0424229991417746,1.0395393879923687,1.0468699136194193,1.0458458599263285,1.048838138939067,1.0511175722365202,1.003754106663483,1.0580467194172776,1.0598770584281423,1.0567729609607381,1.0557085660762857,1.0510891905047115,1.0478660632804102,1.0524934921972398,1.0598576147416028,1.0529442062218997,1.053610926924889,1.0558241990935977,1.0533408481903823,1.0515297897082756,1.0491185458172665,1.0522414655126233,1.0506308066941628,1.047785396449062,1.0494867821213116,1.0510289243996804,1.0523772191889136,1.0551675601416663,1.0470110512934716,1.0428946677268947,1.0436003608482969,1.0402223446456442,1.036973967379279,1.0430360597950623,1.0425928211576352,1.0417025885885585,1.0440114499424054,1.0371621133635953,1.044651672372834,1.042321602174663,1.0421176657626068,1.00839607702693,1.0123019182384956,1.036487436165772
5.666666666666667,1.0357685661667657,1.0355524830003038,1.0362262012201167,1.0411232629294707,1.039245112710287,1.0382004522932768,1.037067845465228,1.0235767646661547,1.046956960071221,1.0331437498746987,1.0361756126102557,1.0371482690625973,1.0346171955591583,1.0375704008845696,1.0402752508434276,1.0381585490117116,1.0503784809711432,1.040988018255822,1.0405929849648115,1.0430000799354282,1.0459043828209764,1.049441926833611,1.053864774520811,1.0498554446933674,1.0575099395809908,1.0196383068326622,1.045329722683233,1.0432486543568513,1.0418266549480386,1.026654443082559,1.0426448927421996,1.0442999463293567,1.047161332323675,1.0575641837591225,1.0545410910389117,1.0542159535134679,1.0599987134430124,1.0162886591997953,1.044959163347528,1.0383079329710228,1.0350397961885176,1.03818839736897,1.0574102908143526,1.0596005358722507,1.0509358927090342,1.0417657347117557,1.0459811885864032,1.0522461830930483,1.0476980435276049,1.0438955320443828,1.03789848805295,1.0352894968224453,1.0356354173897826,1.0388902877000823,1.038575192741503,1.0386844844106151,1.041082627893708,1.0378095329854768,1.043172126154067,1.0420050894870525,1.043816621011297,1.0441569450469386,1.0140196958773977,1.019826915584756,1.0102445479360962,1.0547273522757838,1.047905034812544,1.0085269909808718,1.0548365324691302,1.0445110974747873,1.0452490320012209,1.0463432926952998,1.0444287123866056,1.0416627157168858,1.0424719782623155,1.0395393879923687,1.0468699136194193,1.0457982856077974,1.0487451626333055,1.0511175722365202,1.0037410136357374,1.057879187394238,1.059729649915831,1.0567620704815095,1.0557085660762857,1.0509959093208479,1.0478660632804102,1.0523360186506885,1.0598576147416028,1.0529442062218997,1.053610926924889,1.0558241990935977,1.0533347349293438,1.0514575609567363,1.0489685445431873,1.0521300106805764,1.0505147358844182,1.0477338841008832,1.0494867821213116,1.0510289243996804,1.0522331562971232,1.0551300966363537,1.0470110512934716,1.0428946677268947,1.0436003608482969,1.0400835400435688,1.036973967379279,1.043018936850851,1.0425710654660596,1.0417025885885585,1.0440114499424054,1.0371621133635953,1.044651672372834,1.0422596714988424,1.0420467805453186,1.00839607702693,1.0125197553719931,1.0365624543655605
5.75,1.036340858865325,1.0361496251451108,1.0369144978892157,1.0421077613968932,1.0402037607970158,1.0389891193281713,1.037796109960293,1.0246067900466895,1.0481957494090217,1.0346910795223452,1.0369169827508233,1.037775264545167,1.0353596999097543,1.0380665125984452,1.0405443485488692,1.0387600431155328,1.0508934687973719,1.0413386299148675,1.040789768278795,1.0434104604330106,1.046485634239118,1.050204170799442,1.0548349627362987,1.0508182392078236,1.0587080845194559,1.020809980107789,1.0460541486177992,1.04381529230204,1.0423619089330423,1.0273385011073406,1.0431792818712213,1.0449610513213694,1.0471734301376348,1.057496770063906,1.0544400249501673,1.0541087520025543,1.0599999755030634,1.0167159449841499,1.0447098856667252,1.0379066000738237,1.0346389472601019,1.0380535857236832,1.0575490298201682,1.0599999183578512,1.051470108793123,1.042270897054815,1.0468037072542864,1.0530161477558864,1.0485247208704658,1.0446084420971113,1.0384981995690672,1.0358679177767138,1.0361500409803168,1.0394777935431647,1.0391166765602688,1.0392477636165112,1.0417165660776162,1.0384235023160857,1.0440977644232978,1.0429850311783122,1.0448661826171575,1.0451836062583,1.0149915554044415,1.0208394040112212,1.0112514306006322,1.0558275683314209,1.0490492339326274,1.009565701710518,1.0561160625654962,1.0454323924749924,1.0461634041941192,1.0472576270675205,1.0453261218952616,1.0425060585404446,1.0434809891950931,1.0404741886804665,1.0479011046849593,1.0467950572324376,1.0497884290847161,1.052281539764162,1.004840531046847,1.0583001986475455,1.0599999726802707,1.056912589110425,1.0558050819475728,1.051431071507518,1.0490812699076013,1.0524453037311037,1.0599998618219555,1.0530039439127017,1.0537303914393865,1.055889283192676,1.0536000605691014,1.0519065274367623,1.0493756550775584,1.0526034574168093,1.0513330371796445,1.0486368634726162,1.0502901962292495,1.0517366853118324,1.0526420111498533,1.0553082557235314,1.047602951521164,1.0433825413359517,1.0439068726893537,1.0404644906832627,1.0373192478631224,1.0432582079859458,1.042782068900172,1.041901792183264,1.0444428850045238,1.037350603054275,1.0451987448093112,1.0429280331219661,1.0427225132448577,1.0094526879709813,1.0132834887561089,1.0375589399661374
5.833333333333333,1.036340858865325,1.036180175244881,1.0368743383881747,1.0421077613968932,1.040207353732181,1.0389891193281713,1.0378032955677219,1.0246067900466895,1.0481957494090217,1.0346910795223452,1.0369483011306713,1.037775264545167,1.035369296450165,1.038020214397441,1.0405443485488692,1.0388086115185466,1.0508987508510599,1.0413386299148675,1.040789768278795,1.043418066105846,1.0464459716499912,1.050163194210015,1.054812315220144,1.0508182392078236,1.0587080845194559,1.020809980107789,1.0460541486177992,1.0438785616410586,1.042402974431137,1.0273243018088067,1.0431792818712213,1.0449610513213694,1.0470108195565215,1.057496770063906,1.0544295539788413,1.0541087520025543,1.05999392264989,1.0166795068571626,1.044664041202376,1.0379066000738237,1.03455485798677,1.0380535857236832,1.0575569582799205,1.0598872968057254,1.0513716306698861,1.042270897054815,1.0468388057633478,1.052983959908327,1.0485247208704658,1.0445297840795862,1.038386690796207,1.0357877494038545,1.0360589671267895,1.0394777935431647,1.0391166765602688,1.0392477636165112,1.041653799980766,1.0383554477619001,1.0440977644232978,1.0429106818288914,1.0448661826171575,1.0451836062583,1.014964028329472,1.0208168225621324,1.0112514306006322,1.0558275683314209,1.0490352004816692,1.009576314702267,1.0561160625654962,1.0454323924749924,1.0461628530366358,1.0472576270675205,1.0453261218952616,1.0425060585404446,1.0434196935042082,1.0404741886804665,1.0479011046849593,1.046723130869976,1.0497575681939022,1.052281539764162,1.0048447603910917,1.0583438670471261,1.0600501402311446,1.0569069269919549,1.0558050819475728,1.0513305369919412,1.0490812699076013,1.052507763680321,1.0599998618219555,1.0530039439127017,1.0537303914393863,1.0558892831926758,1.0535346282939757,1.0518211212899602,1.0492145211760124,1.0524929166370494,1.0512964633210775,1.0485577613284305,1.0502901962292495,1.0517366853118324,1.052693662899193,1.05531855011878,1.047602951521164,1.0433825413359517,1.0439068726893537,1.0405142799517952,1.0373192478631224,1.0432736456069214,1.0428043191418774,1.041901792183264,1.044442885004524,1.037350603054275,1.0451987448093112,1.0429224766750425,1.042723985766723,1.0094526879709813,1.0130894191625508,1.037484389717848
5.916666666666667,1.036340858865325,1.0361294692805332,1.03683051502914,1.0421077613968932,1.04021506408539,1.0389891193281713,1.0377728294414046,1.0246067900466895,1.0481957494090217,1.0346910795223452,1.0368634781127721,1.037775264545167,1.0351244040624141,1.038001184595313,1.0405443485488692,1.0386182494071379,1.0508893581297105,1.0413386299148675,1.040789768278795,1.0432188523384054,1.046197646962312,1.0499270428997014,1.0547555739194432,1.0508182392078236,1.0587080845194559,1.020809980107789,1.0460541486177992,1.0438591324577327,1.0423617523357211,1.0272843159764247,1.0431792818712213,1.0449610513213694,1.0469296818343785,1.057496770063906,1.0544040243036037,1.0541087520025543,1.0599905141702097,1.0165842236503835,1.044612274093344,1.0379066000738237,1.03451959103172,1.0380535857236832,1.0571612446191567,1.0595080463295363,1.0511599854629183,1.042270897054815,1.0467187625532728,1.0529433358520732,1.0485247208704658,1.044486138409974,1.0380933967312078,1.0353731916051159,1.0357337250808287,1.0394777935431647,1.039116676560269,1.0392477636165112,1.041598754886903,1.0381385120574387,1.0440977644232978,1.0428731915837166,1.0448661826171575,1.0451836062583,1.014933647050082,1.0207910328601963,1.0112514306006322,1.0558275683314209,1.0489038116808542,1.0095978627770068,1.0561160625654962,1.0454323924749924,1.0461604298434986,1.0472576270675205,1.0453261218952616,1.0425060585404446,1.0433189712461222,1.0404741886804665,1.0479011046849593,1.046634061092896,1.0496061665886967,1.052281539764162,1.0048298233914583,1.05825086112937,1.059968723675155,1.0568567624641727,1.0558050819475728,1.051291369853578,1.0490812699076013,1.0522718502701691,1.0599998618219555,1.0530039439127017,1.0537303914393863,1.055889283192676,1.0534517064930633,1.051704248763633,1.0490705452045785,1.0523732859374417,1.0511500549664266,1.0483463152439434,1.0502901962292495,1.0517366853118324,1.0525930489685709,1.0552762231070747,1.047602951521164,1.0433825413359517,1.0439068726893537,1.0403076226447994,1.0373192478631224,1.0432720413496623,1.0428027585586714,1.041901792183264,1.0444428850045238,1.037350603054275,1.0451987448093112,1.0428245637512867,1.0426135520312412,1.0094526879709813,1.0128275438421046,1.0373847654382924
6.0,1.037394140269315,1.0371206238908521,1.0378975147142877,1.0433768498804052,1.0415346790394,1.0400910719381,1.0388238516331185,1.0262333814066649,1.0500628937366914,1.036893743257428,1.0378976815833136,1.0388059778636407,1.0359524907537838,1.0389697801759512,1.0412069307235623,1.0394641009568049,1.0518009451289874,1.0421299298727937,1.0414550071812885,1.0438199185179746,1.0468385477028281,1.0506787861081988,1.055778679918775,1.0517535621076066,1.0599357392520052,1.022766291478218,1.0470432155624831,1.0447137439849312,1.0431568031758118,1.0284086897450155,1.0440008953886826,1.0458799700896184,1.047266023000538,1.0573715188583486,1.0542231342335413,1.0539127456268222,1.0599999624509466,1.0171618966906482,1.0444126540319707,1.0376842661424408,1.034420854038482,1.038081135322898,1.0571058806512923,1.0599998396983332,1.0519360576164765,1.043196440735139,1.0477182142968844,1.0539201451036768,1.0495682469783096,1.0455655756926356,1.0389684885569033,1.0361502784305157,1.0365649758027446,1.0405368940660067,1.0401784333811304,1.0402919122158514,1.042622759931214,1.0390539486525603,1.0453592631809252,1.0441285478824418,1.0461455431307143,1.0463637987180858,1.0161980791238958,1.022049381308262,1.0124167386135436,1.0570071489058042,1.050000135427188,1.0107445386341734,1.0573157896430858,1.0461776475321047,1.0469251259835497,1.0481007469489345,1.0460868112129438,1.0430990061122576,1.0439701549617646,1.0408776869809524,1.0486231271758453,1.0473400474597554,1.0502776280869988,1.0531377421848687,1.0058803016576399,1.0584908003112643,1.0599999442783774,1.056710284877705,1.0556306861018174,1.0515860374770167,1.0499669125172821,1.0519763092655274,1.0599998314392602,1.053075937257728,1.0538670530561218,1.0560272783032043,1.0536598466973544,1.0520409288839854,1.0494654240870294,1.0527399645849653,1.0516933429806983,1.0489337020926788,1.0509243599999125,1.0522892448123065,1.052860694535701,1.055444440717939,1.0479571135524781,1.043611816074018,1.0438282273467847,1.0401252429575707,1.0370895607479818,1.0432038625876212,1.042738880853996,1.0418917995998471,1.0446010251067137,1.0370839481771716,1.046115934685603,1.0437010133710924,1.0434834299184073,1.010662393328632,1.0136618724162403,1.0378911914704465
6.083333333333333,1.037394140269315,1.037104805378211,1.037846897146758,1.0433768498804052,1.0415656045768908,1.0400910719381,1.0388452781463662,1.0262333814066649,1.0500628937366914,1.036893743257428,1.0378694634594705,1.0388059778636407,1.035863867125996,1.0389110518345537,1.0412069307235623,1.0395613132958985,1.051815588769434,1.0421299298727937,1.0414550071812885,1.04368975969109,1.0466482471130436,1.0505102133275055,1.0557237077714041,1.0517535621076066,1.0599357392520052,1.022766291478218,1.0470432155624831,1.0447497083540696,1.0431570177346758,1.0283856926222967,1.0440008953886826,1.0458799700896184,1.0472346502984327,1.0573715188583486,1.0542222997489328,1.0539127456268222,1.0599866466284347,1.0170956792218087,1.044339774908016,1.0376842661424408,1.0343182168542477,1.038081135322898,1.057211288520782,1.0599734264233192,1.0518730740427926,1.043196440735139,1.0476700248249382,1.053865369053827,1.0495682469783096,1.0454666511466635,1.0390042965925832,1.0362507292954635,1.0366150455969738,1.0405368940660067,1.0401784333811304,1.0402919122158514,1.0425329303980477,1.039056237487972,1.0453592631809252,1.0441144511196365,1.0461455431307143,1.0463637987180858,1.0161673461280145,1.0220283483513513,1.0124167386135436,1.0570071489058042,1.0499505058942384,1.010759134277901,1.0573157896430858,1.0461776475321047,1.0469232581424157,1.0481007469489345,1.0460868112129438,1.0430990061122576,1.0438775546840147,1.0408776869809524,1.0486231271758453,1.0473479986289764,1.0503342519364778,1.0531377421848687,1.005894748275844,1.0585246479502515,1.0600111739921414,1.0566777864521315,1.0556306861018174,1.0514668414240005,1.0499669125172821,1.0521153444674594,1.0599998314392602,1.053075937257728,1.0538670530561218,1.056027278303204,1.0535852630189744,1.0519594269856996,1.0493229853198072,1.0526936160120806,1.051715348405315,1.048945283559554,1.0509243599999125,1.0522892448123065,1.0528231394426693,1.0554207098111945,1.0479571135524781,1.043611816074018,1.0438282273467847,1.040239421985107,1.0370895607479818,1.0432150587435647,1.0427557030639323,1.0418917995998471,1.0446010251067137,1.0370839481771716,1.046115934685603,1.043744551953312,1.0435358198399,1.010662393328632,1.0100619994508704,1.0377998179086803
6.166666666666667,1.037394140269315,1.0371015270556492,1.0378164636879788,1.0433768498804052,1.04157134447559,1.0400910719381,1.0388484888146725,1.0262333814066649,1.0500628937366911,1.036893743257428,1.0378835158320547,1.0388059778636407,1.035978326945378,1.0388699517594466,1.0412069307235623,1.0395843491979222,1.0518314899856214,1.0421299298727937,1.0414550071812885,1.0436622746983415,1.0466082829997323,1.0505039565868306,1.0557070816406828,1.0517535621076066,1.0599357392520052,1.022766291478218,1.0470432155624831,1.0446815670399912,1.0431351208195587,1.0283748738120548,1.0440008953886826,1.0458799700896184,1.0471331005130085,1.0573715188583486,1.0542335762718442,1.0539127456268222,1.0599815372555514,1.0170646565839854,1.0443006527519811,1.0376842661424408,1.0342439984950125,1.038081135322898,1.057226896951735,1.0599633934313972,1.0517942490784848,1.043196440735139,1.0476516448368236,1.0538340154958878,1.0495682469783096,1.0453945384975676,1.0389837972137255,1.036266138941836,1.0366923572587634,1.0405368940660067,1.0401784333811304,1.0402919122158514,1.0424748841449274,1.0390720813662846,1.0453592631809252,1.04406756483277,1.0461455431307143,1.0463637987180858,1.0161388698494327,1.0220092267354397,1.0124167386135436,1.0570071489058042,1.050022656033113,1.0107653331801447,1.0573157896430858,1.0461776475321047,1.0469215865621238,1.0481007469489345,1.0460868112129438,1.0430990061122576,1.0438263767355982,1.0408776869809524,1.0486231271758453,1.0473017053999876,1.0503088366617637,1.0531377421848687,1.0058971438303967,1.0583278852834463,1.0598712317873271,1.0566127697238055,1.0556306861018174,1.0513781762580086,1.0499669125172821,1.0521421939968258,1.0599998314392602,1.053075937257728,1.0538670530561218,1.056027278303204,1.0535359869151417,1.0518964263732307,1.0491625370939746,1.0525392078911848,1.0516429030351013,1.0490464492398892,1.0509243599999125,1.0522892448123065,1.0528153956353732,1.0554127442063677,1.0479571135524781,1.043611816074018,1.0438282273467847,1.0402611463054139,1.0370895607479818,1.043192026142438,1.0427245752103274,1.0418917995998471,1.0446010251067137,1.0370839481771716,1.046115934685603,1.0437365197849557,1.0435314013651125,1.010662393328632,1.0099163310607768,1.0377419832363446
6.25,1.0381308020735929,1.0378208828511164,1.0386065947722651,1.0445460128528228,1.0426793842890045,1.0410189818103799,1.039661772875235,1.027312149706636,1.0513450013911418,1.03847812342796,1.0387114565741273,1.0394983635153208,1.036589180513841,1.0394497846814907,1.0413995975621932,1.0400263038316042,1.052211265792679,1.042332002364178,1.0415646284946356,1.0437666950136038,1.0466936749933888,1.0506116905280674,1.0559115840456015,1.0520571134004388,1.0599997630659739,1.0239491844132478,1.0471360656519613,1.0447574998202735,1.0432999668905896,1.0290031531595005,1.044188632306231,1.0460098399396778,1.047187012760275,1.0573377082398945,1.0541235033664669,1.053800488488877,1.0599999911437485,1.0174185920770336,1.0440096597064588,1.037278766277205,1.0339481082373454,1.037979169990176,1.057032885084408,1.059999962607903,1.0520111131781973,1.043921530408969,1.0485298575527344,1.0546514378998821,1.0504436243577322,1.0462441220290162,1.0395597876097458,1.036723680790391,1.0371741170044306,1.041232988854787,1.0408693724265496,1.0409937604095507,1.0432158138365808,1.03968292116887,1.0462861184893983,1.0450777469752432,1.0471892907009932,1.0473901800477416,1.0170913673959983,1.0229794555421154,1.013302767545167,1.0579722726397032,1.0509666092222971,1.011690376529102,1.0582320271311176,1.0467112655273663,1.0474238855240052,1.0484598674147714,1.0465800486308403,1.0436163175865076,1.0443756259814212,1.0413506978157059,1.0491979757727876,1.0478336786941809,1.0508074313759792,1.0538286883642494,1.0067287774387155,1.0585458777128067,1.0599999871961796,1.0566179712927768,1.0556107511650479,1.0516050377540431,1.0505009968596464,1.0519148775431495,1.0599999715498742,1.0528388177190897,1.053776977655707,1.0561824035818244,1.0537464643265317,1.0521946456105968,1.049488045771588,1.052845519809549,1.0520693955186924,1.0494896444965782,1.0513705730102758,1.0527466100873686,1.0531528435088382,1.0556212388570603,1.048396436204218,1.043957086307779,1.0440838514152908,1.040382101612324,1.0373893026740686,1.0434622798270028,1.0430064504655343,1.0422508423787575,1.0450910369058264,1.0374526487122278,1.0464659504858889,1.0437681708437843,1.0435491171949196,1.0116477094244882,1.0105482298390596,1.0382244278779822
6.333333333333333,1.0381308020735929,1.0377781745763464,1.0385710641867334,1.0445460128528228,1.0426805550220348,1.0410189818103799,1.0396555875106421,1.027312149706636,1.0513450013911418,1.03847812342796,1.0386483796002557,1.0394983635153208,1.0364453161569587,1.0394321819090278,1.0413995975621932,1.039985814163839,1.0522150522735636,1.042332002364178,1.0415646284946356,1.0436256755655495,1.046528429227949,1.0504669808172635,1.0558810299098502,1.0520571134004388,1.0599997630659739,1.0239491844132478,1.0471360656519613,1.0447695663457528,1.0432713460306557,1.028991840703806,1.044188632306231,1.0460098399396778,1.0471937913862523,1.0573377082398945,1.05412540050972,1.053800488488877,1.0599998267720756,1.0173857889581892,1.0439710549367043,1.037278766277205,1.0339160493825221,1.037979169990176,1.0569324907559037,1.059886621973841,1.0518918014570424,1.043921530408969,1.0484474653338405,1.0546210382821644,1.0504436243577322,1.046207272799517,1.039512883757794,1.0366606164637622,1.0371582855236017,1.041232988854787,1.0408693724265496,1.0409937604095507,1.0431730437129947,1.0396302611348562,1.0462861184893983,1.045080359564061,1.0471892907009932,1.0473901800477416,1.0170755452003297,1.0229688246518844,1.013302767545167,1.0579722726397032,1.0508985797049721,1.0116976831368205,1.0582320271311176,1.0467112655273663,1.0474232594711321,1.0484598674147714,1.0465800486308403,1.0436163175865076,1.044317552239321,1.0413506978157059,1.0491979757727876,1.047826342385892,1.050783750155641,1.0538286883642494,1.0067240488811868,1.0585738726076774,1.0600002953945615,1.05659972637041,1.0556107511650479,1.0515682895874643,1.0505009968596464,1.0518655044991196,1.0599999715498742,1.0528388177190897,1.053776977655707,1.0561824035818244,1.0537099177736189,1.05215415051143,1.0494413326591328,1.0528445310434356,1.052049466382783,1.0495049623314,1.0513705730102758,1.0527466100873686,1.053070202056612,1.0555877870908317,1.048396436204218,1.043957086307779,1.0440838514152908,1.040336579314951,1.0373893026740686,1.0434681522343643,1.043016969818315,1.0422508423787575,1.0450910369058264,1.0374526487122278,1.0464659504858889,1.043751095056738,1.043528858145195,1.0116477094244882,1.0103955421477244,1.0381687735091263
6.416666666666667,1.0381308020735929,1.0377529809384363,1.0385443084424983,1.0445460128528228,1.0426806347931716,1.0410189818103799,1.0396566010344073,1.027312149706636,1.0513450013911416,1.0384781234279599,1.0386164842608732,1.0394983635153208,1.0363949722801264,1.0394590313888636,1.0413995975621932,1.0399835512101938,1.0522112509879444,1.042332002364178,1.0415646284946356,1.0435470744369568,1.0464377182123872,1.0504001021445886,1.0558761764812752,1.0520571134004388,1.0599997630659739,1.0239491844132478,1.0471360656519613,1.0447066678089052,1.0432354866698417,1.028992138202461,1.044188632306231,1.0460098399396778,1.0472958397511947,1.0573377082398945,1.0541209788046972,1.053800488488877,1.059998667659201,1.0173876818893246,1.0439405036442968,1.037278766277205,1.0339654190040606,1.037979169990176,1.0569225477272204,1.0598596063044072,1.0518811161346913,1.043921530408969,1.0484063456802695,1.0545945184578296,1.0504436243577322,1.0462363626543838,1.0395731309960812,1.0367020262192619,1.0371506399109462,1.041232988854787,1.0408693724265496,1.0409937604095507,1.043163825817072,1.0396579217939002,1.0462861184893983,1.0451277405030153,1.0471892907009932,1.0473901800477416,1.0170853854025033,1.0229766206336155,1.013302767545167,1.0579722726397032,1.0508818725969093,1.0116974368602758,1.0582320271311176,1.0467112655273663,1.0474228446032574,1.0484598674147714,1.0465800486308403,1.0436163175865076,1.0442837636115005,1.0413506978157059,1.0491979757727876,1.0478776874765279,1.050822774542688,1.0538286883642494,1.0067207111151895,1.0584897147906902,1.0599235401306757,1.0565583693180902,1.0556107511650479,1.0516282557940486,1.0505009968596464,1.0518670239045844,1.0599999715498742,1.0528388177190897,1.053776977655707,1.0561824035818244,1.0537112752485582,1.0521809335183876,1.04951515232543,1.05289085784127,1.0520731756059638,1.0494693828747204,1.0513705730102758,1.0527466100873686,1.0530207425790972,1.0555662520408158,1.048396436204218,1.043957086307779,1.0440838514152908,1.0403375492402818,1.0373893026740686,1.0434504443951107,1.0429924316861472,1.0422508423787575,1.0450910369058264,1.0374526487122278,1.0464659504858889,1.0437688506049627,1.0435445578797558,1.0116477094244882,1.010173014910309,1.0381396481787435
6.5,1.0383043112844896,1.037919470349979,1.0388043412989467,1.0447939796885555,1.0429554750485066,1.0412406814404365,1.0398596768546249,1.0277106847414486,1.0518331054826788,1.0391043574626906,1.038791469895342,1.0396771577833435,1.0364435294626921,1.0395685549053713,1.0414689392550789,1.040137864023938,1.0523355472437392,1.0423928078551383,1.041600875965855,1.0435910280303793,1.046507366447558,1.0504227653633855,1.0558980463228462,1.052116782472168,1.0599998012028438,1.0244258422352885,1.0471037487415196,1.0446534856152185,1.0431503810306686,1.0292225422923251,1.0441022119433399,1.0459778032225677,1.0472222302017702,1.0573074134833003,1.054063696630561,1.0537396564050143,1.059999990152591,1.0175369354886885,1.0439023212541334,1.0371204098236462,1.0337819146702476,1.0380136606193,1.0569514235208233,1.0599999578307304,1.0520922124572674,1.0442221374982625,1.048778087730096,1.055010093150357,1.050819885475183,1.046552441689886,1.0397772120324849,1.0369027772256294,1.0373673312598286,1.0415304245947337,1.041166549758753,1.041282440644353,1.043508896673425,1.0398708394681488,1.046751075964222,1.0455889850233415,1.047707573514536,1.0478870025503528,1.0175445410132704,1.0234526919817406,1.0137650549897628,1.0584547823186605,1.0512972122398216,1.0121757807776182,1.0587844553793935,1.047064940370625,1.0477490271521852,1.0486460228953787,1.0469036798726676,1.0438819292224266,1.0446905033370193,1.04157344004921,1.0496146506549886,1.0482486152633337,1.0512164146224114,1.0543050814735218,1.0072002800763873,1.0586622417664706,1.0599999850067405,1.056556341838935,1.0555240543869682,1.0516207705915601,1.0508659199641843,1.0518080863187824,1.059999971031163,1.052787600422529,1.0537751113447547,1.0562652783506625,1.0538278319229821,1.0522812940732784,1.0495674411033724,1.053014001488832,1.052365548562156,1.049805810689399,1.0516617495795406,1.0529942464211393,1.0531807266809239,1.055683588683804,1.048535439511302,1.0440799957844042,1.0441550940523667,1.040416855598911,1.0374374438015517,1.043442288676406,1.0429529128451154,1.0421248897547317,1.0450427472782378,1.0371402128930185,1.0465605384577703,1.043712249993513,1.0434892497307844,1.0121353646211797,1.0106418018935863,1.0385003638073558
6.583333333333333,1.0383043112844896,1.037863002901187,1.0387773807634288,1.0447939796885555,1.0430008782410058,1.0412406814404365,1.0398512274488134,1.0277106847414486,1.0518331054826788,1.0391043574626906,1.0387270634474246,1.0396771577833435,1.0363823510120846,1.0394947962608692,1.0414689392550789,1.0400314415017025,1.0523394803376127,1.0423928078551383,1.041600875965855,1.0433881757910786,1.0462695022878947,1.0502240253178954,1.055819861085744,1.052116782472168,1.0599998012028438,1.0244258422352885,1.0471037487415196,1.0446275158776597,1.0431020586912234,1.0291633684153272,1.0441022119433399,1.0459778032225677,1.0472245520296342,1.0573074134833003,1.054047045716527,1.0537396564050143,1.0599816822968835,1.0173919431281673,1.0438472959981948,1.0371204098236462,1.0336584049953448,1.0380136606193,1.0566092403546563,1.0594872005341776,1.051636816834276,1.0442221374982625,1.0486357661040673,1.0549659107417844,1.050819885475183,1.0464394202158416,1.0396726734340664,1.036727046773421,1.0372097951702357,1.0415304245947337,1.041166549758753,1.041282440644353,1.04342144200591,1.0398076471280249,1.046751075964222,1.0455914536674198,1.047707573514536,1.0478870025503528,1.0174935325216283,1.0234173950802752,1.0137650549897628,1.0584547823186605,1.051286331381976,1.0122038525356691,1.0587844553793935,1.047064940370625,1.0477441909201641,1.0486460228953787,1.0469036798726676,1.0438819292224266,1.0445827227596267,1.04157344004921,1.0496146506549886,1.0482272886760353,1.0511632457497322,1.0543050814735218,1.00720509784257,1.0585893526609458,1.059929753968953,1.0565092659329343,1.0555240543869682,1.0514801499930673,1.0508659199641843,1.0517048253159564,1.059999971031163,1.052787600422529,1.0537751113447547,1.0562652783506625,1.0537705755200628,1.05220991145688,1.0494079853120875,1.052947776184315,1.0522909977673527,1.049691176316539,1.0516617495795406,1.0529942464211393,1.0530713047867746,1.0556393084763165,1.048535439511302,1.0440799957844042,1.0441550940523667,1.0403221731602246,1.0374374438015517,1.04343456673962,1.042946236536493,1.0421248897547317,1.0450427472782378,1.0371402128930185,1.0465605384577703,1.0436752842115338,1.0434457316309427,1.0121353646211797,1.005325152211551,1.0383930997410575
6.666666666666667,1.0383043112844896,1.037825781344207,1.0387265201169744,1.0447939796885555,1.0430038198499765,1.0412406814404365,1.0398325164504172,1.0277106847414486,1.0518331054826788,1.0391043574626906,1.0386792129218665,1.0396771577833435,1.0363044263747991,1.039477939363898,1.0414689392550789,1.0399104132671633,1.0523353054642424,1.0423928078551383,1.041600875965855,1.0432417336784192,1.0460870323157037,1.0500750555945138,1.0557776092660527,1.052116782472168,1.0599998012028438,1.0244258422352885,1.0471037487415196,1.0445845554835511,1.0430608921808808,1.029127868756675,1.0441022119433399,1.0459778032225677,1.047253724689368,1.0573074134833003,1.0540258480559062,1.0537396564050143,1.059977192784167,1.0173084495424793,1.0437898712553708,1.0371204098236462,1.0336277958143518,1.0380136606193,1.0561738269695082,1.0588020582737532,1.050995374904085,1.0442221374982625,1.0485353876912316,1.054917669969351,1.050819885475183,1.0463940719432774,1.0395406363505633,1.0364929545018196,1.0369865454570033,1.0415304245947337,1.041166549758753,1.041282440644353,1.0433592099048141,1.0397204724143225,1.046751075964222,1.045605645378266,1.047707573514536,1.0478870025503528,1.0174611079254563,1.0233936775227248,1.0137650549897628,1.0584547823186605,1.051254899674465,1.012220579070604,1.0587844553793935,1.047064940370625,1.0477408487383488,1.0486460228953787,1.0469036798726676,1.0438819292224266,1.0444864971334942,1.04157344004921,1.0496146506549886,1.0482108083029542,1.0510979733506918,1.0543050814735218,1.007188743696012,1.0585161092373105,1.0598778139734737,1.0564666094600976,1.0555240543869682,1.051447083400584,1.0508659199641843,1.0515609302608648,1.059999971031163,1.052787600422529,1.0537751113447547,1.0562652783506625,1.0537386596855858,1.0521861655191254,1.0493694385063344,1.0529397324549032,1.0522304481563172,1.0495168912602488,1.0516617495795406,1.0529942464211393,1.0530003189030832,1.0556079057996186,1.048535439511302,1.0440799957844042,1.0441550940523667,1.0401915023523887,1.0374374438015517,1.0434143287519362,1.0429256604911923,1.0421248897547317,1.0450427472782378,1.0371402128930185,1.0465605384577703,1.0436274820099793,1.0433883461529503,1.0121353646211797,1.005218740979858,1.038307447897769
6.75,1.039884558896534,1.0392669895950712,1.040354640365591,1.0468325388844149,1.0449420835823304,1.0430190619087294,1.041472060292028,1.0295303327021743,1.0539201720293274,1.0415724325030233,1.0402339387517114,1.041091120475736,1.0377130168917603,1.0407380314069492,1.042134564647583,1.0411328264273267,1.0531451864738826,1.042927217741985,1.042079478076376,1.0436071726019702,1.046436584142201,1.050422583073152,1.0560676763878856,1.0524655866132633,1.0599987086966574,1.0261286698272463,1.047226350975362,1.0447807454431886,1.0433372057301415,1.0302552294363734,1.0444493086364033,1.0462289911736269,1.0476050245932365,1.0571855172636913,1.0538242705091172,1.0534728155683089,1.0599999402905103,1.0179813630380172,1.0437010309634438,1.0370048758979726,1.0337485423980466,1.0385284754267168,1.0565962346019462,1.0599993288392053,1.052333443440728,1.045983621850896,1.0501152981155126,1.0565243359676704,1.0523920670622253,1.04792180123994,1.0409382447266815,1.0378804059057702,1.0383452877032355,1.0426816761752937,1.0423476208675821,1.0424418601062226,1.0446662447252408,1.0410324191016076,1.048307175737625,1.0471353581713492,1.0492445030139674,1.0493885195974084,1.0189721896592683,1.0248723575010272,1.0150447454454437,1.059984472476239,1.0528171877758146,1.0133422910995897,1.0598556071902767,1.047532702525431,1.0481875728571215,1.0489565176584137,1.0473404462449276,1.0442591974819977,1.0450769798384658,1.0421103827550717,1.050279247863728,1.0488931278388418,1.0517912536687914,1.0550697926489503,1.0082066474990505,1.0588680396160968,1.0599999155517663,1.0563920525996284,1.0553844968971675,1.0515077939001032,1.0510447299116246,1.0514582519125704,1.0599997940854418,1.0522590293659269,1.053479566441998,1.0563335820124589,1.0539431726996413,1.0525438059675734,1.049797820012201,1.0533421441682254,1.0528102831787376,1.0503101176373058,1.0520499455464314,1.053442324255035,1.053203940987603,1.0557156634983993,1.0489514130878412,1.0444084679154941,1.0443759880373802,1.0404200278637938,1.0375960390476173,1.0436627620859207,1.0431896962341507,1.0424290673591143,1.0454380050943002,1.0374359429423237,1.047278026336166,1.0438135924338117,1.0435639977381193,1.013319860945841,1.0065429043236325,1.0388768241420636
6.833333333333333,1.039884558896534,1.0392480234799997,1.0402618222396378,1.0468325388844149,1.0449486627187652,1.0430190619087294,1.0414780818667104,1.0295303327021743,1.0539201720293274,1.0415724325030233,1.04021326628509,1.041091120475736,1.037697271868153,1.0407290668072797,1.042134564647583,1.0411637570400625,1.0531480915060498,1.042927217741985,1.042079478076376,1.0434664903490152,1.0462310758944102,1.0502730410799672,1.0560336410141093,1.0524655866132633,1.0599987086966574,1.0261286698272463,1.047226350975362,1.0447378808732235,1.0433130977191323,1.030232566720865,1.0444493086364033,1.0462289911736269,1.0474599222403884,1.0571855172636913,1.0538126369800915,1.0534728155683089,1.0599860302551924,1.0179258672508034,1.0435914893790292,1.0370048758979726,1.033735062381041,1.0385284754267168,1.0566405176527687,1.0600212905525384,1.0524084128237805,1.045983621850896,1.050066167358689,1.0564409482646577,1.0523920670622253,1.0478797974771568,1.040839925416176,1.0378047936102037,1.0382576253773572,1.0426816761752937,1.0423476208675821,1.0424418601062226,1.044576815050443,1.0409760842605915,1.048307175737625,1.0470712135575568,1.0492445030139674,1.0493885195974084,1.0189565098810767,1.0248574656744065,1.0150447454454437,1.059984472476239,1.0528156328207166,1.0133534621851406,1.0598556071902767,1.047532702525431,1.0481858387368095,1.0489565176584137,1.0473404462449276,1.0442591974819977,1.0449400438581167,1.0421103827550717,1.050279247863728,1.0488292937822827,1.051760978924263,1.0550697926489503,1.0082090010637355,1.058708552123333,1.0598660062843515,1.0562927825465833,1.0553844968971675,1.051492281734643,1.0510447299116246,1.0515046459827335,1.0599997940854418,1.0522590293659269,1.053479566441998,1.0563335820124589,1.0538521237710525,1.0524624260022326,1.0496745843182294,1.0531894333072727,1.0527463876661667,1.0502321028357022,1.0520499455464314,1.053442324255035,1.053156663794862,1.0556823805790185,1.0489514130878412,1.0444084679154941,1.0443759880373802,1.0404568196745085,1.0375960390476173,1.0436540703031407,1.0431752773020262,1.0424290673591143,1.0454380050943002,1.0374359429423237,1.047278026336166,1.0438062624179547,1.0435623378908194,1.013319860945841,1.006035348975942,1.0387217130728188
6.916666666666667,1.039884558896534,1.0391848088310598,1.0402681549998487,1.0468325388844149,1.0449518812460987,1.0430190619087294,1.0414903556719317,1.0295303327021743,1.0539201720293276,1.0415724325030233,1.0401252812996151,1.041091120475736,1.037514360155838,1.040725095103609,1.042134564647583,1.0412390007960837,1.0531621684344976,1.042927217741985,1.042079478076376,1.0433094660088649,1.0460768941152372,1.0501249568399789,1.0559996659272999,1.0524655866132633,1.0599987086966574,1.0261286698272463,1.047226350975362,1.044652113458137,1.0432426972705655,1.0302145211739056,1.0444493086364033,1.0462289911736269,1.0473938565078533,1.0571855172636913,1.0538109252820107,1.0534728155683089,1.0599828166061056,1.0178784997323227,1.0435931585419216,1.0370048758979726,1.0337286827997183,1.0385284754267168,1.0566779717548682,1.059904950690612,1.0522506247257486,1.045983621850896,1.049939980545682,1.0564421506948944,1.0523920670622253,1.0478721518962029,1.0408050766792518,1.0378186741904916,1.0382549404630785,1.0426816761752937,1.0423476208675821,1.0424418601062226,1.0445733090552758,1.0409249147393425,1.048307175737625,1.0470410573448177,1.0492445030139674,1.0493885195974084,1.0189339476292478,1.0248402155989482,1.0150447454454437,1.059984472476239,1.0527328942434284,1.0133641448649562,1.0598556071902767,1.047532702525431,1.0481834732497564,1.0489565176584137,1.0473404462449276,1.0442591974819977,1.0449188569475603,1.0421103827550717,1.050279247863728,1.0488111803343907,1.051783167076795,1.0550697926489503,1.0082028464537818,1.0585183072407842,1.059702974043479,1.0562433551537371,1.0553844968971675,1.051485772567828,1.0510447299116246,1.0516052399652767,1.0599997940854418,1.0522590293659269,1.053479566441998,1.0563335820124589,1.0538164622053914,1.0523875344614335,1.0495825363916755,1.0530862751936654,1.0527221476132376,1.0502203196131592,1.0520499455464314,1.053442324255035,1.0530403845593361,1.055644247740988,1.0489514130878412,1.0444084679154941,1.0443759880373802,1.0405341383841762,1.0375960390476173,1.0436287618360027,1.0431433692917278,1.0424290673591143,1.0454380050943002,1.0374359429423237,1.047278026336166,1.0438291828444657,1.0435923856655616,1.013319860945841,1.0061378542436679,1.0387021394035028
7.0,1.0398863369375106,1.0392791514791782,1.0403377789508579,1.0471604901035072,1.045286559217441,1.0432642276016513,1.0416966957207923,1.0300003184936821,1.054516427764968,1.0423710992289745,1.0403182411308927,1.0412442152696557,1.0375722186647447,1.0408047765887722,1.0421099792985673,1.0413440366097582,1.053249937380637,1.0429217858384408,1.041998997200185,1.043208970493706,1.0459615472606025,1.0500367525885939,1.0560111592010308,1.0525036250678421,1.0599998584711108,1.0267009024468698,1.0471961537678591,1.0445669331971477,1.0431446529037967,1.0304638024683537,1.0443485195820041,1.0461916045077537,1.0475100027533064,1.0572092213018138,1.053825180460575,1.0534721664838245,1.05999999475139,1.01800945768915,1.0433047048282302,1.0366100497593709,1.0333080950527738,1.0382365288936022,1.0567031143719676,1.059999912777381,1.0522899353063049,1.0461078355430316,1.0500438377075225,1.0564581570022415,1.0524224822790798,1.0478032620829103,1.04080196127082,1.0377914087873599,1.0382286816842745,1.0425341665704242,1.042163904885307,1.0422750213123262,1.044419946014845,1.040828445157305,1.0483415472323814,1.0471057505624926,1.0492584010805908,1.0493655152759847,1.0189798572347963,1.0248918700162117,1.0151018338685622,1.0599999015932375,1.0526707824057269,1.0134884814446639,1.059999923088294,1.0476559449535343,1.048292909368792,1.0490174004442643,1.0474375796665698,1.0442588126633994,1.0450104815004901,1.0422146841330873,1.0508965555797962,1.0495130698333504,1.052492924580732,1.0558546169026926,1.0085840643841157,1.0589366141058538,1.0599999865586553,1.056382241802143,1.0554847841409387,1.0520487565684258,1.0525340205534428,1.05159333015105,1.0599999856655242,1.052255136322089,1.0535486302177202,1.056576450906285,1.0541285377439553,1.0528023805047995,1.0500059295184847,1.0536052826907687,1.0533615186199639,1.0510316281143792,1.0526612237454427,1.054010357590429,1.053462330721001,1.0559393150435683,1.049438111805399,1.0448874631740173,1.04483840457067,1.0409917582384753,1.0381048895006704,1.0439914822636722,1.0434672601194657,1.0426702071487248,1.0457636020344605,1.0375138874693395,1.0473508522541988,1.0438002816009753,1.0435588591708587,1.0134421512135419,1.0061132358199352,1.0387738352186044
7.083333333333333,1.0398863369375106,1.0392542814178969,1.0401430194524957,1.0471604901035072,1.0453084340965904,1.0432642276016513,1.0416931386154251,1.0300003184936821,1.0545164277649677,1.0423710992289745,1.040302716148554,1.0412442152696557,1.037640252536467,1.0407499512202751,1.0421099792985673,1.0412891562740882,1.0532558457008834,1.0429217858384408,1.041998997200185,1.0429599338311832,1.0455821465107895,1.049782199771979,1.0559426064855264,1.0525036250678421,1.0599998584711108,1.0267009024468698,1.0471961537678591,1.0445371656150728,1.043118591166909,1.0304213764216004,1.0443485195820041,1.0461916045077537,1.0474579273407705,1.0572092213018138,1.0538227334198405,1.0534721664838245,1.0599768435721586,1.017900817441226,1.0430766400934777,1.0366100497593709,1.0332180913751936,1.0382365288936022,1.0565561266193944,1.0598071527251334,1.052101920058808,1.0461078355430316,1.0499693762751732,1.0562795531260667,1.0524224822790798,1.0476671900526833,1.0407541933157969,1.0377248490239157,1.0382079350410307,1.0425341665704242,1.042163904885307,1.0422750213123262,1.044209158256702,1.040822766110912,1.0483415472323814,1.0470855856609278,1.0492584010805908,1.0493655152759847,1.0189435768594737,1.024866822672756,1.0151018338685622,1.0599999015932375,1.052727675232003,1.0135064457285656,1.059999923088294,1.0476559449535343,1.0482894934785787,1.0490174004442643,1.0474375796665698,1.0442588126633994,1.0447365791715655,1.0422146841330873,1.0508965555797962,1.0494805651458916,1.0524511769236695,1.0558546169026926,1.0085908425568728,1.0588224479711472,1.0598954788317658,1.0562321372007646,1.0554847841409387,1.0519455733611498,1.0525340205534428,1.0515447685873565,1.0599999856655242,1.052255136322089,1.0535486302177202,1.056576450906285,1.0539926934452961,1.0527296657500969,1.0498526256189942,1.053500257325556,1.0532881378955403,1.0510433630587581,1.0526612237454427,1.054010357590429,1.0533953978720128,1.0558820933477593,1.049438111805399,1.0448874631740173,1.04483840457067,1.040948754258455,1.0381048895006704,1.0439833460215902,1.0434569233396829,1.0426702071487248,1.0457636020344605,1.0375138874693395,1.0473508522541988,1.0437753086640222,1.043531781542817,1.0134421512135419,1.0030835516119105,1.038485710633112
7.166666666666667,1.0398863369375106,1.039152929194372,1.0401032559947112,1.0471604901035072,1.0453084678793196,1.0432642276016513,1.041683524844187,1.0300003184936821,1.054516427764968,1.0423710992289745,1.04019890074904,1.0412442152696557,1.0376145234747454,1.0407527111255621,1.0421099792985673,1.041223351331359,1.05325407835398,1.0429217858384408,1.041998997200185,1.0427265641358816,1.0453654326975896,1.0496434124013785,1.0559110985745166,1.0525036250678421,1.0599998584711108,1.0267009024468698,1.0471961537678591,1.0445255891605254,1.0430369523011083,1.030394455807303,1.0443485195820041,1.0461916045077537,1.047426765291304,1.0572092213018138,1.0538076340470999,1.0534721664838245,1.0599685635834222,1.0178375925519776,1.0430316931922943,1.0366100497593709,1.033225516835936,1.0382365288936022,1.0562843057880034,1.0593487256907512,1.0516673811626054,1.0461078355430316,1.04977799574581,1.0562435339213458,1.0524224822790798,1.0476550856188438,1.0406601450416866,1.0375742967246737,1.0380608612879145,1.0425341665704242,1.042163904885307,1.0422750213123262,1.044170958687231,1.0407832832889548,1.0483415472323814,1.0470730147339606,1.0492584010805908,1.0493655152759847,1.0189243697784387,1.0248517278660902,1.0151018338685622,1.0599999015932375,1.0527653338795824,1.013518617842926,1.059999923088294,1.0476559449535343,1.0482875609537516,1.0490174004442643,1.0474375796665698,1.0442588126633994,1.0446561919880342,1.0422146841330873,1.0508965555797962,1.0494493112723067,1.0524005879152698,1.0558546169026926,1.0085799099414572,1.0588383303423232,1.0598563117391882,1.056199750953671,1.0554847841409387,1.0519561652896636,1.0525340205534428,1.0514727663177545,1.0599999856655242,1.052255136322089,1.0535486302177202,1.056576450906285,1.053997017862262,1.0527626979348201,1.0498895618541932,1.0535272099835191,1.0532715688705634,1.050927169062952,1.0526612237454427,1.054010357590429,1.053205051848259,1.0558127754105966,1.049438111805399,1.0448874631740173,1.04483840457067,1.040880008848816,1.0381048895006704,1.043985281651477,1.043465097710724,1.0426702071487248,1.0457636020344605,1.0375138874693395,1.0473508522541988,1.0437430318023793,1.0434954208092957,1.0134421512135419,1.002810697504607,1.0384024933092388
7.25,1.0409466230111903,1.0401608921227354,1.0412843784715162,1.04857326676069,1.046666017381511,1.044485681319277,1.0428366507079407,1.0313414405018553,1.0560418619056808,1.0441577466706962,1.041293325008186,1.0422675075597292,1.0385536786800453,1.041734198402802,1.0426898134441982,1.0421666394480154,1.0538650652927506,1.0434638462715409,1.0425026546277667,1.0431216761494244,1.045736359723262,1.0499180571967386,1.056049583786361,1.052547615089752,1.059999939170377,1.0268374547226493,1.0473172410902665,1.0446936457065417,1.043293992839782,1.0310084969518496,1.044669458104184,1.0464233325622248,1.047695613346664,1.0571611824271734,1.0536911865372542,1.0533296682891904,1.059999993439676,1.0181060050379125,1.043210586268359,1.036792017806277,1.0335221228622888,1.038368978664097,1.0564118584404112,1.0595763886762,1.0519196683994423,1.0465986854126843,1.0500118370084752,1.0565149383848533,1.0525816125327065,1.047847331075247,1.040614819039232,1.03752907061854,1.0379272907759873,1.042369327035506,1.0420129710110149,1.0420999470718,1.0441892330924991,1.0406704593850131,1.0484389280618962,1.0469235784609923,1.049133557997489,1.049160083772252,1.0189873319751546,1.0248554566249921,1.0150952293668805,1.059999963830678,1.0526393072079798,1.0134673339083853,1.059999944922308,1.047469058361831,1.048115871346673,1.0489009317895488,1.047260244198854,1.0438994158778678,1.044606838401544,1.0422299636317824,1.0512670925963634,1.049826022590937,1.0528266351541509,1.0563635072629125,1.0087591419709205,1.0590774180954616,1.0599999812196774,1.05634063397187,1.0555918869146301,1.0525460857592561,1.0535260199892997,1.0515488116635736,1.0599999851988373,1.0520028345832768,1.0534367692559712,1.0566803633028452,1.0542410410119847,1.0530964485387522,1.0503096836090329,1.0538408784374278,1.0537020892445064,1.0513925670898767,1.0530478900489122,1.0544584418586291,1.0534463173104651,1.0559687732623977,1.049882675529731,1.0452905331924311,1.045137866190595,1.0412369908428725,1.038369424532852,1.0442939487698337,1.0437796005265394,1.0430163388242586,1.0461760922776004,1.0379454445773917,1.0479641042872128,1.043934978770015,1.0436832993361531,1.0133744637465234,1.004223799898368,1.0384244172292314
7.333333333333333,1.0409466230111903,1.0401734366511732,1.041251909157733,1.04857326676069,1.0466674374936429,1.044485681319277,1.0428316832259916,1.0313414405018553,1.0560418619056808,1.0441577466706962,1.0413181642433271,1.0422675075597292,1.0386403358375236,1.0417334804235352,1.0426898134441982,1.0421335342919444,1.0538623579906115,1.0434638462715409,1.0425026546277667,1.043124554802547,1.0457194674414299,1.049922942503246,1.0560458503390497,1.052547615089752,1.059999939170377,1.0268374547226493,1.0473172410902665,1.0446812757344992,1.0432989289765733,1.0309985026876674,1.044669458104184,1.0464233325622248,1.0477023848254983,1.0571611824271734,1.0536821743021618,1.0533296682891904,1.0599962169239419,1.0180842373145904,1.0431741411819342,1.036792017806277,1.0335209581665248,1.038368978664097,1.0562552829734322,1.0592948043635078,1.0516445025105408,1.0465986854126843,1.0500233105253622,1.0564847218399125,1.0525816125327065,1.0478338794527227,1.0405902129535627,1.0374686081488713,1.0378511014677676,1.042369327035506,1.0420129710110149,1.0420999470718,1.0441576503662413,1.0406743580672058,1.0484389280618962,1.046927491195834,1.049133557997489,1.049160083772252,1.0189805331370947,1.0248503122163588,1.0150952293668805,1.059999963830678,1.0526865120978433,1.0134721178859978,1.059999944922308,1.047469058361831,1.0481150572964395,1.0489009317895488,1.047260244198854,1.0438994158778678,1.0445605546215833,1.0422299636317824,1.0512670925963634,1.0498215793066044,1.0528090852555512,1.0563635072629125,1.008756631003305,1.0590580954393047,1.059999161976728,1.0563225495502315,1.0555918869146301,1.052545364170849,1.0535260199892997,1.0515105604849373,1.0599999851988373,1.0520028345832768,1.053436769255971,1.0566803633028452,1.0542388433962397,1.0531184647526126,1.0503256664436984,1.0538502441343298,1.0536921279434128,1.0513228154438745,1.0530478900489122,1.0544584418586291,1.0534683058376242,1.0559711998231947,1.049882675529731,1.0452905331924311,1.045137866190595,1.0412029570407577,1.038369424532852,1.044284533611791,1.0437692783203838,1.0430163388242586,1.0461760922776004,1.0379454445773917,1.0479641042872128,1.0439220825249513,1.0436678184753156,1.0133744637465234,1.0040489404815307,1.0383747101400294
7.416666666666667,1.0409466230111903,1.040060117824241,1.0411399353030752,1.04857326676069,1.04667655985875,1.044485681319277,1.042806688634935,1.0313414405018553,1.056041861905681,1.0441577466706962,1.0411589935030825,1.0422675075597292,1.0383115489396892,1.0416881661654316,1.0426898134441982,1.0419659406607646,1.053867802645369,1.0434638462715409,1.0425026546277667,1.0427198396024107,1.0452321107014573,1.0495065786795243,1.0559471270245864,1.052547615089752,1.059999939170377,1.0268374547226493,1.0473172410902665,1.0445975255304054,1.043191302171279,1.0309356036773998,1.044669458104184,1.0464233325622248,1.0476613242216934,1.0571611824271734,1.053671481666581,1.0533296682891904,1.0599852347940908,1.0179253725885908,1.0430440844509838,1.036792017806277,1.0334426614278327,1.038368978664097,1.0557962131332534,1.058708752260636,1.051101128628042,1.0465986854126843,1.0497733326876604,1.0563812146517004,1.0525816125327065,1.047730401417058,1.0403608823067227,1.037148802732419,1.0376602548955725,1.042369327035506,1.0420129710110149,1.0420999470718,1.0440219758911022,1.0404870544045164,1.0484389280618962,1.0469103955341639,1.049133557997489,1.049160083772252,1.0189223336662776,1.0248083806911013,1.0150952293668805,1.059999963830678,1.0525384644731866,1.0135007285719448,1.059999944922308,1.047469058361831,1.04810954815699,1.0489009317895488,1.047260244198854,1.0438994158778678,1.0443529538208316,1.0422299636317824,1.0512670925963634,1.0497609746129677,1.052692029736128,1.0563635072629125,1.008736927815661,1.0588600599724836,1.0598147082661846,1.056201854286211,1.0555918869146301,1.0524580890042523,1.0535260199892997,1.0513138244088684,1.0599999851988373,1.0520028345832768,1.053436769255971,1.0566803633028452,1.05411185989987,1.0529725175133278,1.0501286120661553,1.0537174930387045,1.0535455089496104,1.0512430072172405,1.0530478900489122,1.0544584418586291,1.0532474154349207,1.0558781546207057,1.049882675529731,1.0452905331924311,1.045137866190595,1.0410228329277769,1.038369424532852,1.0442604238838664,1.0437429825390907,1.0430163388242586,1.0461760922776004,1.0379454445773917,1.0479641042872128,1.0438439458988507,1.0435782828351816,1.0133744637465234,1.0033998791326133,1.0381726869977856
7.5,1.0421268236041916,1.0411898226713345,1.042337516965545,1.0501581042139583,1.04828808344033,1.045898925853213,1.044160280939416,1.0332298647435332,1.0582153827898793,1.0467504517498205,1.042399028648227,1.0435031489055548,1.0393922441110062,1.0427931063327187,1.0435280952771147,1.0431144014030416,1.0546872448910405,1.0442500676421516,1.0432501724784555,1.0430123022050293,1.0453503975346632,1.0495555505595329,1.0559480767214666,1.0524438867192472,1.059999790761783,1.0266777574157038,1.0473178552809628,1.0446545551089153,1.0432897237115022,1.0317008833526826,1.0448706764318818,1.0465189108871886,1.0480304162150027,1.0570616062802174,1.0534913591780952,1.0531189587855045,1.0599999538244618,1.0182440170848694,1.0431062584886566,1.0370621502317163,1.0336242079825368,1.0385202694691191,1.0557182539683572,1.058526942102378,1.0509003826438157,1.046377578342034,1.0495505464247388,1.0561406726475158,1.0524525379559364,1.0474377582829812,1.0399708223127146,1.0367532181989885,1.0371863860977244,1.041921099371599,1.0415727121667744,1.041631603322211,1.043551488323532,1.0400419166595791,1.0484369322240448,1.0468473483983773,1.0491316624412683,1.0490408396197455,1.018981858406527,1.0248935829302377,1.0152642361790944,1.0599998083767197,1.052426740753951,1.0137457564833328,1.0599997381426578,1.047199069471846,1.0478471549543091,1.0486593740839454,1.046988576818168,1.0433915117400603,1.0440074182391763,1.0419910333606037,1.0517397629759075,1.050246654699091,1.0532623363707962,1.0571295471039388,1.0092107411923816,1.059181227522749,1.0599998905759713,1.056388884897067,1.0558820944233838,1.053033795174776,1.0547500349560848,1.0514482430695529,1.059999914967398,1.0517242054673852,1.0533292584240528,1.0568527691214418,1.0542887717895504,1.0532695728024342,1.0503844318624513,1.054023486536893,1.0540985649946977,1.0518931930729725,1.053596284831382,1.0550499652129526,1.0534745304316349,1.0560466437619314,1.050337866537489,1.0456518761104927,1.0453432818843293,1.0413127440005463,1.038524989824167,1.0444349550735104,1.0439060444286672,1.0431407702329132,1.0464319187136333,1.0378754443884461,1.04877418218485,1.043898468171732,1.043630057993571,1.0136772304838977,1.0042148720668478,1.0378115683348725
7.583333333333333,1.0421268236041916,1.0412661413512634,1.0423794260483914,1.0501581042139583,1.048286040795802,1.045898925853213,1.0441812414567224,1.0332298647435332,1.0582153827898793,1.0467504517498205,1.0424860450590312,1.0435031489055548,1.0394719763590914,1.0427567412312186,1.0435280952771147,1.0432476294887476,1.0546905722471431,1.0442500676421516,1.0432501724784555,1.0432109636426328,1.0455523596119431,1.0497003221925165,1.055970862397376,1.0524438867192472,1.059999790761783,1.0266777574157038,1.0473178552809628,1.044647589521273,1.0433462399471642,1.0317267340798204,1.0448706764318818,1.0465189108871886,1.0480910908832375,1.0570616062802174,1.053496498418518,1.0531189587855045,1.0600063640042623,1.0183074624170834,1.0431531877655869,1.0370621502317163,1.0335553908759876,1.0385202694691191,1.0560159817013401,1.0588440027794839,1.051183297332912,1.046377578342034,1.0496920086780626,1.0561784027072685,1.0524525379559364,1.0473991843956667,1.0401187184286533,1.0369683769057463,1.037301512206065,1.041921099371599,1.0415727121667744,1.041631603322211,1.0435676736568988,1.0401299854958952,1.0484369322240448,1.0468738239937916,1.0491316624412683,1.0490408396197455,1.0189801505725409,1.0248949638620304,1.0152642361790944,1.0599998083767197,1.0524345032608964,1.0137369372681244,1.0599997381426578,1.047199069471846,1.0478481602598793,1.0486593740839454,1.046988576818168,1.0433915117400603,1.0440791371309632,1.0419910333606037,1.0517397629759075,1.050307392997737,1.0533670589437432,1.0571295471039388,1.009220238797536,1.05913936542522,1.0600082851716304,1.056412993613242,1.0558820944233838,1.0529502277796068,1.0547500349560848,1.0516098152367643,1.059999914967398,1.0517242054673852,1.0533292584240528,1.0568527691214418,1.0542874504662092,1.053237579210381,1.0503017680320317,1.0539977390546043,1.0541440576342995,1.0519276704887977,1.053596284831382,1.0550499652129526,1.0536198216981298,1.0561017042659597,1.050337866537489,1.0456518761104927,1.0453432818843293,1.0414544913679482,1.038524989824167,1.0444277244829103,1.0438924717996798,1.0431407702329132,1.0464319187136333,1.0378754443884461,1.04877418218485,1.04396672241459,1.043706972341854,1.0136772304838977,1.0044723028584535,1.0378734305410358
7.666666666666667,1.0421268236041916,1.0412616104044192,1.0422616882388938,1.0501581042139583,1.0482968475204333,1.045898925853213,1.044182781314058,1.0332298647435332,1.0582153827898793,1.0467504517498205,1.042470128963681,1.0435031489055548,1.039388889766751,1.042720477024408,1.0435280952771147,1.043250249777991,1.0547092861651535,1.0442500676421516,1.0432501724784555,1.0430471691762864,1.0452815570250786,1.0494765522521186,1.0559120869646093,1.0524438867192472,1.059999790761783,1.0266777574157038,1.0473178552809628,1.0445268415653945,1.0433107772129278,1.03169021759463,1.0448706764318818,1.0465189108871886,1.0480117894345788,1.0570616062802174,1.0535036729842866,1.0531189587855045,1.0599948861605066,1.0182098164392988,1.0430145188153206,1.0370621502317163,1.033492123745622,1.0385202694691191,1.0559139464528746,1.0586138437009716,1.0508782332506508,1.046377578342034,1.0496469745896966,1.0560676314755948,1.0524525379559364,1.047306442701816,1.0400546921365095,1.03693060134418,1.0373378023239508,1.041921099371599,1.0415727121667744,1.041631603322211,1.0434332461496836,1.0400738076627232,1.0484369322240448,1.0468388495398615,1.0491316624412683,1.0490408396197455,1.0189388057739428,1.0248660811829513,1.0152642361790944,1.0599998083767197,1.0523834348365424,1.013754552300594,1.0599997381426578,1.047199069471846,1.0478441596805195,1.0486593740839454,1.046988576818168,1.0433915117400603,1.043893881280091,1.0419910333606037,1.0517397629759075,1.0502687062228644,1.05334136138115,1.0571295471039388,1.0092172900007983,1.0588240177566304,1.0597910668782091,1.0562739162083616,1.0558820944233838,1.0528778005273536,1.0547500349560848,1.0516207409310883,1.059999914967398,1.0517242054673852,1.0533292584240528,1.0568527691214418,1.0541594961449574,1.0531039642369504,1.0500948951288422,1.0538046423517182,1.0540419347382948,1.0520021412932108,1.053596284831382,1.0550499652129526,1.053601883459031,1.0560752126197148,1.050337866537489,1.0456518761104927,1.0453432818843293,1.041457490388776,1.038524989824167,1.0443816872765777,1.0438327780819436,1.0431407702329132,1.0464319187136333,1.0378754443884461,1.04877418218485,1.043956451935254,1.043698678864703,1.0136772304838977,1.0038434877808489,1.0376726689063915
7.75,1.042115359449858,1.0413125085236439,1.042337070916738,1.0506414807559012,1.0487699085437177,1.0462642481877165,1.0445000323240181,1.0337842624310751,1.0588970713823556,1.0476347766376546,1.0426770365713323,1.0437708247533926,1.0395408093640799,1.042994447600895,1.0435394557591697,1.043392849996488,1.0548190496490293,1.044270356707139,1.043181344509951,1.0426972732176587,1.04493122982873,1.0492358716200714,1.055888896977208,1.0524390231151193,1.059999967476908,1.0266405943091703,1.047254552121659,1.044349143431637,1.0431527341658575,1.0318343653365274,1.0448342663647319,1.0465005170966886,1.0478886140745927,1.0570764986935866,1.0535092928748675,1.0531216367903022,1.0599999924145898,1.0182409862096353,1.0427951561057252,1.0368493506828913,1.0334043433768092,1.0382676485041995,1.0556872240894113,1.0582653242177538,1.0504805896371652,1.046060676638681,1.049329571503717,1.0558529425368472,1.052359003947601,1.047256876575011,1.0397395595141539,1.0365882505929855,1.0370782960761304,1.0416974642483867,1.04129588225044,1.0414001616806539,1.0432190931194887,1.039790920639713,1.0485459179370735,1.046865359388693,1.0492205564890738,1.0491079322269041,1.019065520302163,1.0249819619804361,1.0153664852634945,1.0599999719930142,1.0524092187368377,1.0139367244725686,1.0599999668422622,1.0471330296022423,1.047765470428476,1.0485901202988575,1.046891281313444,1.0432606415421564,1.0437553283739698,1.0419637413091813,1.052076896447099,1.0505488728670855,1.053647148668756,1.0576416939769278,1.0095175831609473,1.0589847137325816,1.0599999641652558,1.0567170488990474,1.0565073674808836,1.053685233115319,1.0554087457220431,1.0517781001078983,1.059999987023233,1.0516040275398997,1.0532596713464408,1.056979556551195,1.054329316571108,1.0533829350411612,1.0504675699567412,1.0540589340952868,1.0543907443659097,1.0524688382281695,1.0539351078092098,1.0553722929144955,1.0536251613831351,1.0561528734653833,1.0506483587313729,1.0459657732779324,1.0456161400938717,1.0416868685225753,1.0389398734301127,1.0446028592809837,1.0440361149754651,1.0433609402656567,1.0467008270698899,1.0380342240298082,1.0489043358968704,1.043863100050492,1.0435991588103817,1.0138906297520796,1.003630352924513,1.0375358573838203
7.833333333333333,1.042115359449858,1.0412043741310193,1.042286539611197,1.0506414807559012,1.0487720454355818,1.0462642481877165,1.0444993772536528,1.0337842624310751,1.0588970713823556,1.0476347766376546,1.042530002261657,1.0437708247533926,1.0392602464236504,1.043004707161499,1.0435394557591697,1.043377041912721,1.0548182830838002,1.044270356707139,1.043181344509951,1.0423861204104137,1.0445938169861118,1.0489463355151685,1.055833822386048,1.0524390231151193,1.059999967476908,1.0266405943091703,1.047254552121659,1.0442891438536601,1.0430560683860892,1.031800811600259,1.0448342663647319,1.0465005170966886,1.0478604779566638,1.0570764986935866,1.053491328748888,1.0531216367903022,1.0599909797497156,1.0181596440933371,1.0427352271874852,1.0368493506828913,1.0334268963877389,1.0382676485041995,1.055560944913698,1.0580090273305751,1.0502843390311851,1.046060676638681,1.0491194059387177,1.0558065277398503,1.052359003947601,1.0472547065765603,1.0396337118321743,1.036460573527966,1.036925049692533,1.0416974642483867,1.04129588225044,1.0414001616806539,1.043176669250129,1.0396851975998396,1.0485459179370735,1.046854738012577,1.0492205564890738,1.0491079322269041,1.0190467622855968,1.0249657927941858,1.0153664852634945,1.0599999719930142,1.0522899955099188,1.0139529298607937,1.0599999668422622,1.0471330296022423,1.0477627952264326,1.0485901202988575,1.046891281313444,1.0432606415421564,1.0436599939262527,1.0419637413091813,1.052076896447099,1.050531356261799,1.053632411471616,1.0576416939769278,1.0095065460133237,1.0588755898707807,1.0598656986624562,1.05664637281921,1.0565073674808836,1.053715114823021,1.0554087457220431,1.051773734617253,1.059999987023233,1.0516040275398997,1.0532596713464408,1.056979556551195,1.0542765580530054,1.0533241787500298,1.050435032029876,1.0540172530327665,1.054361286472168,1.052328587398118,1.0539351078092098,1.0553722929144955,1.0534176234840757,1.0560742177475044,1.0506483587313729,1.0459657732779324,1.0456161400938717,1.0416728080362567,1.0389398734301127,1.0445918830660375,1.0440239307493349,1.0433609402656567,1.0467008270698899,1.0380342240298082,1.0489043358968704,1.0438558226728178,1.043591835005688,1.0138906297520796,1.0033726530135538,1.0374585572166455
7.916666666666667,1.042115359449858,1.0411971504571167,1.0422108501891405,1.0506414807559012,1.0487703921342053,1.0462642481877165,1.0444994621355455,1.0337842624310751,1.0588970713823556,1.0476347766376546,1.0425381523749855,1.0437708247533926,1.0393736936184748,1.0429233537457006,1.0435394557591697,1.0433746906081731,1.0548192390514566,1.044270356707139,1.043181344509951,1.0423174909312132,1.044489784582559,1.048897686049166,1.055803924357781,1.0524390231151193,1.059999967476908,1.0266405943091703,1.047254552121659,1.0443656108188326,1.0430690899067372,1.0317881969027043,1.0448342663647319,1.0465005170966886,1.0478546238978796,1.0570764986935866,1.0534817259765994,1.0531216367903022,1.0599851056829903,1.018126528631136,1.0426539640642052,1.0368493506828913,1.0332781091967866,1.0382676485041995,1.0554113577057895,1.0576582989842698,1.0499158349892361,1.046060676638681,1.04908642917108,1.055744354225872,1.052359003947601,1.0471111594062796,1.039619156208226,1.0364228928902763,1.036855281670322,1.0416974642483867,1.04129588225044,1.0414001616806539,1.0430585368818763,1.0397051518108975,1.0485459179370735,1.0468526898503716,1.0492205564890738,1.0491079322269041,1.019002592347511,1.0249362421621315,1.0153664852634945,1.0599999719930142,1.0523622409761153,1.0139629876382512,1.0599999668422622,1.0471330296022423,1.0477618718001283,1.0485901202988575,1.046891281313444,1.0432606415421564,1.043555126708039,1.0419637413091813,1.052076896447099,1.0505274869566705,1.0536296111441725,1.0576416939769278,1.0095068794924036,1.0590177432182064,1.059967883110951,1.056640163096288,1.0565073674808836,1.0535390122029442,1.0554087457220431,1.051775738822599,1.059999987023233,1.0516040275398997,1.0532596713464408,1.056979556551195,1.0542340748929084,1.0533051864289975,1.050317593484512,1.054030613544225,1.054365550656921,1.0522561759827322,1.0539351078092098,1.0553722929144955,1.053398506276914,1.0560565285381875,1.0506483587313729,1.0459657732779324,1.0456161400938717,1.0416702673269285,1.0389398734301127,1.0446122449184823,1.0440567181362408,1.0433609402656567,1.0467008270698899,1.0380342240298082,1.0489043358968704,1.0438545980602387,1.0435905598106145,1.0138906297520796,1.00310264302239,1.0373424924531789
8.0,1.0428825533307013,1.0417630624648049,1.0429297308910004,1.0514253042580441,1.0495546295456408,1.046965079869291,1.0451442767497348,1.0346492987608291,1.0598303407581224,1.0487104658944377,1.0430881414473927,1.0443682996309567,1.0399078532606372,1.0435256830656376,1.044052345676938,1.04382619671532,1.055274510022014,1.0447454226980453,1.0436852854963363,1.0424939337138144,1.044602358808469,1.0489682355190721,1.0558059952944452,1.0523431967042374,1.0599998826156023,1.0265725440093838,1.0472470492612274,1.044465584957674,1.0430955455574633,1.0321798548704744,1.0449355212405713,1.04654069863956,1.048142968767268,1.0570136664796443,1.0534051545782135,1.053003041097745,1.0599999672590263,1.0183100380676036,1.0427886739380177,1.0371019316504466,1.033560369889258,1.0384642926287506,1.0552808306857937,1.0577350500762865,1.0499495705924622,1.0460905799059015,1.048965803655898,1.0556996579733224,1.0523255998077325,1.0470459940730819,1.0394372057786117,1.0362028537897165,1.0367512622188941,1.0414771365510034,1.0411322705287018,1.0411289762621017,1.0428552303800902,1.0394817216998482,1.0485627728689808,1.0468687436374973,1.0492433701251034,1.0490799555087367,1.0190737806327088,1.025012029032489,1.0154433243303924,1.0599998942240692,1.0523441729559686,1.0140499535657064,1.059999875252363,1.0468733718867067,1.0475242143736323,1.0483839450958805,1.0466614150371831,1.0427133313403074,1.0432111971685087,1.0416619135674197,1.0521248243620163,1.050579306020317,1.0536623557101088,1.0578348211113817,1.0096579984779062,1.0592168956805736,1.0599999603918335,1.0566094580221879,1.0564785660817604,1.0535710634296194,1.0554026100461542,1.0516064200077107,1.0599999451784414,1.051373997453511,1.0531216149356584,1.05685984666454,1.054194527783151,1.053370948826162,1.050437070547228,1.0541454753330726,1.0544760057980849,1.0525976349406478,1.0540280214069009,1.0555143512813672,1.0532358011840663,1.0559155493166792,1.0507040450628204,1.045980177295551,1.0455619755719965,1.0415279582761985,1.03888582903795,1.0445292895002678,1.0439630208494612,1.0431562242897394,1.046566610978637,1.0377642667484364,1.0493556820405707,1.0438251056324477,1.0435489294971054,1.014021826766662,1.0036055967957047,1.036985647457604
8.083333333333334,1.0428825533307013,1.0416672497371982,1.04281655643612,1.0514253042580441,1.0495596520396893,1.046965079869291,1.0451371858574534,1.0346492987608291,1.0598303407581222,1.0487104658944377,1.0429590433397724,1.0443682996309567,1.0396657599543828,1.043521696616419,1.044052345676938,1.043758753058871,1.055271653209226,1.0447454226980453,1.0436852854963363,1.0421487136442271,1.0441827876022476,1.048627762955167,1.0557386678475853,1.0523431967042374,1.0599998826156023,1.0265725440093838,1.0472470492612274,1.0442960650884836,1.0429782211026022,1.0321434248142345,1.0449355212405713,1.04654069863956,1.048279061117021,1.0570136664796443,1.0533902916658453,1.053003041097745,1.059989970970602,1.018221438892936,1.0426580808728567,1.0371019316504466,1.0335590498726084,1.0384642926287506,1.0550739842742696,1.057426706511429,1.04969662453072,1.0460905799059015,1.0487699736888632,1.0555926204001564,1.0523255998077325,1.0470029548113338,1.039423962692665,1.036123093336674,1.0366368863529414,1.0414771365510034,1.0411322705287018,1.0411289762621017,1.04274485633122,1.0394356685193331,1.0485627728689808,1.046933632795929,1.0492433701251034,1.0490799555087367,1.0190481154748037,1.0249952328059901,1.0154433243303924,1.0599998942240692,1.0522443869832216,1.0140674071629128,1.059999875252363,1.0468733718867067,1.0475202700142843,1.0483839450958805,1.0466614150371831,1.0427133313403074,1.0430265193854082,1.0416619135674197,1.0521248243620163,1.0506337942808932,1.0536796189686497,1.0578348211113817,1.0096446408968787,1.0589087192501792,1.0597321207118555,1.0564576551916611,1.0564785660817604,1.0535751623438807,1.0554026100461542,1.0515407137235613,1.0599999451784414,1.051373997453511,1.0531216149356584,1.05685984666454,1.054106403006536,1.0533041822366014,1.0503824048820143,1.0541014596113387,1.054423349429765,1.052483659633721,1.0540280214069009,1.0555143512813672,1.053046309012109,1.0558318793728625,1.0507040450628204,1.045980177295551,1.0455619755719965,1.0414639429210553,1.03888582903795,1.044480434045491,1.0438983034088594,1.0431562242897394,1.046566610978637,1.0377642667484364,1.0493556820405707,1.0438242784857101,1.0435409980319783,1.014021826766662,1.0028564307414363,1.0368047286528586
8.166666666666666,1.0428825533307013,1.0416484904312726,1.0427802615032533,1.0514253042580441,1.049559927072734,1.046965079869291,1.045150369200752,1.0346492987608291,1.0598303407581222,1.0487104658944377,1.0429596135965844,1.0443682996309567,1.039794499502514,1.043523114923497,1.044052345676938,1.0438335125394251,1.0552717246192984,1.0447454226980453,1.0436852854963363,1.0420943227873136,1.0441243174647588,1.0486187324307878,1.0557294195779254,1.0523431967042374,1.0599998826156023,1.0265725440093838,1.0472470492612274,1.0442175521246477,1.0429407535567639,1.0321295133532513,1.0449355212405713,1.04654069863956,1.0482925138785326,1.0570136664796443,1.053368254331228,1.053003041097745,1.0599808535466755,1.018194357414448,1.0426150579345428,1.0371019316504466,1.033562564061312,1.0384642926287506,1.054994664310203,1.0570036470806927,1.0492637387991899,1.0460905799059015,1.0487199858239764,1.0555563752663015,1.0523255998077325,1.0469868647907217,1.0394617977187728,1.0361576484271362,1.0365269523939085,1.0414771365510034,1.0411322705287018,1.0411289762621017,1.0427058811363512,1.0394914302957987,1.0485627728689808,1.04694200697201,1.0492433701251034,1.0490799555087367,1.0190317149264454,1.0249826825048798,1.0154433243303924,1.0599998942240692,1.0523337208947512,1.0140758235760798,1.059999875252363,1.0468733718867067,1.0475181497037829,1.0483839450958805,1.0466614150371831,1.0427133313403074,1.0429730179823433,1.0416619135674197,1.0521248243620163,1.0506575937610827,1.0537350027006331,1.0578348211113817,1.0096408821935932,1.0587721521698792,1.0596300242197758,1.0564040530165533,1.0564785660817604,1.0535800282172925,1.0554026100461542,1.0516471136043695,1.0599999451784414,1.051373997453511,1.0531216149356584,1.05685984666454,1.05411155469423,1.0533411770613426,1.0504039425216496,1.0540967003686277,1.0544522337550388,1.0523117037898606,1.0540280214069009,1.0555143512813672,1.0530109200407625,1.0558146870436431,1.0507040450628204,1.045980177295551,1.0455619755719965,1.0415480280254024,1.03888582903795,1.0444508592065744,1.0438618671859037,1.0431562242897394,1.046566610978637,1.0377642667484364,1.0493556820405707,1.0438627591161929,1.043585129559877,1.014021826766662,1.0026914397862905,1.0367555349907167
8.25,1.0428612909835542,1.0418711982940208,1.0429209379967606,1.0521593580109267,1.0501954412636787,1.0476199784326918,1.0457461345800247,1.0350209971204052,1.0599990914423343,1.0488412109950298,1.0434285784715496,1.0448579970214407,1.0402240923881774,1.043980764910809,1.0445112806816412,1.0443088283951862,1.0556488918258122,1.0451098087091018,1.044019318663258,1.0421263648496228,1.0440681074900802,1.048563724222822,1.055716742121526,1.0522895366447682,1.0599999051436657,1.0264751734164062,1.0471880466253625,1.0441852346073892,1.042913136089397,1.0323197243761548,1.0449836921858553,1.0465685674283718,1.048452820398013,1.0569733345316599,1.0532123215425195,1.0528138450258842,1.059999967053231,1.0183092703013819,1.042776046291863,1.0374838948423926,1.0338882703967378,1.0388209396240269,1.054907013585495,1.056778356761002,1.048985133581265,1.0457940797941447,1.048521910503055,1.055368710306685,1.0522577453157897,1.0467392543316165,1.0390817437189455,1.035771627239966,1.036100628833284,1.0410471288642873,1.0406674504948277,1.0406060842475404,1.0422388864211403,1.0390380613768064,1.048656150718159,1.0469389809926775,1.0493014144742128,1.0490286892312932,1.0191322681891373,1.0250861537181954,1.0155653626094996,1.0599999181179152,1.0522786439920704,1.01423929440396,1.0599999028830829,1.046749998421757,1.0473855091407709,1.0482369639427878,1.0465101425037435,1.0422998043101148,1.0427181649125674,1.0415602532901267,1.0525192201290634,1.0510379878088263,1.054164771653379,1.0583917411756827,1.009978200049795,1.0591247136852415,1.0599999601171128,1.056970027145006,1.0572169322674514,1.0542753555191464,1.056169235582125,1.051948051270381,1.0599999534553652,1.0510457927241377,1.0528852864013951,1.0565750953518056,1.053974709957778,1.0534231874379536,1.0504934845109528,1.0542873435188578,1.0548341943019777,1.052793492841055,1.054365324054011,1.0558888042473262,1.0529488586256064,1.055586332132359,1.0510305896366043,1.0462577955537453,1.0458152768628304,1.0417978419534446,1.0389487199791412,1.0446474567861834,1.0440372895442445,1.0432648035001633,1.0467778781717885,1.0378246879965498,1.0497800404366182,1.0438432538209106,1.0435622625390457,1.0142222674940735,1.0028995722687433,1.0365089685229878
8.333333333333334,1.0428612909835542,1.0417889560222933,1.0427129411399692,1.0521593580109267,1.0502015442896062,1.0476199784326918,1.0457512735558196,1.0350209971204052,1.059999091442334,1.0488412109950298,1.0432976247546755,1.0448579970214407,1.0398865043021497,1.0439881435842246,1.0445112806816412,1.0443188643101757,1.0556597471521112,1.0451098087091018,1.044019318663258,1.0416992527051276,1.0434840980680764,1.0480831847285474,1.0556297913435122,1.0522895366447682,1.0599999051436657,1.0264751734164062,1.0471880466253625,1.0441457532742346,1.0428425728103892,1.0322756835666806,1.0449836921858553,1.0465685674283718,1.0484246314031054,1.0569733345316599,1.0532147574343749,1.0528138450258842,1.0599813551977777,1.018189879725174,1.0425409795067324,1.0374838948423926,1.0339102598008831,1.0388209396240269,1.0548437623701263,1.0566013142363375,1.0487618394402702,1.0457940797941447,1.0483462593585373,1.0551852706136318,1.0522577453157897,1.046689345388813,1.0390362336109282,1.0357584701803204,1.0361279591824752,1.0410471288642873,1.0406674504948277,1.0406060842475404,1.0420607206373103,1.0389486753451103,1.048656150718159,1.046930461566043,1.0493014144742128,1.0490286892312932,1.0191128875475668,1.0250711950262772,1.0155653626094996,1.0599999181179152,1.0521139166459523,1.0142562135866835,1.0599999028830829,1.046749998421757,1.0473819679245733,1.0482369639427878,1.0465101425037435,1.0422998043101148,1.042409770141116,1.0415602532901267,1.0525192201290634,1.0510316242550684,1.0541717096179903,1.0583917411756827,1.009972104462257,1.059035098093948,1.0598848399971046,1.0568153956613113,1.0572169322674514,1.0543066947436037,1.056169235582125,1.0519825300661652,1.0599999534553652,1.0510457927241377,1.0528852864013951,1.0565750953518056,1.053824182222036,1.0533239369197755,1.050438282550804,1.054243742507745,1.054815978561293,1.0528361931919146,1.054365324054011,1.0558888042473262,1.0527740936986105,1.0554920437558846,1.0510305896366043,1.0462577955537453,1.0458152768628304,1.0418177991569793,1.0389487199791412,1.0446359844743518,1.044026581668413,1.0432648035001633,1.0467778781717885,1.0378246879965498,1.0497800404366182,1.0438505690869335,1.043571748814004,1.0142222674940735,1.0017646055431226,1.036172059583192
8.416666666666666,1.0428612909835542,1.0416783589514231,1.0425394731486686,1.0521593580109267,1.050200294744997,1.0476199784326918,1.0457597154540657,1.0350209971204052,1.059999091442334,1.0488412109950298,1.043180643961573,1.0448579970214407,1.0398421729078424,1.0439946609387034,1.0445112806816412,1.0443516159086244,1.0556610403183626,1.0451098087091018,1.0440193186632578,1.0413251205406773,1.0430413078234797,1.0477915713128765,1.0555809059396044,1.0522895366447682,1.0599999051436657,1.0264751734164062,1.0471880466253625,1.0441696303243433,1.0427648674521603,1.0322533431568026,1.0449836921858553,1.0465685674283718,1.0483991648316031,1.0569733345316599,1.0532087618343378,1.0528138450258842,1.059962494775085,1.018131827505557,1.0423482724087672,1.0374838948423926,1.0339304921803285,1.0388209396240269,1.0548397558287148,1.0564816809144937,1.0486277099399808,1.0457940797941447,1.0481466997221875,1.0550361618206785,1.0522577453157897,1.0466481225156257,1.039056327119917,1.0357967111806967,1.0361267754526375,1.0410471288642873,1.0406674504948277,1.0406060842475404,1.0419143450167072,1.0389731255330374,1.048656150718159,1.0469233687647947,1.0493014144742128,1.0490286892312932,1.0191052090081456,1.0250647694406092,1.0155653626094996,1.0599999181179152,1.052149263832222,1.0142641735955662,1.0599999028830829,1.046749998421757,1.0473807648076379,1.0482369639427878,1.0465101425037435,1.0422998043101148,1.0421792172960438,1.0415602532901267,1.0525192201290634,1.051032789263947,1.0541939509187133,1.0583917411756827,1.0099714748749649,1.0591188064651331,1.0598634746341238,1.0567109285640737,1.0572169322674514,1.0543328318115432,1.056169235582125,1.0520441805720078,1.0599999534553652,1.0510457927241377,1.0528852864013951,1.0565750953518056,1.0537593427740648,1.0533518436494385,1.0504953909383032,1.054299959304604,1.0548622433320343,1.0528114701560771,1.054365324054011,1.0558888042473262,1.0525494378076734,1.055387798667482,1.0510305896366043,1.0462577955537453,1.0458152768628304,1.0418650943950964,1.0389487199791412,1.0446545329386259,1.0440549962848371,1.0432648035001633,1.0467778781717885,1.0378246879965498,1.0497800404366182,1.043868246017695,1.0435931947622707,1.0142222674940735,1.000841576605586,1.0359319326932235
8.5,1.0424414920242666,1.0416837079451429,1.0423925408814252,1.0526801188875972,1.0506062839090906,1.0480145133015404,1.04607972086225,1.0351813983445406,1.0599999028203098,1.0488170805967587,1.043539884490571,1.0450589529468706,1.0402921466206176,1.0441082844420841,1.0446889482339707,1.0445395679802014,1.0558250729916303,1.0453037009395612,1.0441578800532154,1.04152009441221,1.0431983208332714,1.0479305371070213,1.0555781608227675,1.0522149218399306,1.0599999833104774,1.026432414566694,1.0472210211073483,1.0441413741187289,1.042800253621695,1.0323617147465045,1.0449987817159547,1.0465754834815015,1.048539083636592,1.0569981733125915,1.0532164540632094,1.052825019486232,1.0599999937611067,1.0182960660712708,1.0422271503931497,1.0373202836149489,1.0336439443569836,1.038787499781841,1.0549845978005123,1.0567866918253592,1.0490040192369228,1.0457864072006913,1.0483038188905558,1.0550633336595385,1.052322181273208,1.0465386957374139,1.0390655033637912,1.0357787890606738,1.0360682444823224,1.041042056620383,1.040644971734111,1.0404952170207562,1.0417856542076682,1.0389653171426192,1.0488371022072527,1.0471706802870466,1.0495501411500565,1.04922995530757,1.0193009890532827,1.0252811664385892,1.015748393616485,1.0599999851298334,1.05233084020097,1.014531597620784,1.059999983277514,1.0465650361616825,1.0472089987055662,1.0481096214812347,1.046332824247239,1.0411860595154698,1.041615498735285,1.0411804511085025,1.0526871470575658,1.0512398903687543,1.0544280136226287,1.0587357783166973,1.0102931372886415,1.059156523342758,1.0599999588397908,1.0570255841854928,1.0576506291136456,1.054592638601557,1.0566301961251348,1.0521856900299755,1.0599999916039684,1.0510739877928967,1.0528895104684326,1.0562615251278014,1.0535810058401163,1.0533363166117848,1.0503685834120788,1.0543079135459668,1.0550362194507232,1.0530735811895526,1.0546667008814743,1.0561674037073103,1.052640540310516,1.0552006466271548,1.0512650896156261,1.046457703724685,1.0460296807199385,1.0420751346134807,1.0391430189461217,1.0447950640990142,1.0441582041423612,1.043324133637779,1.0469025954631326,1.037832442449147,1.049975006934054,1.043884029793066,1.0436091707653836,1.0145734685702232,1.0009214059431537,1.0354374519220475
8.583333333333334,1.0424414920242666,1.041543944969485,1.042341401623744,1.0526801188875972,1.0506106414986296,1.0480145133015404,1.0460630081808453,1.0351813983445406,1.0599999028203106,1.0488170805967587,1.0433793952034758,1.0450589529468706,1.0401297073739306,1.0441384913215115,1.0446889482339707,1.0444236831271316,1.055831280297025,1.0453037009395612,1.0441578800532154,1.0411733667105008,1.0428560837820404,1.0476778229229533,1.0555344963596194,1.0522149218399306,1.0599999833104774,1.026432414566694,1.0472210211073483,1.043979731303591,1.042650681049351,1.0323288368923638,1.0449987817159547,1.0465754834815015,1.048536500924728,1.0569981733125915,1.05322635131542,1.052825019486232,1.0599912481107916,1.0182133971440062,1.0421652618166086,1.0373202836149489,1.0337062795838414,1.038787499781841,1.0548033496001985,1.056699988840631,1.0489106201131972,1.0457864072006913,1.0480488275342417,1.055010702847179,1.052322181273208,1.0465651014997837,1.0389962779779707,1.0356696748990872,1.0360889480125082,1.041042056620383,1.040644971734111,1.0404952170207562,1.0417519780940179,1.0389154707299255,1.0488371022072527,1.0471716900526509,1.0495501411500565,1.04922995530757,1.0192928245022523,1.0252760570127601,1.015748393616485,1.0599999851298334,1.0523075064630603,1.014541430686984,1.059999983277514,1.0465650361616825,1.0472059796105402,1.0481096214812347,1.046332824247239,1.0411860595154698,1.041508007476045,1.0411804511085025,1.0526871470575658,1.0512151495457667,1.0543600383062608,1.0587357783166973,1.0102807554527518,1.0588615117866405,1.0597124351981888,1.0569025793796067,1.0576506291136456,1.0546700715499018,1.0566301961251348,1.0520514043908562,1.0599999916039686,1.0510739877928967,1.0528895104684326,1.0562615251278014,1.053547742447669,1.0533144200344673,1.0503703111476612,1.0542282327528851,1.0549427967801261,1.0531648476825106,1.0546667008814743,1.0561674037073103,1.0523759007715083,1.05510304463742,1.0512650896156261,1.046457703724685,1.0460296807199385,1.041956039264443,1.0391430189461217,1.0447569898243951,1.0441071961541137,1.043324133637779,1.0469025954631326,1.037832442449147,1.049975006934054,1.0438356740429062,1.0435525141297348,1.0145734685702232,1.0006779067724236,1.035332422322894
8.666666666666666,1.0424414920242666,1.0414187377993742,1.0422868483706844,1.0526801188875972,1.0506129655847816,1.0480145133015404,1.0460417424590835,1.0351813983445406,1.0599999028203106,1.0488170805967587,1.043221460617507,1.0450589529468706,1.039895484336907,1.0441428545713585,1.0446889482339707,1.0442851655272427,1.0558394065424397,1.0453037009395612,1.0441578800532154,1.0408350817661467,1.0425037958936487,1.0473926794231736,1.0554760521494533,1.0522149218399306,1.0599999833104774,1.026432414566694,1.0472210211073483,1.0439601119091229,1.0425490495289271,1.0322841338288826,1.0449987817159547,1.0465754834815015,1.0485056794370442,1.0569981733125915,1.0532336628867174,1.052825019486232,1.0599837596705162,1.0180966707720676,1.042103552255611,1.0373202836149489,1.033718904391441,1.038787499781841,1.0544175481733435,1.056201332036655,1.04835501085827,1.0457864072006913,1.047800351774608,1.054960529593495,1.052322181273208,1.0465524223590406,1.0388588856347256,1.0354793801692095,1.0360580507060122,1.041042056620383,1.040644971734111,1.0404952170207562,1.0417012152149048,1.038806373954357,1.0488371022072527,1.0471595390227888,1.0495501411500565,1.04922995530757,1.0192667711526686,1.0252579059338818,1.015748393616485,1.0599999851298334,1.0522298178202678,1.014556362742978,1.059999983277514,1.0465650361616825,1.0472025885184701,1.0481096214812347,1.046332824247239,1.0411860595154698,1.0413852587661139,1.0411804511085025,1.0526871470575658,1.0511689011146343,1.054264555493885,1.0587357783166973,1.010263770901573,1.058860528365017,1.0596580731154406,1.0568591798705587,1.0576506291136456,1.0546894155018744,1.0566301961251348,1.05188913914501,1.0599999916039684,1.0510739877928967,1.0528895104684326,1.0562615251278014,1.0535193476913494,1.0532951537149013,1.0503758725094963,1.0542385598663784,1.054881784389223,1.0532298485286138,1.0546667008814743,1.0561674037073103,1.0521398713525758,1.0550167434074316,1.0512650896156261,1.046457703724685,1.0460296807199385,1.0418071238629691,1.0391430189461217,1.0447526030838874,1.0441105942730444,1.043324133637779,1.0469025954631326,1.037832442449147,1.049975006934054,1.0437709070946697,1.0434780869579747,1.0145734685702232,1.0004039067111792,1.0352102020958254
8.75,1.0424385512872916,1.0417429388895834,1.0425180301822412,1.0533834561055855,1.0512128443854922,1.0486280678007944,1.046598557976518,1.035501803984863,1.0599999815093122,1.0486259941951843,1.0437838289595351,1.0455585136368677,1.0403968326080841,1.0446963582558275,1.0453327210679015,1.0447158227514788,1.0563508515318898,1.0459175348145757,1.044753144185029,1.0413315967223293,1.042895113157336,1.0476435621848774,1.055541883287834,1.0521680236459978,1.0599999955751827,1.0263260661758107,1.0472580121529609,1.0440482613582873,1.0426662271333402,1.0325475504857724,1.0451082758373804,1.0467107237717002,1.0488833253185699,1.0568787316800865,1.0531770580091258,1.0527445585710238,1.059999997950912,1.0182778659046183,1.0425387071067527,1.0379836744174917,1.0343677804855376,1.0393214662188073,1.054276981628779,1.056250560048138,1.0484099324808733,1.045602833684716,1.047767488064895,1.0548362061528753,1.05220678047287,1.0463846026788322,1.038572032746543,1.035158111017487,1.0358163610660323,1.0407807375127833,1.0403782873128786,1.0400890909828062,1.041404263345506,1.0384450083582208,1.0490553473802595,1.047213143287598,1.0495902464281217,1.0492168487278308,1.0194456753068575,1.0253921981454892,1.0158596133739697,1.059999996319797,1.0521636208985334,1.0147244148363095,1.059999995683568,1.046239489826255,1.046897504131692,1.04789399208827,1.0460174852562403,1.0396379318414917,1.0406203035998307,1.0404810672697273,1.0531179523284258,1.0516313723370394,1.0547398545980076,1.059412962497405,1.0106479047049584,1.0592449956807384,1.059999980097894,1.057207963459927,1.0580071874651822,1.055073290344675,1.056999352942361,1.0518998886458701,1.0599999975880656,1.0508619919857702,1.0527167983073538,1.055853552568607,1.05337671971413,1.0533974216670379,1.0505727893726018,1.0545290273516468,1.0553330316371683,1.05385685049473,1.0550530756943612,1.0565096471880786,1.0521797435874327,1.0547549557692115,1.051474589060059,1.0467076825699626,1.0461068741559185,1.041875433388788,1.0394401614232895,1.0447178987930432,1.0440274916586514,1.0431012550187768,1.0467660291088523,1.0373968385637542,1.050577709464946,1.0438284176173662,1.0435212180695987,1.0147822763888104,1.000897465552861,1.0344970118499635
8.833333333333334,1.0424385512872916,1.0417928996892316,1.0423085796544038,1.0533834561055855,1.0512155836712416,1.0486280678007944,1.0466187784620213,1.035501803984863,1.059999981509312,1.0486259941951843,1.043840651069627,1.0455585136368677,1.0404548508453677,1.0447233535264733,1.0453327210679015,1.0448183627290004,1.0563415935527276,1.0459175348145757,1.044753144185029,1.0412354189891186,1.0426377423907935,1.0474738387145472,1.055523551602256,1.0521680236459978,1.0599999955751827,1.0263260661758107,1.0472580121529609,1.0440169098197474,1.0426988477260144,1.0325441707747487,1.0451082758373804,1.0467107237717002,1.0489041620158206,1.0568787316800865,1.0531610716859654,1.0527445585710238,1.0599812921425658,1.0182729660133605,1.042303947907411,1.0379836744174917,1.0344248139599885,1.0393214662188073,1.0545191418700126,1.056495757194012,1.048722496629233,1.045602833684716,1.0478540307459385,1.0546537491122567,1.05220678047287,1.0463669346494788,1.0386670057229943,1.0352934481697937,1.0357987436479175,1.0407807375127833,1.0403782873128786,1.0400890909828062,1.0412443644347023,1.038504273492996,1.0490553473802595,1.04722769255658,1.0495902464281217,1.0492168487278308,1.0194669766962565,1.0254047074980688,1.0158596133739697,1.059999996319797,1.0521766067336422,1.0147239374384793,1.059999995683568,1.046239489826255,1.0468972852892808,1.04789399208827,1.0460174852562403,1.0396379318414917,1.0403696726355283,1.0404810672697273,1.0531179523284258,1.051673691923185,1.0548258641631891,1.059412962497405,1.0106588121555091,1.059147352990664,1.0599272334675545,1.0570598372464972,1.0580071874651822,1.0551421439194812,1.056999352942361,1.0520451390364747,1.0599999975880658,1.0508619919857702,1.0527167983073538,1.055853552568607,1.053261364386675,1.0533814185053938,1.0505994942072534,1.0545098285385603,1.0553773290821367,1.0537519079690614,1.0550530756943612,1.0565096471880786,1.0522482411136096,1.05473980889037,1.051474589060059,1.0467076825699626,1.0461068741559185,1.042003803215077,1.0394401614232895,1.0447090984791625,1.0440093688501602,1.0431012550187768,1.0467660291088523,1.0373968385637542,1.050577709464946,1.0438865605342889,1.0435877024883407,1.0147822763888104,0.9998453924226323,1.0342111974984503
8.916666666666666,1.0424385512872916,1.0417763075790034,1.0422514156687726,1.0533834561055855,1.0512157253794503,1.0486280678007944,1.0466404312720394,1.035501803984863,1.0599999815093117,1.0486259941951843,1.04382235628829,1.0455585136368677,1.0404396973995194,1.0446716883238885,1.0453327210679015,1.04494301299398,1.0563463738750418,1.0459175348145757,1.044753144185029,1.0411396712925443,1.0425029538297883,1.047373192391871,1.0554932360837768,1.0521680236459978,1.0599999955751827,1.0263260661758107,1.0472580121529609,1.0439496975676485,1.042668728938731,1.0325384307237309,1.0451082758373804,1.0467107237717002,1.0489352107858405,1.0568787316800865,1.0531502734883427,1.0527445585710238,1.0599748212144118,1.0182597448476332,1.0422379587964208,1.0379836744174917,1.0343325880790233,1.0393214662188073,1.0546798934947819,1.0565045286387393,1.0487265309929985,1.045602833684716,1.047811749559979,1.0546027060121732,1.05220678047287,1.046272485471925,1.0387496408364694,1.0354216880865788,1.0357928841578639,1.0407807375127833,1.0403782873128786,1.0400890909828062,1.0411584583550106,1.0385509985487682,1.0490553473802595,1.0472431538843012,1.0495902464281217,1.0492168487278308,1.0194356392777477,1.025383788837258,1.0158596133739697,1.059999996319797,1.0521737603390402,1.0147320751075883,1.059999995683568,1.046239489826255,1.0468957978088826,1.04789399208827,1.0460174852562403,1.0396379318414917,1.0402865234450187,1.0404810672697271,1.0531179523284258,1.051718981850218,1.054920598453898,1.059412962497405,1.0106617441219616,1.0589891541489111,1.059801163604101,1.0569853622693592,1.0580071874651822,1.0550335284813097,1.056999352942361,1.0522121523694208,1.0599999975880656,1.0508619919857702,1.0527167983073538,1.055853552568607,1.05319549398425,1.0533111376252688,1.0504569511305373,1.0544340634632428,1.055392911360892,1.0536703014793938,1.0550530756943612,1.0565096471880786,1.0522112791434974,1.05471701034625,1.051474589060059,1.0467076825699626,1.0461068741559185,1.0421416635356484,1.0394401614232895,1.0446890372722881,1.0439814124926414,1.0431012550187768,1.0467660291088523,1.0373968385637542,1.050577709464946,1.043950874536449,1.0436611922644443,1.0147822763888104,0.9996372883849405,1.0341167871844688
9.0,1.0414394482914446,1.0412974011964187,1.041603369900074,1.0536470126078326,1.051388971772316,1.0487912094423444,1.0467383406737218,1.03555712305913,1.059999988081981,1.0486716817712414,1.0437904140225271,1.04555792011008,1.0404181995796367,1.0446118786166296,1.0452139500506419,1.0449022405377892,1.056303825201309,1.0458033156537379,1.0445673601387901,1.040722027203597,1.0420946047483992,1.0470947483928665,1.0554276759831394,1.0521382580582868,1.0599999968707752,1.0263215909305374,1.047235157525178,1.0438680576812986,1.0425293890353136,1.03250153134958,1.0450497788600956,1.0466622655127213,1.048805618987316,1.056953628971643,1.053190060375204,1.052773161776493,1.0599999985805433,1.018257940611874,1.0418917097703055,1.037576661218546,1.0339154026284052,1.0390728803494222,1.0546038298584,1.0562851818438501,1.0483947358738912,1.0454929543897205,1.04766004095316,1.0545470520426103,1.0522639622768124,1.0462246968708129,1.0386881472695424,1.0353690242109226,1.035827194534443,1.0407600648850206,1.0403172891888035,1.0400128735783019,1.041026656589016,1.0384908695793338,1.0492066822428272,1.047428293456203,1.049822382833828,1.049417631814681,1.0195909560797292,1.0255618382365335,1.0160097308506808,1.0599999972856287,1.0522888209975352,1.0149571777579276,1.0599999970726819,1.0462415019703097,1.0468880684698272,1.047872109944323,1.0460000129581324,1.0386986877906288,1.0396289373778702,1.039734956598821,1.0533007153680136,1.0518728865306914,1.0550943796204844,1.059693030913205,1.0109044294060088,1.0591508461596,1.0599999822059105,1.0573530881206925,1.0585290347190677,1.055507266804254,1.0575369317886665,1.0523922563525716,1.0599999983321267,1.05087282106855,1.0527139730295592,1.0557136364456816,1.0531283151186297,1.0533831661148438,1.0505054341827091,1.0545395349131497,1.055571264176269,1.05403563547388,1.0553025479080669,1.0567492566192558,1.052099427872279,1.0545712786468742,1.0517405476794368,1.0469477133227407,1.046431070053088,1.0424119399665859,1.0396882470475177,1.044976223365954,1.0442590596831116,1.043356353669962,1.0470582897383796,1.0376954605267712,1.0505285642345845,1.043888263058993,1.0436000515728705,1.0150582686454594,0.9990884671872006,1.0333417419628612
9.083333333333334,1.0414394482914446,1.0413415000252106,1.0414443211742934,1.0536470126078326,1.05139983173503,1.0487912094423444,1.0467279704447292,1.03555712305913,1.0599999880819795,1.0486716817712414,1.043793064280905,1.04555792011008,1.0401429406673253,1.04460187681094,1.0452139500506419,1.0448248637100712,1.0563053221415695,1.0458033156537379,1.0445673601387901,1.0405633300384816,1.0417468141444184,1.0467515336970512,1.0553495463767018,1.0521382580582868,1.0599999968707752,1.0263215909305374,1.047235157525178,1.0438668504452104,1.0425648742135076,1.0324340276784376,1.0450497788600956,1.0466622655127213,1.0486918348084946,1.056953628971643,1.053173491356761,1.052773161776493,1.0599818631889255,1.0180892093579248,1.0417094195384604,1.037576661218546,1.0339024751434545,1.0390728803494222,1.0542314277249012,1.0556331848825617,1.047753192651105,1.0454929543897205,1.0476695720842772,1.0544055171998503,1.0522639622768124,1.0461632469429811,1.0384640449951883,1.0351116727530678,1.0356371459837488,1.0407600648850206,1.0403172891888035,1.0400128735783019,1.0408792909885685,1.038287735611148,1.0492066822428272,1.047381156480131,1.049822382833828,1.049417631814681,1.019556737689442,1.0255330105478615,1.0160097308506808,1.0599999972856287,1.0520908700965124,1.0149820069852546,1.0599999970726819,1.0462415019703097,1.0468828721789023,1.047872109944323,1.0460000129581324,1.0386986877906288,1.0393809610386175,1.039734956598821,1.0533007153680136,1.0518014028390825,1.0550126090288838,1.059693030913205,1.0108950207156622,1.0590689643610525,1.0599884833927433,1.0572627215554866,1.0585290347190677,1.0554978589116357,1.0575369317886665,1.0523148528188773,1.0599999983321267,1.05087282106855,1.0527139730295592,1.0557136364456816,1.0529765901841344,1.053237165569182,1.05036695906609,1.0544261482032524,1.0554771363997313,1.0539186732660912,1.0553025479080669,1.0567492566192558,1.052167700221373,1.0545673689233745,1.0517405476794368,1.0469477133227407,1.046431070053088,1.0423339334184496,1.0396882470475177,1.0449559009570513,1.0442393311184406,1.043356353669962,1.0470582897383796,1.0376954605267712,1.0505285642345845,1.0438411353001031,1.043550070970941,1.0150582686454594,0.9982080961102614,1.033090027377576
9.166666666666666,1.0414394482914446,1.041420778782147,1.0415440659931068,1.0536470126078326,1.0513957463383088,1.0487912094423444,1.0467290565206853,1.03555712305913,1.0599999880819795,1.0486716817712414,1.043880230743284,1.04555792011008,1.0402049373456583,1.0445625340388198,1.0452139500506419,1.0448434427996087,1.0562970219100487,1.0458033156537379,1.0445673601387901,1.040823521061589,1.0420496594538307,1.0469617881751938,1.0553814079946948,1.0521382580582868,1.0599999968707752,1.0263215909305374,1.047235157525178,1.0439480027389938,1.0426464220681775,1.0324609456403055,1.0450497788600956,1.0466622655127213,1.0487759710154643,1.056953628971643,1.0531629892185994,1.052773161776493,1.0599965497295654,1.0181581584809325,1.0418246561586306,1.037576661218546,1.033822543047675,1.0390728803494222,1.0542500167736455,1.0556197175477335,1.047783801321604,1.0454929543897205,1.047816107971062,1.0544966160528741,1.0522639622768124,1.0461348374708326,1.038497740871535,1.0351202420335817,1.035563058644895,1.0407600648850206,1.0403172891888035,1.0400128735783019,1.0409437903277965,1.0383049824548245,1.0492066822428272,1.0474157542685623,1.049822382833828,1.049417631814681,1.0195522404526818,1.025531189961179,1.0160097308506808,1.0599999972856287,1.0520827005075493,1.0149771250690038,1.0599999970726819,1.0462415019703097,1.0468850847547426,1.047872109944323,1.0460000129581324,1.0386986877906288,1.039530061096171,1.039734956598821,1.0533007153680136,1.0518417104890527,1.0550474782991062,1.059693030913205,1.0108980737248319,1.0592333920925652,1.0601597634757978,1.0573763994887262,1.0585290347190677,1.0554012522820364,1.0575369317886665,1.0523250355482083,1.0599999983321267,1.05087282106855,1.0527139730295592,1.0557136364456816,1.053026882739197,1.0532440109672565,1.0503378395330105,1.0544910383625332,1.0555178124979143,1.0538125390047333,1.0553025479080669,1.0567492566192558,1.0523250877561479,1.0546372057673359,1.0517405476794368,1.0469477133227407,1.046431070053088,1.0423450640865008,1.0396882470475177,1.0449742800444957,1.044263688800345,1.043356353669962,1.0470582897383796,1.0376954605267712,1.0505285642345845,1.0438583968697928,1.0435665121894846,1.0150582686454594,0.9987313538003052,1.0332493869850539
9.25,1.0413756457713186,1.0414999486988694,1.041662540117489,1.05432372754782,1.0519684921498456,1.049395000713817,1.0473061840259217,1.0358334927780906,1.0599999318983464,1.0485283312910034,1.044232260003186,1.046088260429832,1.0408285112329754,1.045131514453377,1.0457075512987726,1.045332791777395,1.0567145803653868,1.0462528007718879,1.0450131551307789,1.0407136530171994,1.041944359189079,1.0469622907511458,1.0554068950010345,1.0521176949730382,1.059999979112225,1.0262225998109087,1.047236319263345,1.0438004880009886,1.0425467138194946,1.032639279767879,1.045203858499366,1.0467586325612537,1.04900384687776,1.0568922740351547,1.0530310914519154,1.052606625815439,1.0599999888170395,1.0182463326472637,1.0420756255680133,1.0380862459592641,1.0343768256912491,1.0394110921959216,1.054152695763249,1.0554671598798322,1.047570592610522,1.0453338907120737,1.0474021038812749,1.0543481208397445,1.052206327400402,1.0460430721208875,1.0383156112234198,1.0349221539344495,1.0353475481734324,1.0404773136323118,1.0400309823442826,1.0396730446223184,1.0406507876548425,1.0381180575232374,1.049277624832777,1.047363825233617,1.049797575529008,1.0493045213240542,1.0196203077899562,1.0255861730637725,1.0160879369379816,1.0599999822529056,1.0522001731443282,1.015057695439588,1.05999998108117,1.046114769900732,1.0467558852581758,1.0477475323352952,1.0458621358247178,1.0378874685638604,1.0389906122404822,1.039207921302029,1.0534626952859505,1.0520015606823145,1.0552265307661797,1.059947504235321,1.0110588912089356,1.0590571758319096,1.0599634428150513,1.0575224930368423,1.0589095369953312,1.055892442903449,1.0579240201014,1.0524637876752216,1.059999988786383,1.0505692158781454,1.05250611800663,1.0555123897918788,1.052959912231443,1.053361979877588,1.0504823868515607,1.054521258844802,1.0556575539370086,1.0541020598370614,1.0554391120422484,1.0569535296235035,1.0519224258113753,1.054354012297366,1.0519091099034108,1.0470736632136486,1.0464639545643002,1.0423880099268112,1.0396540556922529,1.0449692512935027,1.044245690563933,1.0433968247511802,1.047173389419528,1.0376933984848347,1.0510040192519043,1.0439057372694165,1.0436073987384376,1.0151641221156942,0.9989051232630825,1.0326629119807418
9.333333333333334,1.0413756457713186,1.041253581906194,1.041519626479621,1.05432372754782,1.0519756916453828,1.049395000713817,1.0473004692850565,1.0358334927780906,1.0599999318983464,1.0485283312910034,1.043920162344322,1.046088260429832,1.04034988362232,1.0451375746521177,1.0457075512987726,1.0452680704859003,1.0567234463334638,1.0462528007718879,1.0450131551307789,1.0399973476571622,1.0411649146479534,1.0463306012378513,1.0552815573524545,1.0521176949730382,1.059999979112225,1.0262225998109087,1.047236319263345,1.0436359806142994,1.0423180558339669,1.0325482401805344,1.045203858499366,1.0467586325612537,1.0488125377011992,1.0568922740351547,1.0530203929895272,1.052606625815439,1.0599697125541965,1.018023119614883,1.0419052689970234,1.0380862459592641,1.0344046940701053,1.0394110921959216,1.0539325718366375,1.055138610124848,1.0472809205885087,1.0453338907120737,1.0469146833952556,1.0542171957771989,1.052206327400402,1.046009567323145,1.0380718858605813,1.0346765175500139,1.0352077022322879,1.0404773136323118,1.0400309823442826,1.0396730446223184,1.0405204997016622,1.0379147755865756,1.049277624832777,1.0472848621481379,1.049797575529008,1.0493045213240542,1.0195722170871315,1.0255472378500097,1.0160879369379816,1.0599999822529056,1.052033923503397,1.0150893713654068,1.05999998108117,1.046114769900732,1.0467485680515314,1.0477475323352952,1.0458621358247178,1.0378874685638604,1.0387165036240176,1.039207921302029,1.0534626952859505,1.0519003864955188,1.0551347873062942,1.059947504235321,1.0110396748554535,1.0587017116842943,1.0595736513638487,1.0573171922998186,1.0589095369953312,1.055932324035174,1.0579240201014,1.0524221091544164,1.059999988786383,1.0505692158781454,1.05250611800663,1.0555123897918788,1.05281495477213,1.0532081782841345,1.050326506012007,1.0543080305165655,1.0555175025856813,1.0540449829679857,1.0554391120422484,1.0569535296235035,1.0514465279979952,1.0541694250893234,1.0519091099034108,1.0470736632136486,1.0464639545643002,1.042332545273971,1.0396540556922529,1.0449367817424027,1.0442064302042904,1.0433968247511802,1.047173389419528,1.0376933984848344,1.0510040192519043,1.0438583195877695,1.0435604564641903,1.0151641221156942,0.9981097858704409,1.032400191078993
9.416666666666666,1.0413756457713186,1.041340477171155,1.041537376254576,1.05432372754782,1.0519721135234272,1.049395000713817,1.0473089790335322,1.0358334927780906,1.0599999318983464,1.0485283312910034,1.0440024689486262,1.046088260429832,1.0403348743356813,1.0450374483440426,1.0457075512987726,1.0453289986992276,1.0567233872822832,1.0462528007718879,1.0450131551307789,1.0401785011768083,1.0413177123776722,1.0464128029515039,1.0552808872543797,1.0521176949730382,1.059999979112225,1.0262225998109087,1.047236319263345,1.043782622096064,1.04242401753999,1.032574053926752,1.045203858499366,1.0467586325612537,1.0488902628715078,1.0568922740351547,1.0530207437743893,1.052606625815439,1.0599818496783087,1.018079073091265,1.0419303400212554,1.0380862459592641,1.034215062270534,1.0394110921959216,1.05406257596536,1.0552747693298092,1.0474152732685267,1.0453338907120737,1.0470669217724362,1.0542410809666392,1.052206327400402,1.0458712489460356,1.0381373348374554,1.0347613310386865,1.035232786300348,1.0404773136323118,1.0400309823442826,1.0396730446223184,1.040479078039668,1.0379304494894075,1.049277624832777,1.0473161372875495,1.049797575529008,1.0493045213240542,1.0195428038567285,1.0255298711009555,1.0160879369379816,1.0599999822529056,1.051973015891741,1.015087619884337,1.05999998108117,1.046114769900732,1.0467507498092057,1.0477475323352952,1.0458621358247178,1.0378874685638604,1.0387637253308142,1.039207921302029,1.0534626952859505,1.051948414883949,1.0551952130914561,1.059947504235321,1.0110487750058008,1.058960630949343,1.059810231614217,1.0574061843353315,1.0589095369953312,1.0557063407677307,1.0579240201014,1.0524864040272932,1.059999988786383,1.0505692158781454,1.05250611800663,1.0555123897918788,1.0527818539953209,1.0531340226338244,1.0501576140326587,1.0543469734540218,1.055563645603207,1.0540331144526802,1.0554391120422484,1.0569535296235035,1.0516085360066447,1.0542267048616927,1.0519091099034108,1.0470736632136486,1.0464639545643002,1.0423896898004537,1.0396540556922529,1.0449753519819738,1.0442587832997732,1.0433968247511802,1.047173389419528,1.0376933984848347,1.0510040192519043,1.0438941656595908,1.043598895869715,1.0151641221156942,0.9982086169989584,1.0324499828277536
9.5,1.0408718043189804,1.0414532724846843,1.0412285744943526,1.055121386829546,1.0526241263337037,1.0500498972568149,1.0478970688157372,1.0361221824205467,1.0599999518265089,1.0484458240151293,1.0445815779227614,1.0465636979289172,1.0409317535508116,1.0454954747143343,1.0460664499812724,1.0457564202464604,1.057061343061849,1.046626068717059,1.0453167457100851,1.040216769549786,1.041140902594118,1.0462999528604902,1.05524769048471,1.0520330863546743,1.0599999829323659,1.0261508992722541,1.0472272339978603,1.0436412072772865,1.0423990570667605,1.0327300429779136,1.0452097660458797,1.0467587873117286,1.0490997155263948,1.0568888402213164,1.0530033078870236,1.0525725959666146,1.059999989778415,1.018205346973406,1.0416335904553238,1.0380234425942667,1.0341812109293285,1.0393844153665432,1.054015563974466,1.0551519300667738,1.0472049195658644,1.0451830181751234,1.0470788523208325,1.0539652863752982,1.0521706009829286,1.045710465517399,1.0380137856471943,1.034637896015858,1.0351226444554444,1.0402973670750453,1.039820052000095,1.039381480582196,1.040065079876952,1.0377518116985542,1.0494212444193727,1.0474749674954775,1.0499680384038448,1.049401322929169,1.019740105041781,1.0257400791548386,1.0162934202258773,1.0599999850901511,1.0520658858852268,1.0153053066344875,1.0599999833196734,1.04583691308717,1.0464833446730686,1.0475436907758713,1.0455830861029562,1.0360989342654443,1.037305601812811,1.0372839946752832,1.0533575528477315,1.0518728641928732,1.05514227434097,1.0599997154141456,1.0112399474944,1.0585605702964276,1.0594991484882192,1.0572330333190871,1.0590219817990174,1.055859081494189,1.0580723812894985,1.0524987635209768,1.0599999900468042,1.0504320338716617,1.0523522414424447,1.0550744411061215,1.0523345839378577,1.052916908284299,1.0499355748456949,1.0540895305770246,1.055459963660592,1.0541606873847043,1.0554632701149558,1.0570109913192975,1.051440976991842,1.053833880651876,1.0518623900380613,1.0469886195563467,1.0463202671394731,1.0422835953336933,1.0395739492356206,1.0447039673918714,1.0439370206983858,1.0430550926183801,1.0469377768083468,1.0371237921826089,1.0513951987279528,1.043887248769049,1.0435904365791904,1.0154655109341488,0.997467821341183,1.0305834898467068
9.583333333333334,1.0408718043189804,1.041327761910189,1.0411539392360776,1.055121386829546,1.052633306396249,1.0500498972568149,1.047878886790814,1.0361221824205467,1.059999951826509,1.0484458240151293,1.0444102553599046,1.0465636979289172,1.0405983412643756,1.045471676180367,1.0460664499812724,1.0456272294979798,1.0570666029816755,1.046626068717059,1.0453167457100851,1.039816312180264,1.0406842877503315,1.0459028176501326,1.0551597765412848,1.0520330863546743,1.0599999829323659,1.0261508992722541,1.0472272339978603,1.0434912108359138,1.0422665464903211,1.0326606769520632,1.0452097660458797,1.0467587873117286,1.0489268202591802,1.0568888402213164,1.0530037186966439,1.0525725959666146,1.0599814900344335,1.018035141221404,1.0415402586377864,1.0380234425942667,1.0341487048583655,1.0393844153665432,1.0538205359490849,1.0550850223311496,1.0472034906715866,1.0451830181751234,1.0468120315445288,1.053894219533321,1.0521706009829286,1.0456555406422658,1.0377634086960614,1.0343604729266893,1.0350249018102347,1.0402973670750453,1.039820052000095,1.039381480582196,1.0399786458839761,1.0375543417227118,1.0494212444193727,1.0474010269609377,1.0499680384038448,1.049401322929169,1.0196966083408707,1.0257063764930716,1.0162934202258773,1.0599999850901511,1.0519237300995747,1.0153284725072165,1.0599999833196734,1.04583691308717,1.046477750185201,1.0475436907758713,1.0455830861029562,1.0360989342654443,1.0371398550199116,1.0372839946752832,1.0533575528477315,1.0517633547341754,1.055009340338681,1.0599997154141456,1.0112279706562484,1.0581772322954413,1.059161656183564,1.0570812151961002,1.0590219817990174,1.055825345437495,1.0580723812894985,1.0523561277791196,1.0599999900468042,1.0504320338716617,1.0523522414424447,1.0550744411061215,1.0521988280716361,1.052728612212556,1.049686117006247,1.0538144856230407,1.0552604513368646,1.0541829610509916,1.0554632701149558,1.0570109913192975,1.0511972206411582,1.0537376937723617,1.0518623900380613,1.0469886195563467,1.0463202671394731,1.0421523034618818,1.0395739492356206,1.0446689040927453,1.0438886213996978,1.0430550926183801,1.0469377768083468,1.0371237921826089,1.0513951987279528,1.0438087194967534,1.0435065195281839,1.0154655109341488,0.9970902304272161,1.0304255153115336
9.666666666666666,1.0408718043189804,1.0412405485033107,1.041443649738172,1.055121386829546,1.0526304914390177,1.0500498972568149,1.0478596572714063,1.0361221824205467,1.0599999518265089,1.0484458240151293,1.0442947100255513,1.0465636979289172,1.0403792911560243,1.0454946446529119,1.0460664499812724,1.0455292636603848,1.0570615975932485,1.046626068717059,1.0453167457100851,1.0398878076898286,1.0409679428918723,1.0460584825576715,1.0551862572335606,1.0520330863546743,1.0599999829323659,1.0261508992722541,1.0472272339978603,1.0434730909277365,1.0421949272162305,1.0326626166823107,1.0452097660458797,1.0467587873117286,1.048877289455607,1.0568888402213164,1.052995071679168,1.0525725959666146,1.0600013105696693,1.0180473002466035,1.0418599410356926,1.0380234425942667,1.0341821000359601,1.0393844153665432,1.0536436362582755,1.0549735255274515,1.047181914713655,1.0451830181751234,1.0466653959553358,1.0541449771207811,1.0521706009829286,1.045770378672759,1.037581016051808,1.0341140340701251,1.0348484261284687,1.0402973670750453,1.039820052000095,1.039381480582196,1.0402387955710286,1.0374139263005995,1.0494212444193727,1.0473737708881143,1.0499680384038448,1.049401322929169,1.0196964018768315,1.0257037155680104,1.0162934202258773,1.0599999850901511,1.051827214540732,1.0153297618838704,1.0599999833196734,1.04583691308717,1.0464781446048816,1.0475436907758713,1.0455830861029562,1.0360989342654443,1.0374908255715012,1.0372839946752832,1.0533575528477315,1.0517063575459964,1.054917126855279,1.0599997154141456,1.0112123482347062,1.0581759060814528,1.0591387197304603,1.0572411498439773,1.0590219817990174,1.0558634633677249,1.0580723812894985,1.052218886613097,1.0599999900468042,1.0504320338716617,1.0523522414424447,1.0550744411061215,1.0523433230874986,1.0527337630511038,1.0497064916741845,1.0537993655440556,1.055202285246353,1.0540788088771744,1.0554632701149558,1.0570109913192975,1.0510620153504981,1.0537415362318876,1.0518623900380613,1.0469886195563467,1.0463202671394731,1.0420283434613251,1.0395739492356206,1.044672304751483,1.0438944090306157,1.0430550926183801,1.0469377768083468,1.0371237921826089,1.0513951987279528,1.0437491708114295,1.0434398563515705,1.0154655109341488,0.9984825431551657,1.0308394679435249
9.75,1.0407017397848033,1.0415459208600655,1.0413639944890964,1.0558276355764529,1.0532386299372893,1.0506337903896386,1.0484280360397127,1.0364634805896225,1.0599999629977999,1.0482861776354875,1.0449150913677687,1.04711123792482,1.04100001781802,1.0460762560336463,1.0466073816917258,1.0460442316248622,1.0575602667194288,1.0472516950518338,1.0458671882823276,1.0401776565005307,1.0410092819895889,1.0460877551172725,1.0552055418975803,1.051956934442186,1.0599999856215,1.0260191595398078,1.0473298553304595,1.043527143522105,1.042327505569686,1.0328766819768271,1.0453375607071431,1.0469179401422928,1.0491352620240477,1.0567958408223375,1.052924757896658,1.0524883012536326,1.0599999894062704,1.0181440082401345,1.0419767054103009,1.0385715928524615,1.0347097564680732,1.0396238234955255,1.0534500320160378,1.054674142590844,1.0468324615368398,1.0449936481431399,1.0466428277126365,1.0538179207974174,1.0520483828396643,1.0455702699238214,1.0373232212184247,1.033848674932728,1.0346055154337699,1.040071752284649,1.0395460236593965,1.039027166260043,1.039793714377187,1.0371179450829426,1.0495520868099157,1.0472798082361432,1.0498938785596628,1.0492227610408087,1.0197866215026257,1.025745511833594,1.0163291626583066,1.0599999876700543,1.0517551407745185,1.0153375883166964,1.0599999853456517,1.0455129981563318,1.0461692627706172,1.047338611582042,1.0452583993671234,1.0347982176095614,1.036388814995802,1.035982124671812,1.0532101334039883,1.051562246142843,1.0547931163711641,1.0599998496340408,1.011254868474801,1.0578546816810992,1.058849504449932,1.0569767141541198,1.058964708454063,1.0558850593192601,1.0580339371011198,1.0521433260051742,1.0599999907888795,1.0503806897666152,1.0522266199829284,1.0546265246106916,1.0518798261663613,1.052470216228507,1.0494820165981862,1.0535273695773555,1.0550604655024254,1.0540649811304552,1.0554165572196355,1.0569498999599012,1.050861313602234,1.0533359619609939,1.0516309562161308,1.0467408623496068,1.0457912086754597,1.041567316073981,1.0391500515245797,1.0440667996066544,1.0432600505941503,1.0424023820751636,1.0463966794021398,1.0361802356079526,1.0519960462961633,1.0438686374055288,1.0435541835728297,1.015504258318748,0.9979620982641857,1.029481922983081
9.833333333333334,1.0407017397848033,1.0416126976269309,1.0411140299862975,1.0558276355764529,1.0532469451746744,1.0506337903896386,1.0484245566331025,1.0364634805896225,1.0599999629977996,1.0482861776354875,1.0449511771956534,1.04711123792482,1.0408095494577274,1.0460106957486355,1.0466073816917258,1.0460030690559552,1.057561640493906,1.0472516950518338,1.0458671882823276,1.0399995947674843,1.0405845902221436,1.0457121134504979,1.055119877859024,1.051956934442186,1.0599999856215,1.0260191595398078,1.0473298553304595,1.0435658017056186,1.0423922104685923,1.0328249161961323,1.0453375607071431,1.0469179401422928,1.0490541906423787,1.0567958408223375,1.052921298998077,1.0524883012536326,1.0599784912581192,1.018007944834604,1.0416957492841377,1.0385715928524615,1.034598087944445,1.0396238234955255,1.0533273081705405,1.0545075779488082,1.0466786553502465,1.0449936481431399,1.0467047717038502,1.0536024754665752,1.0520483828396643,1.045406826615327,1.0372019293416253,1.0337315607038893,1.034556933104784,1.040071752284649,1.0395460236593965,1.039027166260043,1.0395396364191063,1.0369900070377749,1.0495520868099155,1.047248033069633,1.0498938785596628,1.0492227610408087,1.0197454769607879,1.025715005502857,1.0163291626583066,1.0599999876700543,1.0515997916377295,1.0153564298884898,1.0599999853456517,1.0455129981563318,1.0461656288051027,1.047338611582042,1.0452583993671234,1.0347982176095614,1.0360353902045614,1.035982124671812,1.0532101334039883,1.0515202046440137,1.054750539638152,1.0599998496340408,1.0112576522203731,1.0578159043910953,1.058858668545445,1.0568392890199865,1.058964708454063,1.055757768084794,1.0580339371011198,1.0521093791867924,1.0599999907888795,1.0503806897666152,1.0522266199829284,1.0546265246106916,1.0516557656662935,1.0522786051579927,1.0492300082046857,1.0533855675654955,1.0549723908190054,1.0540637861931443,1.0554165572196355,1.0569498999599012,1.0509598026358025,1.0533255517590996,1.0516309562161308,1.0467408623496068,1.0457912086754597,1.0415344773392912,1.0391500515245797,1.0440664250862015,1.0432614233313156,1.0424023820751636,1.0463966794021398,1.0361802356079526,1.0519960462961633,1.0438452204927562,1.0435301708288265,1.015504258318748,0.9967969093921161,1.0290890147844296
9.916666666666666,1.0407017397848033,1.0416281219013714,1.0410135500703246,1.0558276355764529,1.0532536941850392,1.0506337903896386,1.0484337564592072,1.0364634805896225,1.0599999629977996,1.0482861776354875,1.044979170996002,1.04711123792482,1.040892529073923,1.0460063905312045,1.0466073816917258,1.0460464968205456,1.0575662507988506,1.0472516950518338,1.0458671882823276,1.0399263230749243,1.0404316276032455,1.0456116109843745,1.0550918158226688,1.051956934442186,1.0599999856215,1.0260191595398078,1.0473298553304595,1.043421168341234,1.0423654015003618,1.0327947569936897,1.0453375607071431,1.0469179401422928,1.0490160603318142,1.0567958408223375,1.0529139926965192,1.0524883012536326,1.0599625362111107,1.0179388022768336,1.0415784471373324,1.0385715928524615,1.0345961601167057,1.0396238234955255,1.0533068037477364,1.0543232944426784,1.0464716137955505,1.0449936481431399,1.0467018507702421,1.053507743441083,1.0520483828396643,1.0453675346209683,1.037211601558209,1.0337602690144378,1.034540022274446,1.040071752284649,1.0395460236593965,1.039027166260043,1.039442810374357,1.0370120373728609,1.0495520868099157,1.0472350729333546,1.0498938785596628,1.0492227610408087,1.01972681763713,1.025701084385048,1.0163291626583066,1.0599999876700543,1.0516439466457155,1.0153659368763424,1.0599999853456517,1.0455129981563318,1.0461618197533493,1.047338611582042,1.0452583993671234,1.0347982176095614,1.0358955003594204,1.035982124671812,1.0532101334039883,1.0515164734404285,1.054773119840196,1.0599998496340408,1.0112577103944853,1.057479443954816,1.0586286927401092,1.056705315664149,1.058964708454063,1.0557575024454509,1.0580339371011198,1.0521800200137568,1.0599999907888795,1.0503806897666152,1.0522266199829284,1.0546265246106916,1.0515793756303329,1.0522268405709565,1.0491382657960104,1.0532447145143713,1.0549195718228797,1.054023753860494,1.0554165572196355,1.0569498999599012,1.0509819651469927,1.0533155926362734,1.0516309562161308,1.0467408623496068,1.0457912086754597,1.0415914058945828,1.0391500515245797,1.044014923162893,1.0431911596974763,1.0424023820751636,1.0463966794021398,1.0361802356079526,1.0519960462961633,1.0438644217908475,1.0435540133140346,1.015504258318748,0.9961243692581563,1.0289480027342444
10.0,1.0393191549610061,1.041245122248079,1.0404080916638865,1.0566049815508132,1.0538592161997924,1.051303804151236,1.0490346516205984,1.0367460178381593,1.0599999658282484,1.048202996573973,1.045354529892264,1.0475756907828002,1.0412098460009471,1.0464394894771307,1.0469057896542702,1.046500302682806,1.0578429149638968,1.0474857501927446,1.0460055665848986,1.0397575283547822,1.0402946817807137,1.0455062362230225,1.0550783512094757,1.0519236018465923,1.0599999856314515,1.0259613829332055,1.0472696699721953,1.0431314837334256,1.0421657225557397,1.0329490831723227,1.045319174379367,1.0469035974911536,1.0493359300718472,1.0567989126411745,1.0528761269623368,1.052431116039665,1.0599999886392988,1.0181102794558698,1.0415551585877898,1.038507658808172,1.0345806595296227,1.0396899567294873,1.0533117547660595,1.0541528035531917,1.0461908667907518,1.0446223135992805,1.0463801490804285,1.0533731299613447,1.0519822933785017,1.045237836637275,1.0371159991815337,1.0336580333545058,1.0343513155200172,1.0397917447428404,1.0391859749599457,1.0386849112892964,1.0391894954329808,1.0367974270187754,1.049717056826505,1.0474527740428583,1.0500601326335204,1.0493195426247797,1.019921992080179,1.0259111300748294,1.016548554588505,1.059999987949928,1.0516582614481396,1.0155452347992455,1.0599999848100612,1.045301984617933,1.0459447235767008,1.0471709981003283,1.0450119717919055,1.033534060267272,1.0350296817329037,1.034364538918004,1.0530893826002585,1.0514959497252048,1.0547712742964908,1.0599999199264678,1.0113909247044603,1.0569078961560727,1.058080644861087,1.0564879497524309,1.0589149817847185,1.0557398330811942,1.0580202962902054,1.0521921664734388,1.0599999903869126,1.0501336031874597,1.0519667500575525,1.0543158432536512,1.0513150379353637,1.0520108185010317,1.0489179869105636,1.0530001118209102,1.0548137751339657,1.054033630527984,1.0553203760397691,1.0568931920450213,1.0505439459484487,1.0529596024737526,1.0515355882824016,1.046627481096406,1.0456850541069242,1.0415363037266558,1.039054895191825,1.0437798476296973,1.042907958699515,1.0421437099014736,1.0462323691253486,1.035740372854209,1.0523181898939054,1.043871700226098,1.0435580590306208,1.015747680316987,0.9964949283467551,1.0277288971503156
10.083333333333334,1.0393191549610061,1.0411956063703667,1.0404059474751761,1.0566049815508132,1.0536697721702433,1.051303804151236,1.0490189065105078,1.0367460178381593,1.0599999658282442,1.048202996573973,1.0452676970327939,1.0475756907828002,1.0408056450377563,1.0465135955605709,1.0469057896542702,1.0466873270345682,1.0578483095760014,1.0474857501927446,1.0460055665848986,1.039842994670518,1.0404835349513397,1.0456425632049826,1.0551906248520968,1.0519236018465923,1.0599999856314515,1.0259613829332055,1.0472696699721953,1.0431039009419039,1.0421155531033115,1.0331231266496155,1.045319174379367,1.0469035974911536,1.0493280539977512,1.0567989126411745,1.052875813363688,1.052431116039665,1.060092918131466,1.0185407087681122,1.0416431859736273,1.038507658808172,1.0346363891192851,1.0396899567294873,1.0535600780656849,1.0544114504168351,1.046400087393602,1.0446223135992805,1.046388354462572,1.0534502001939365,1.0519822933785017,1.0452830569315028,1.0369673259822565,1.03351992929524,1.0341936255580984,1.0397917447428404,1.0391859749599457,1.0386849112892964,1.0392633226153596,1.0366163236479549,1.049717056826505,1.0474288388129425,1.0500601326335204,1.0493195426247797,1.0199224883997469,1.0259080908175804,1.016548554588505,1.059999987949928,1.051404192696119,1.0155033907209157,1.0599999848100612,1.045301984617933,1.0459546851361483,1.0471709981003283,1.0450119717919055,1.033534060267272,1.0351800204878465,1.034364538918004,1.0530893826002585,1.0514786112969186,1.0547722576657055,1.0599999199264678,1.0113043194515732,1.0568767397323304,1.0580573675535812,1.0565300913393225,1.0589149817847185,1.0557814662616896,1.0580202962902054,1.0522401328584536,1.0599999903869128,1.0501336031874597,1.0519667500575525,1.0543158432536512,1.0513093497972155,1.0519214991185788,1.0488813383835511,1.052970655914356,1.0548053158264508,1.0538918209344412,1.0553203760397691,1.0568931920450213,1.0504742929884443,1.0529499827173023,1.0515355882824016,1.046627481096406,1.0456850541069242,1.041562945351518,1.039054895191825,1.0437675938495647,1.0428973868622877,1.0421437099014736,1.0462323691253486,1.035740372854209,1.0523181898939054,1.043877674091652,1.043567683776764,1.015747680316987,1.0226828475718313,1.0278624082959187
10.166666666666666,1.0393191549610061,1.0409105242295402,1.0403548222067547,1.0566049815508132,1.0536743916826887,1.051303804151236,1.049014904162058,1.0367460178381593,1.059999965828244,1.048202996573973,1.0449420592212297,1.0475756907828002,1.040475376887808,1.0465136210581443,1.0469057896542702,1.0466490360164025,1.0578672850545363,1.0474857501927446,1.0460055665848986,1.0391741933843732,1.0398534228532432,1.045159469766277,1.055090099493328,1.0519236018465923,1.0599999856314515,1.0259613829332055,1.0472696699721953,1.04285542125667,1.0418313851814964,1.03306405018929,1.045319174379367,1.0469035974911536,1.0492880593239255,1.0567989126411745,1.0528620599141285,1.052431116039665,1.060078425231083,1.0183797509552515,1.0415813765767177,1.038507658808172,1.0346337984592793,1.0396899567294873,1.0532138795568602,1.053712740245305,1.0456701800571888,1.0446223135992805,1.0458381124007612,1.0533939966338015,1.0519822933785017,1.0452429024568783,1.0368240298184015,1.0333399497182805,1.034044005003351,1.0397917447428404,1.0391859749599457,1.0386849112892964,1.039190542140612,1.036510131974413,1.049717056826505,1.0474106299234271,1.0500601326335204,1.0493195426247797,1.0198552155384426,1.0258596357645653,1.016548554588505,1.059999987949928,1.0513443015333195,1.015539546165024,1.0599999848100612,1.045301984617933,1.0459505021134103,1.0471709981003283,1.0450119717919055,1.033534060267272,1.0350156734082154,1.034364538918004,1.0530893826002585,1.0514448965949053,1.0547355775018934,1.0599999199264678,1.0112777573109362,1.0564251580761226,1.0575967327361926,1.0563565087732325,1.0589149817847185,1.0557840177414106,1.0580202962902054,1.0522160552585982,1.0599999903869126,1.0501336031874597,1.0519667500575525,1.0543158432536512,1.0512563345658237,1.0518458528838535,1.0487729391939897,1.0528210628944816,1.0546950098598955,1.0537779060754404,1.0553203760397691,1.0568931920450213,1.0499421871628487,1.0527646282892513,1.0515355882824016,1.046627481096406,1.0456850541069242,1.041515855353069,1.039054895191825,1.043703180147331,1.0428204657559728,1.0421437099014736,1.0462323691253486,1.035740372854209,1.0523181898939054,1.043856270136743,1.0435445775177832,1.015747680316987,1.0223005253236306,1.0277265656963233
10.25,1.0344807910785574,1.0369517873274667,1.035844287405158,1.0518725646274192,1.0498899486358009,1.0471895412761332,1.0452488666171613,1.0362538471298688,1.059999973646144,1.048702220694467,1.0412868301038423,1.0444455444813237,1.0373382981657189,1.0439365746426748,1.0459618831232584,1.0440522598585418,1.0569535126546483,1.046583762516998,1.0452529876983365,1.0379146337407876,1.03852445529138,1.043993849753162,1.0543137269305733,1.0509286055602973,1.0599999905285833,1.0263229260892492,1.0463261368992518,1.0416314204268835,1.0403969937997044,1.032571914350816,1.0439780972888544,1.0459110807263445,1.0488064716994172,1.0566449857626086,1.0525838940381762,1.0521347191485322,1.05999998697636,1.0180878733913399,1.0424211570655353,1.0401500824460086,1.0360625187881125,1.0406203258487319,1.0527897331889253,1.0533594430244264,1.0454749283858142,1.0445655341608702,1.0455719251742681,1.0532254310000984,1.0519799939163272,1.044960407709404,1.0363039128475786,1.032686367904751,1.0333423598998515,1.039253553675698,1.0386050897681727,1.0378592319866675,1.0384631544854233,1.03583701674907,1.0500563893005745,1.0476055165503666,1.050245656048577,1.0493397479282245,1.0200690707280378,1.026012190713027,1.016537288036144,1.0599999929577069,1.051298280101264,1.0154224787558712,1.0599999909188969,1.0453131923809797,1.0458638014831774,1.0466363550892486,1.0449159055886377,1.0306019899938403,1.0330100546747967,1.031870540851225,1.0529377292394424,1.0513162017590085,1.0545707066667314,1.0599999564012315,1.0112586304311288,1.0558077988607169,1.0568314877909941,1.055658659756222,1.0584166278957003,1.0552737242887136,1.0575689187424846,1.0517988184842244,1.059999993740989,1.0496463688288953,1.0514100781522602,1.0531305901254353,1.0502239343407647,1.051133335158956,1.0481036538860828,1.052256910805345,1.0543564189568935,1.0535135980237695,1.0550020003197365,1.05656481492086,1.0489087824241337,1.0515907784523337,1.0509067154630847,1.046003785279417,1.0448218820962831,1.0405495996583447,1.0380545812369977,1.0425733675347792,1.0415815252759382,1.0406609124920974,1.0449241497931723,1.033788455651643,1.0514072111753396,1.0428273479888661,1.0425068810414932,1.015587163536385,1.0187827823216242,1.0253683589537768
10.333333333333334,1.0344807910785574,1.0370723409263876,1.0357476593419845,1.0518725646274192,1.0499069609736038,1.0471895412761332,1.0452509939109904,1.0362538471298688,1.0599999736461438,1.048702220694467,1.0413719839075855,1.0444455444813237,1.0370910773953823,1.0439428046529562,1.0459618831232584,1.044065996702432,1.056970498364161,1.046583762516998,1.0452529876983365,1.037953783381083,1.038375548600104,1.0437735483387447,1.0542606301341209,1.0509286055602973,1.0599999905285833,1.0263229260892492,1.0463261368992518,1.0415081879235575,1.0404602548319515,1.0325198898469947,1.0439780972888544,1.0459110807263445,1.048612640746457,1.0566449857626086,1.0525875865638585,1.0521347191485322,1.0599862382000795,1.017948490843485,1.0423027638206603,1.0401500824460086,1.036072775221205,1.0406203258487319,1.0527046810614977,1.0531491557577073,1.0452122861042124,1.0445655341608702,1.0457160666003247,1.053133372185258,1.0519799939163272,1.0449378619277154,1.03611587349624,1.0325541351070724,1.0333227215407546,1.039253553675698,1.0386050897681727,1.0378592319866675,1.0383781020850213,1.035644714510188,1.0500563893005745,1.0475192932089075,1.050245656048577,1.0493397479282245,1.020044238623174,1.0259897343297462,1.016537288036144,1.0599999929577069,1.0510748242134706,1.0154408806667279,1.0599999909188969,1.0453131923809797,1.045859135250111,1.0466363550892486,1.0449159055886377,1.0306019899938403,1.032837785019875,1.031870540851225,1.0529377292394424,1.0512229963650563,1.0545089854987635,1.0599999564012315,1.011255792398072,1.0553944663636023,1.0566266751053262,1.0555360669986107,1.0584166278957003,1.0552895736882275,1.0575689187424846,1.0518199489817783,1.059999993740989,1.0496463688288953,1.0514100781522602,1.0531305901254353,1.0500504919867233,1.0509024315003774,1.0478470998141791,1.0519480376579444,1.054196810281342,1.0535566908791283,1.0550020003197365,1.05656481492086,1.0491284784019232,1.051646580104176,1.0509067154630847,1.046003785279417,1.0448218820962831,1.0405604044939794,1.0380545812369977,1.0425086136451942,1.0414955084016098,1.0406609124920974,1.0449241497931723,1.033788455651643,1.0514072111753396,1.0428023810611435,1.0424870024714123,1.015587163536385,1.0183027698213218,1.0251723166505424
10.416666666666666,1.0344807910785574,1.0369236257075998,1.0357308572153845,1.0518725646274192,1.0499004121328288,1.0471895412761332,1.0452734644137442,1.0362538471298688,1.059999973646144,1.048702220694467,1.0411921782969313,1.0444455444813237,1.0368705946299113,1.0438514117338855,1.0459618831232584,1.0441984749509643,1.0569798830088417,1.046583762516998,1.0452529876983365,1.0376155006959353,1.0380660731422269,1.0435243793813351,1.0541948846867644,1.0509286055602973,1.0599999905285833,1.0263229260892492,1.0463261368992518,1.0415521990879042,1.040358138891995,1.0325040425885625,1.0439780972888544,1.0459110807263445,1.048617273681385,1.0566449857626086,1.052572826199339,1.0521347191485322,1.059981354069443,1.0179022138479652,1.0422840475950725,1.0401500824460086,1.0359052716190285,1.0406203258487319,1.0527619085153888,1.0528974188904365,1.0449300871917857,1.0445655341608702,1.045427146999085,1.0531239379596098,1.0519799939163272,1.0447914084360113,1.0361369045161735,1.0326211954842732,1.0332632706606406,1.039253553675698,1.0386050897681727,1.0378592319866675,1.038298045938794,1.0356332232227266,1.0500563893005745,1.0475213660088718,1.050245656048577,1.0493397479282245,1.0199773435781032,1.0259435835482835,1.016537288036144,1.0599999929577069,1.0510112448341218,1.0154571962841652,1.0599999909188969,1.0453131923809797,1.0458577187300595,1.0466363550892486,1.0449159055886377,1.0306019899938403,1.0327883414955008,1.031870540851225,1.0529377292394424,1.0512537116690739,1.0545968134306307,1.0599999564012315,1.0112496701725275,1.0555094317979088,1.056629855508356,1.055533477984836,1.0584166278957003,1.0550921092333156,1.0575689187424846,1.0520023810898296,1.059999993740989,1.0496463688288953,1.0514100781522602,1.0531305901254353,1.0500109900394876,1.0508305309250374,1.0476838358201228,1.051958027194589,1.0542530872311602,1.0534314966892568,1.0550020003197365,1.05656481492086,1.0488475397409769,1.051550923230645,1.0509067154630847,1.046003785279417,1.0448218820962831,1.040698744719051,1.0380545812369977,1.0425312576321453,1.0415340507901762,1.0406609124920974,1.0449241497931723,1.033788455651643,1.0514072111753396,1.0428646787106892,1.0425594925541457,1.015587163536385,1.0183216013964462,1.0251538382848657
10.5,1.034221453839045,1.0369882491822016,1.0357302545869556,1.0523726393168116,1.0503232468355137,1.0476198201765037,1.0456636195560536,1.0364794589578215,1.0599998717608388,1.0486975633238202,1.0414964678900303,1.0448024738863286,1.0370384438257423,1.0441479997593353,1.0462286578095747,1.044442386188533,1.0572145472372718,1.0468605877498283,1.0454925371814048,1.0376514013664508,1.0380558598250642,1.043463482525072,1.0541393151828249,1.0508514821661483,1.0599999508136866,1.0262843585828845,1.0461892288348038,1.0413454237785238,1.0401300912503486,1.032611385310965,1.0438018272747112,1.0457750265091605,1.048825570662611,1.0566428818468983,1.052504539226899,1.0520503475097525,1.0599999240205704,1.0180224456036369,1.042175423904172,1.0399890069266549,1.0356724935917871,1.0404581526213807,1.0526271566107848,1.0527836163889122,1.0448104522532295,1.044339000934885,1.045248402938111,1.0529373352625997,1.0518160906343759,1.0445046575211976,1.0357871997567318,1.0322113311231602,1.0328759049943774,1.0389001957319066,1.0382131657623628,1.0374313030826312,1.0379249124036778,1.0352140055806642,1.0499897609180953,1.047513626286036,1.0502325615119545,1.049235268484971,1.0199984851188837,1.0260038864947538,1.0166725479230874,1.059999960675666,1.0508695802252677,1.0155409483137054,1.0599999519687613,1.0451766987151416,1.045718429773448,1.0464869222052549,1.04476397153957,1.02949593742181,1.0319376901112869,1.0298959994046588,1.0527835521433777,1.0511357439953384,1.0544624583369198,1.0599998278944631,1.0113386025530218,1.0552540049089876,1.0563482959169512,1.0554003111346852,1.05837548556224,1.0549732241538492,1.0575380902407765,1.0518465684771239,1.0599999669693978,1.0494133015963523,1.051218000760245,1.0528076506348993,1.049712843914618,1.0505842909795176,1.047386440958082,1.0517224776158973,1.0541045513404497,1.0534478570392878,1.0549682073744806,1.0566013833381147,1.0486083320807706,1.051249287544207,1.050780959356829,1.0458422026038456,1.044600699862455,1.040428224703192,1.0378630883703928,1.0421927893289475,1.0411478531012908,1.0401742983335098,1.0445655621050314,1.0328260858650147,1.051702020055053,1.042698073889686,1.0423849325802284,1.0157200303026712,1.0186539262064382,1.0237651624845163
10.583333333333334,1.034221453839045,1.0369486040601672,1.0357840709008057,1.0523726393168116,1.0503433257884982,1.0476198201765037,1.0456494621333143,1.0364794589578215,1.0599998717608388,1.0486975633238202,1.0413720374560531,1.0448024738863286,1.0364147335172305,1.0442075153272996,1.0462286578095747,1.044361921336728,1.0572467076349512,1.0468605877498283,1.0454925371814048,1.0374427574882203,1.0377739725831148,1.0430713988658622,1.0540491888030632,1.0508514821661483,1.0599999508136866,1.0262843585828845,1.0461892288348038,1.0410471085554762,1.0400233680503634,1.0325110875058752,1.0438018272747112,1.0457750265091605,1.0485908868658176,1.0566428818468983,1.0525124615039978,1.0520503475097525,1.0599887798231413,1.0177581119385617,1.0422183309739819,1.0399890069266549,1.0357776100040645,1.0404581526213807,1.0521239243642382,1.0518800525215297,1.04376173597964,1.044339000934885,1.0450640075229323,1.0529646403252928,1.0518160906343759,1.0445907673977868,1.0354281712535363,1.0318711555485807,1.032788060205391,1.0389001957319066,1.0382131657623628,1.0374313030826312,1.0379846906932257,1.0348645792826894,1.0499897609180953,1.0474082581005584,1.0502325615119545,1.049235268484971,1.019948325985797,1.0259622079196313,1.0166725479230874,1.059999960675666,1.0504942202894936,1.0155752946846426,1.0599999519687613,1.0451766987151416,1.0457086960435806,1.0464869222052549,1.04476397153957,1.02949593742181,1.0318784723170167,1.0298959994046588,1.0527835521433777,1.0509950252229487,1.054322375263654,1.0599998278944631,1.01130476248476,1.0545448658370649,1.0558881428936224,1.0552865763759904,1.05837548556224,1.0551062346495597,1.0575380902407765,1.0517597416569142,1.0599999669693978,1.0494133015963523,1.051218000760245,1.0528076506348993,1.0496095663678335,1.0503279225203161,1.0471588248523518,1.0513447912552816,1.0538496046561134,1.053500707942186,1.0549682073744806,1.0566013833381147,1.0485528955931287,1.0512413538507037,1.050780959356829,1.0458422026038456,1.044600699862455,1.0403244823339215,1.0378630883703928,1.0420666585035407,1.0409917305795675,1.0401742983335098,1.0445655621050314,1.0328260858650147,1.051702020055053,1.0426220155414296,1.042307420817992,1.0157200303026712,1.018821086508065,1.0237274532672571
10.666666666666666,1.034221453839045,1.0368459500618834,1.0352837335353993,1.0523726393168116,1.050346378188103,1.0476198201765037,1.0456734758872324,1.0364794589578215,1.059999871760839,1.0486975633238202,1.041276356511841,1.0448024738863286,1.0364635638451711,1.0441450591700483,1.0462286578095747,1.0444645616591528,1.0572430351659696,1.0468605877498283,1.0454925371814048,1.0367665069239238,1.0367976291818912,1.0424139448651042,1.0539192162492124,1.0508514821661483,1.0599999508136866,1.0262843585828845,1.0461892288348038,1.0410330186050034,1.0399453702156274,1.0324528393350936,1.0438018272747112,1.0457750265091605,1.0485040410409148,1.0566428818468983,1.0524860351090322,1.0520503475097525,1.0599359342012835,1.0176020040265854,1.0416639143204096,1.0399890069266549,1.0356701572528542,1.0404581526213807,1.0522603912021011,1.0518842326899445,1.0438409589709006,1.044339000934885,1.0448285261994343,1.0525361730121447,1.0518160906343759,1.0443443496074674,1.035454829847307,1.0319396686997269,1.032710448721879,1.0389001957319066,1.0382131657623628,1.0374313030826312,1.0375100694860497,1.0349124222351067,1.0499897609180953,1.0473806799900818,1.0502325615119545,1.049235268484971,1.0198984243929352,1.025924227417746,1.0166725479230874,1.059999960675666,1.0505798958276271,1.0155966671486003,1.0599999519687613,1.0451766987151416,1.045704134671564,1.0464869222052549,1.04476397153957,1.02949593742181,1.0311935882486416,1.0298959994046588,1.0527835521433777,1.0509924470186922,1.0543824696014241,1.0599998278944631,1.0113140494018735,1.0544442080404504,1.0557082936706568,1.0549439211854605,1.05837548556224,1.0549841827382924,1.0575380902407765,1.0519272761207472,1.0599999669693976,1.0494133015963523,1.051218000760245,1.0528076506348993,1.0493113328385435,1.050218108732926,1.0469668525027807,1.0512281381822557,1.0538428103776671,1.0533514785166913,1.0549682073744806,1.0566013833381147,1.0483077966175274,1.0510728496782533,1.050780959356829,1.0458422026038456,1.044600699862455,1.040462164389984,1.0378630883703928,1.0420798159647513,1.0410069526105405,1.0401742983335098,1.0445655621050314,1.0328260858650147,1.051702020055053,1.0426708700774265,1.0423674341721936,1.0157200303026712,1.0167409004611732,1.0229701217397842
10.75,1.033804691768563,1.0373030976727509,1.0354890377806483,1.0537293637651133,1.0514910138807394,1.048798739737185,1.0467572922594486,1.0370928868528106,1.0599998736783547,1.04846788968054,1.0423070358472504,1.045780807258464,1.0371729196544628,1.0451465112562468,1.0472180167654923,1.045297353264171,1.0580771442907022,1.047778730264392,1.046391796809538,1.037464940521226,1.037326718055506,1.042698250578402,1.0539988298709082,1.0508018725749986,1.0599999459784746,1.026128885019791,1.0461176535609262,1.041120220562058,1.0400649948455858,1.0328698290448293,1.0439251250860153,1.0459120871973684,1.0491849999425455,1.056546806814553,1.0522704165101253,1.0517714979864168,1.059999888631981,1.017946669348997,1.042095269849791,1.0406079749259105,1.036278532060167,1.0409419882532682,1.0517938868520325,1.0511804461868244,1.042981203493725,1.0439943711451707,1.0448013852397888,1.052352261771361,1.051658191843922,1.044130810303897,1.0350712655128127,1.0314843167402985,1.032334192499549,1.0385289297334503,1.0377386574059295,1.0369338879928753,1.0371526552709402,1.0343929320893381,1.050476012655262,1.047603842618133,1.0504147592635997,1.0492266441001485,1.0203311110613313,1.0262941057519148,1.01702387463105,1.0599999574094603,1.0503495888962977,1.0158557885798807,1.05999994571701,1.0447650405393223,1.0453031418105085,1.0461306911727148,1.0443372925613432,1.0271758875501182,1.0295567836711974,1.0263324418938389,1.0526055891327781,1.0508792473407216,1.054225326708995,1.0599998276194893,1.0115371364307921,1.054441928707036,1.0555887309575718,1.054785141867063,1.0582000165860552,1.0548506346177449,1.0574015687675147,1.0516441175393476,1.059999960413784,1.0486465089175196,1.050652819624903,1.0522992831188553,1.0489348692284834,1.0499702558920854,1.0467894958384834,1.0511090761197168,1.0537427231481227,1.0534627846477496,1.054846519725688,1.056706342646449,1.0481489460777687,1.0506788418874737,1.0507217814929493,1.0458245433640017,1.0443922018782523,1.0401816358818123,1.037768452667202,1.0417455306814611,1.0406336339086335,1.0396379720425253,1.044229024638705,1.0316344850590975,1.052708021032715,1.0426799158783584,1.0423489553784375,1.0160869123445226,1.0179105333159029,1.0204353311809553
10.833333333333334,1.033804691768563,1.0374703454735967,1.0356265037604426,1.0537293637651133,1.0515020092312946,1.048798739737185,1.046732423481931,1.0370928868528106,1.0599998736783545,1.04846788968054,1.042444895781902,1.045780807258464,1.0369775072323322,1.0451868973002656,1.0472180167654923,1.0451625926649133,1.0580802413106545,1.047778730264392,1.046391796809538,1.0378337238386819,1.0376614518764082,1.0428238685722353,1.0540098946039251,1.0508018725749984,1.0599999459784746,1.026128885019791,1.0461176535609262,1.0410803292525876,1.040181023991271,1.032831354678794,1.0439251250860153,1.0459120871973684,1.0491252628083907,1.056546806814553,1.0522654431908047,1.0517714979864168,1.0600100743962562,1.017853403835323,1.0422421636432673,1.0406079749259105,1.0363474427163848,1.0409419882532682,1.0512523327411518,1.0503092853545837,1.042049631491477,1.0439943711451707,1.0450326152509246,1.052462179830589,1.051658191843922,1.0442275164100754,1.0348306333012776,1.0311758344119157,1.0321638933661317,1.0385289297334503,1.0377386574059295,1.0369338879928753,1.037290662628138,1.0341733760485796,1.050476012655262,1.0475746320107064,1.0504147592635997,1.0492266441001485,1.020325070735348,1.0262861541334631,1.01702387463105,1.0599999574094603,1.050133720252336,1.0158672371680575,1.05999994571701,1.0447650405393223,1.0452997865963627,1.0461306911727148,1.0443372925613432,1.0271758875501182,1.029711547545012,1.0263324418938389,1.0526055891327781,1.0508104752401655,1.0541090372392192,1.0599998276194893,1.011519611986875,1.0543039656599829,1.0556475834809975,1.0548874099420573,1.0582000165860552,1.0549356964038576,1.0574015687675147,1.0514693057701625,1.059999960413784,1.0486465089175196,1.050652819624903,1.0522992831188553,1.048964414261848,1.0498951099243115,1.0467661495988123,1.0510296697925199,1.0536301973602633,1.0533971965137843,1.054846519725688,1.056706342646449,1.0484847351318571,1.0508171060004694,1.0507217814929493,1.0458245433640017,1.0443922018782523,1.0400207351478827,1.037768452667202,1.041690415832986,1.0405696914581826,1.0396379720425253,1.044229024638705,1.0316344850590975,1.052708021032715,1.0426039107158336,1.042263363868131,1.0160869123445226,1.0185035001300917,1.0206349084854371
10.916666666666666,1.033804691768563,1.0374924099979104,1.0355022924036237,1.0537293637651133,1.0514992357192605,1.048798739737185,1.0467372058953623,1.0370928868528106,1.0599998736783545,1.04846788968054,1.0424999431220408,1.045780807258464,1.0372230569210439,1.0451283908066509,1.0472180167654923,1.0451856880316512,1.0580780340484446,1.047778730264392,1.046391796809538,1.0378071390310821,1.0375762584451234,1.042824805235088,1.0539996826708982,1.0508018725749986,1.0599999459784746,1.026128885019791,1.0461176535609262,1.0411864401633915,1.0402236442604573,1.032834580619011,1.0439251250860153,1.0459120871973684,1.0491571847938184,1.056546806814553,1.0522601514837295,1.0517714979864168,1.0600022242634441,1.0178587768162821,1.0421099663829043,1.0406079749259105,1.0362408264313283,1.0409419882532682,1.0512106542066673,1.0501300644205918,1.0418421118225294,1.0439943711451707,1.0450669857600028,1.0523593981384476,1.051658191843922,1.0441025386843834,1.0349040809742327,1.0312407682323368,1.032166335724652,1.0385289297334503,1.0377386574059295,1.0369338879928753,1.037146794421676,1.034269683918355,1.050476012655262,1.0475902851123242,1.0504147592635997,1.0492266441001485,1.0203025641802677,1.026272513882225,1.01702387463105,1.0599999574094603,1.0502758881050247,1.0158691046480637,1.05999994571701,1.0447650405393223,1.0453005189403946,1.0461306911727148,1.0443372925613432,1.0271758875501182,1.0295650703197778,1.0263324418938389,1.0526055891327781,1.0508341905836152,1.054138459156365,1.0599998276194893,1.0115275265441632,1.0545245209527478,1.0558073548954243,1.0548708018509039,1.0582000165860552,1.0548085734810586,1.0574015687675147,1.0515032144201817,1.059999960413784,1.0486465089175196,1.050652819624903,1.0522992831188553,1.0489307252108622,1.0499391967003298,1.0467465947851315,1.0511136098956522,1.053686433631481,1.0533682774021176,1.054846519725688,1.056706342646449,1.0485139998443427,1.0508076277114338,1.0507217814929493,1.0458245433640017,1.0443922018782523,1.040051467916539,1.037768452667202,1.0417233635020762,1.0406163096917325,1.0396379720425253,1.044229024638705,1.0316344850590975,1.052708021032715,1.0426213466616192,1.0422819875560874,1.0160869123445226,1.017928134168593,1.0204631119933387
11.0,1.0347440253415514,1.0382625199559534,1.036255299458442,1.0544624530529119,1.0521692570864845,1.04954847270365,1.047510135659571,1.0374014221541012,1.0599999068164587,1.0483324818932118,1.0430967203755497,1.0465475123787855,1.037414572887529,1.045875502177298,1.047851336577515,1.0459621215571435,1.0585706331449176,1.0482330991263806,1.046975337907374,1.0379345306313468,1.0374927406669519,1.0426320825096105,1.0539721678875413,1.0508313173670798,1.0599999577517678,1.0260779320880833,1.0458557358441036,1.041079761775502,1.0401622000785014,1.0330215996650667,1.0439467535617173,1.0458725721916953,1.0494798368322011,1.0564741418188581,1.052091374961141,1.0515606775569917,1.0599998564701696,1.0178923823916022,1.0422447265706936,1.0410019312267915,1.0366399929371142,1.0412696397818613,1.0509774168167116,1.0493837324537678,1.0408737481300643,1.0438636130809067,1.0448646103100752,1.0521479861292937,1.0515406620143988,1.0439516901442438,1.0346887317613676,1.03107863454869,1.0319565776520259,1.0382180087854882,1.0375977107343557,1.0367545117554446,1.0369037612435872,1.0339555180269155,1.0506658898037848,1.0476175129507577,1.0504583157691068,1.0491644604291857,1.0204333393278635,1.026377564176168,1.0171346440727702,1.0599999693993791,1.0499496516623772,1.0159752021874262,1.059999954770146,1.044650695543739,1.0451756161129784,1.045927532805867,1.0442151499928862,1.0271879339022962,1.0291619223317803,1.0248734370908088,1.0525693386506036,1.0508199683780743,1.0541660359413947,1.0599998747849562,1.0116114873721083,1.0545414037096088,1.055685156869198,1.0546219079722883,1.057979972613332,1.0546347034036043,1.0572268591908198,1.051518529124687,1.0599999659425199,1.0476955612621837,1.0501119507222778,1.0524269022069253,1.0489057726222146,1.04987770424328,1.046721984834312,1.0510978887380478,1.0537185696034876,1.0534807778914679,1.0546823834153298,1.056845218400568,1.0485095742047554,1.0508728776900196,1.0508044714099594,1.0459334848351887,1.0444484305451354,1.0402180936047825,1.0378437725620202,1.0417502490302863,1.0406502204792276,1.0396417895942403,1.044328819496967,1.031173414334519,1.0532663233343376,1.0425262614407973,1.0421783072915833,1.0162293491962398,1.0183345042756458,1.0194833626060738
11.083333333333334,1.0347440253415514,1.0378134996064157,1.0362633958425553,1.0544624530529119,1.052176148810535,1.04954847270365,1.0475186965155787,1.0374014221541012,1.0599999068164587,1.0483324818932118,1.0425147825012366,1.0465475123787855,1.0364172518398673,1.045836471668028,1.047851336577515,1.0459941459166875,1.0586019995079865,1.0482330991263806,1.046975337907374,1.0368607496875446,1.0364661195184561,1.041710509627074,1.0537766474627217,1.0508313173670798,1.0599999577517678,1.0260779320880833,1.0458557358441036,1.0406902535270588,1.0397227301179943,1.0329064752132329,1.0439467535617173,1.0458725721916953,1.049268535488473,1.0564741418188581,1.0520894176972366,1.0515606775569917,1.0599717610633388,1.0175823518880327,1.0422340087164856,1.0410019312267915,1.0365681999978102,1.0412696397818613,1.0509272392324291,1.049222539027847,1.0407115865797514,1.0438636130809067,1.043962886993796,1.0521433089018741,1.0515406620143988,1.0438732222946734,1.0343988126417836,1.0308586105054973,1.0318729957957773,1.0382180087854882,1.0375977107343557,1.0367545117554446,1.036853222627407,1.0336387984501172,1.0506658898037848,1.0475264062654832,1.0504583157691068,1.0491644604291857,1.0203181864922075,1.026292543767528,1.0171346440727702,1.0599999693993791,1.0495563457181778,1.016021502050996,1.059999954770146,1.044650695543739,1.0451635801070944,1.045927532805867,1.0442151499928862,1.0271879339022962,1.0289903197363772,1.0248734370908088,1.0525693386506036,1.0507246093155265,1.0541217883491993,1.0599998747849562,1.011572876583341,1.0537020345332633,1.0548563409851093,1.0543622219364157,1.057979972613332,1.0545601641906401,1.0572268591908198,1.0515968863822363,1.0599999659425199,1.0476955612621837,1.0501119507222778,1.0524269022069253,1.0487231092607592,1.0495099060671016,1.0462537890669203,1.0506221309339177,1.0534604811699204,1.0534561585129198,1.0546823834153298,1.056845218400568,1.0476711609581182,1.0505911625370115,1.0508044714099594,1.0459334848351887,1.0444484305451354,1.0402425203498311,1.0378437725620202,1.0416526947162712,1.0405278711549766,1.0396417895942403,1.044328819496967,1.031173414334519,1.0532663233343376,1.0425144083360842,1.042174079751701,1.0162293491962398,1.018310148480582,1.019372910472458
11.166666666666666,1.0347440253415514,1.0378249763607756,1.036309437435538,1.0544624530529119,1.0521797517345173,1.04954847270365,1.0474777661547257,1.0374014221541012,1.0599999068164587,1.0483324818932118,1.0424912501439558,1.0465475123787855,1.0361822509580936,1.0458524672950333,1.047851336577515,1.0457434089034934,1.0585806208791004,1.0482330991263806,1.046975337907374,1.036865773211312,1.0364580919898954,1.0416334235624174,1.0537603111696974,1.0508313173670798,1.0599999577517678,1.0260779320880833,1.0458557358441036,1.0407401092070578,1.0397468315604892,1.0328729983839549,1.0439467535617173,1.0458725721916953,1.0492070498878159,1.0564741418188581,1.0520712239718037,1.0515606775569917,1.0599719566781587,1.0175026329382604,1.042282329686157,1.0410019312267915,1.036595436877789,1.0412696397818613,1.0505095407073997,1.0489752675735982,1.0406500735629542,1.0438636130809067,1.043950739355518,1.0521840807262024,1.0515406620143988,1.04391464761278,1.034096303129418,1.0304148004800184,1.0315779787308639,1.0382180087854882,1.0375977107343557,1.0367545117554446,1.0369061370652812,1.0334075869334998,1.0506658898037848,1.047499012095889,1.0504583157691068,1.0491644604291857,1.0203207212212586,1.0262895774923948,1.0171346440727702,1.0599999693993791,1.0494006337643491,1.0160288874428416,1.059999954770146,1.044650695543739,1.0451623662873353,1.045927532805867,1.0442151499928862,1.0271879339022962,1.0290195248386396,1.0248734370908088,1.0525693386506036,1.0506350145011651,1.0539414448509468,1.0599998747849562,1.0115581332045565,1.0537639128474336,1.054923547811224,1.0544124740142362,1.057979972613332,1.0545957367079173,1.0572268591908198,1.0512777576094776,1.0599999659425199,1.0476955612621837,1.0501119507222778,1.0524269022069253,1.04870964241377,1.049444426470214,1.046221071270546,1.050581169264614,1.0533280289299487,1.0532948522351924,1.0546823834153298,1.056845218400568,1.0476929601334102,1.0506048058869255,1.0508044714099594,1.0459334848351887,1.0444484305451354,1.0399661446274684,1.0378437725620202,1.04166665811149,1.0405468314346777,1.0396417895942403,1.044328819496967,1.031173414334519,1.0532663233343376,1.0423918887304433,1.0420338721441234,1.0162293491962398,1.0185116247678871,1.019433266373013
11.25,1.0344295357062683,1.0381950509636102,1.0361747343319776,1.0549655541533796,1.0526048549011795,1.0499472171287703,1.04784820972782,1.0376322544234868,1.059999926135523,1.0484231241048223,1.04318377796258,1.0468763181145255,1.0368210500806294,1.0461469569979378,1.0479847818191739,1.0460222302849913,1.0587275501182662,1.048363363276825,1.047059670235808,1.0374282745412706,1.0368410251175921,1.041908759608971,1.053740899417188,1.050675948498884,1.059999965619098,1.0260605093094048,1.0456030141211372,1.0406111212858866,1.0396866336255,1.0329641784987285,1.0436215663840858,1.0456866676897747,1.0493698372311793,1.0564458290747223,1.0522705387956954,1.0517973248446288,1.0599998921403513,1.0177074624987388,1.0419842847455598,1.040700790312959,1.0363356802861368,1.041026143298447,1.0501699740236543,1.048135895718902,1.0395929704552553,1.0435473920946585,1.0444066319912413,1.051901613419302,1.0513849717904242,1.0436833129785763,1.033880431721385,1.0301734873083395,1.03129387253245,1.0379191788547697,1.0371363003727683,1.0363008028972145,1.0364806930052388,1.033109395940737,1.0509694571970591,1.0476340278421137,1.0505696363627728,1.0491383945660715,1.020587588399831,1.0264842035202222,1.017176454447448,1.059999975049952,1.0494410717568212,1.0160219620473219,1.0599999630979464,1.0443284646674613,1.0448464675403741,1.0456152540423198,1.043878046906852,1.0256718389828985,1.0278602670364647,1.0224368888176667,1.0524213732894574,1.050551887933612,1.053859799842623,1.059999901294019,1.0116361107130967,1.0538918487291946,1.0550762117524632,1.054301951302298,1.0578484002877613,1.05451208778277,1.0571429039466322,1.0511623905464584,1.059999971643424,1.04726948740885,1.0497858056973497,1.0520020768737544,1.0483995795709014,1.049360155062124,1.0461792568220656,1.0505513500817802,1.0533339979536767,1.0533748315161175,1.0546587105364091,1.056961802880631,1.0480950095159853,1.0504366320848382,1.050726940236919,1.045867948156979,1.0441219946483677,1.0397128704104917,1.0375734757480097,1.0412539059389494,1.0401057178814483,1.039082805457863,1.0439470095569547,1.0299934937451982,1.0534973862586061,1.0421810696342524,1.0418152490911448,1.0162856980391124,1.0184452878254624,1.0175935868502675
11.333333333333334,1.0344295357062683,1.0380666199244972,1.0357522350247799,1.0549655541533796,1.05260802563421,1.0499472171287703,1.047877974903795,1.0376322544234868,1.059999926135523,1.0484231241048223,1.0430002770058782,1.0468763181145255,1.0364289158149764,1.0460433194948913,1.0479847818191739,1.0461619948527874,1.0587361417898864,1.048363363276825,1.047059670235808,1.0366846672440597,1.0357939993062748,1.0410824678973059,1.0535723278740694,1.050675948498884,1.059999965619098,1.0260605093094048,1.0456030141211372,1.0404831679543836,1.0395612776532468,1.0329044045484408,1.0436215663840858,1.0456866676897747,1.0494322887614196,1.0564458290747223,1.052256005611062,1.0517973248446288,1.0599597136649426,1.0175312616895844,1.041513548938678,1.040700790312959,1.0361460796998014,1.041026143298447,1.0503931808073348,1.0482499475901295,1.0397371249021714,1.0435473920946585,1.0441051664656902,1.051537837022625,1.0513849717904242,1.0433955319858934,1.03395765528251,1.0303213270570324,1.0313063658333712,1.0379191788547697,1.0371363003727683,1.0363008028972145,1.0360415224665223,1.0330847266953718,1.0509694571970591,1.047670725449233,1.0505696363627728,1.0491383945660715,1.0205048791049782,1.0264274054051905,1.017176454447448,1.059999975049952,1.0492605220392426,1.0160522880642484,1.0599999630979464,1.0443284646674613,1.0448403588120225,1.0456152540423198,1.043878046906852,1.0256718389828985,1.0272271724464985,1.0224368888176667,1.0524213732894574,1.0506277518884695,1.0539955605710176,1.059999901294019,1.0116373594894608,1.0535585536325744,1.0547376389070189,1.0539539001973206,1.0578484002877613,1.0542971364780256,1.0571429039466322,1.0513745170767335,1.059999971643424,1.04726948740885,1.0497858056973497,1.0520020768737544,1.0480536163384415,1.049090465910124,1.045801553212941,1.0503540864149634,1.0532927128773086,1.0532951669118085,1.0546587105364091,1.056961802880631,1.047810586978915,1.0502672054326647,1.050726940236919,1.045867948156979,1.0441219946483677,1.0398804539021818,1.0375734757480097,1.04122182661561,1.0400628027798768,1.039082805457863,1.0439470095569547,1.0299934937451982,1.0534973862586061,1.0422694494851392,1.0419144228684647,1.0162856980391124,1.016717290569037,1.0168863063864906
11.416666666666666,1.0344295357062683,1.0379920232057818,1.0356492995206512,1.0549655541533796,1.0526242546288482,1.0499472171287703,1.0478824449754751,1.0376322544234868,1.0599999261355233,1.0484231241048223,1.0427738899002263,1.0468763181145255,1.03536028207119,1.0459784603377777,1.0479847818191739,1.0461741310350965,1.0587593173596586,1.048363363276825,1.047059670235808,1.036165350724247,1.0350432338053472,1.0402426754519243,1.0533813857054795,1.050675948498884,1.059999965619098,1.0260605093094048,1.0456030141211372,1.0402943208856792,1.0394635391183358,1.032776234347489,1.0436215663840858,1.0456866676897747,1.0492170493274569,1.056445829074722,1.0522550800492592,1.0517973248446286,1.059930206848796,1.0171829542979829,1.041376956044446,1.040700790312959,1.0360241470158402,1.041026143298447,1.050233245660135,1.0478975119127916,1.0393545184160196,1.0435473920946585,1.0438004857444518,1.0514426081487576,1.0513849717904242,1.0432630631687128,1.0336055764357823,1.0300496702895736,1.03121298063705,1.0379191788547697,1.0371363003727683,1.0363008028972145,1.035898372114771,1.0326413462235304,1.0509694571970591,1.0475796177279963,1.0505696363627728,1.0491383945660715,1.0204005738591868,1.026347778437965,1.017176454447448,1.059999975049952,1.0486219999341533,1.0160910612122371,1.0599999630979464,1.0443284646674613,1.0448263522523111,1.0456152540423198,1.043878046906852,1.0256718389828985,1.0269356352448282,1.0224368888176667,1.0524213732894574,1.0505284091108666,1.0539377659490277,1.059999901294019,1.011607547244961,1.0529739193958947,1.054321093138799,1.053766076155557,1.0578484002877613,1.0541664393603922,1.0571429039466322,1.0514182110388717,1.059999971643424,1.04726948740885,1.0497858056973497,1.0520020768737544,1.0477339122696105,1.0485798506286022,1.0452156661464773,1.0498751150310384,1.0530280978358846,1.0532828916831172,1.0546587105364091,1.056961802880631,1.0476621227992045,1.0501975531176486,1.050726940236919,1.045867948156979,1.0441219946483677,1.03988271974906,1.0375734757480097,1.0411355774120918,1.0399585614052085,1.039082805457863,1.0439470095569547,1.0299934937451982,1.0534973862586061,1.042247968616565,1.041898996595888,1.0162856980391124,1.0162377650026062,1.0166161206821738
11.5,1.0328141060787175,1.0376043443210767,1.0350220479870513,1.055825013716029,1.0532980962179914,1.050644763917662,1.0484813640930974,1.0380034158890796,1.0599999852150455,1.048564539017547,1.0433321063067924,1.0472932675999482,1.0362026255056207,1.0463818992940173,1.0481382863798878,1.046586830257521,1.0589333940256118,1.0483833036975525,1.0470040529518203,1.0362689942580692,1.0353085727499791,1.0405270289975854,1.0533573108352936,1.0505496419325446,1.0599999927703132,1.0260782763510443,1.04514044958552,1.0397090133780096,1.0389111732844714,1.032890928749988,1.0431279837937166,1.0453406892334258,1.0493983809705951,1.0565009232160711,1.052291063997788,1.0518372454642957,1.059999976235496,1.0174978928691656,1.041126060503838,1.0400816888423334,1.0355761183155,1.0406968079867216,1.049730291188388,1.0463206530200329,1.0373709186315687,1.04293113652759,1.0436947170646826,1.051255164792689,1.0512099618305764,1.0429975715124564,1.033184782262833,1.0295858641172997,1.030598703372918,1.0372986428707074,1.036054867805304,1.0353854213134608,1.035333694082222,1.03210594146231,1.0514407162022115,1.0479411642067706,1.0509286705504643,1.0493114079795318,1.0208534195429695,1.0267497500182738,1.0173827764047265,1.0599999948787326,1.0489681368860124,1.0162420787809945,1.0599999923180818,1.0440911081525297,1.0445689216969831,1.0452674626801157,1.0435801634953716,1.022984845444496,1.0253061400094203,1.0186557757130077,1.052244005719519,1.0504264695734649,1.053864486589034,1.0599999810855985,1.011782359901678,1.0526522631892619,1.053948877929945,1.0535794438254669,1.0576797527022874,1.0541458489720343,1.0570778950137776,1.0513593363706386,1.0599999938204112,1.0463463429986377,1.04906858334579,1.0512549965219031,1.0473887832727415,1.0485056817323062,1.0451691728361745,1.0497122993984918,1.052985920629317,1.0533084752412514,1.0545109068284475,1.057084226000678,1.0473634323881775,1.0496174681939339,1.0507094055841462,1.0458677172627087,1.0441040225518492,1.0399429374760591,1.0375681851808498,1.040861476584972,1.0395997815956326,1.0385575521334842,1.0436688791800073,1.0287814477758443,1.0537711132448337,1.0418774799751904,1.0415216332998722,1.016546846373996,1.0171999333507604,1.0140790235363597
11.583333333333334,1.0328141060787175,1.0376117594792016,1.0350042204930168,1.055825013716029,1.0533012730139626,1.050644763917662,1.0484902087783836,1.0380034158890796,1.0599999852150173,1.048564539017547,1.0433105300998813,1.0472932675999482,1.0359944730763024,1.0464708806753376,1.0481382863798878,1.0466399544502492,1.058944110077851,1.0483833036975525,1.0470040529518203,1.0362222220649808,1.0352135281683517,1.0404054083216598,1.0533523397424667,1.0505496419325446,1.0599999927703132,1.0260782763510443,1.04514044958552,1.0396281479555576,1.0388966142533724,1.032879709182638,1.0431279837937166,1.0453406892334258,1.0494112377454161,1.0565009232160711,1.0523017900677811,1.0518372454642957,1.0599976721287332,1.0174627179233464,1.0411049829083938,1.0400816888423334,1.0357382621636015,1.0406968079867216,1.0497370347040635,1.0461849959746838,1.0371271007333451,1.04293113652759,1.0436996622266683,1.0512343674325697,1.0512099618305764,1.0431220843529654,1.0332210932943238,1.0296756255264936,1.0307047848347692,1.0372986428707074,1.036054867805304,1.0353854213134608,1.0353740135153457,1.0320757818146606,1.0514407162022115,1.0479487396212002,1.0509286705504643,1.0493114079795318,1.0208843757162314,1.0267702127438294,1.0173827764047265,1.0599999948787326,1.048837305537083,1.0162413970091777,1.0599999923180818,1.0440911081525297,1.0445672796630028,1.0452674626801157,1.0435801634953716,1.022984845444496,1.025281893220976,1.0186557757130077,1.052244005719519,1.050445707342182,1.0539036044484933,1.0599999810855985,1.0117763123810362,1.0525173845520137,1.0538665050538263,1.0535433576716517,1.0576797527022874,1.0543413772581143,1.0570778950137776,1.0514330826958633,1.0599999938204112,1.0463463429986373,1.04906858334579,1.0512549965219031,1.0473883997563063,1.0485161951741124,1.0453103425523074,1.0497347103440438,1.0530163187646349,1.0533959844370024,1.0545109068284475,1.057084226000678,1.0473807126080623,1.0496211967062636,1.0507094055841462,1.0458677172627087,1.0441040225518492,1.0400006170326674,1.0375681851808498,1.040820797929287,1.0395503657571203,1.0385575521334842,1.0436688791800073,1.0287814477758443,1.0537711132448337,1.0419041476619613,1.0415521435322768,1.016546846373996,1.0171202372981083,1.0140712035364292
11.666666666666666,1.0328141060787175,1.0374177034550067,1.0351242643539813,1.055825013716029,1.053302136334279,1.050644763917662,1.0484687624927096,1.0380034158890796,1.0599999852150173,1.048564539017547,1.0430400736914678,1.0472932675999482,1.0354560870151195,1.0464779595704916,1.0481382863798878,1.0465177448546175,1.058957769527534,1.0483833036975525,1.0470040529518203,1.0358492489176574,1.0349332238504751,1.040097238222037,1.0532882586380068,1.0505496419325446,1.0599999927703132,1.0260782763510443,1.04514044958552,1.039667192288034,1.038759686929695,1.0328237879443138,1.0431279837937166,1.0453406892334258,1.0491607756066383,1.0565009232160711,1.0523162642741135,1.0518372454642957,1.0599929929735104,1.017306445590406,1.041227766841482,1.0400816888423334,1.0357499588910593,1.0406968079867216,1.0494622929807693,1.045938380901125,1.03684013228369,1.04293113652759,1.0433122111400368,1.0513390465300012,1.0512099618305764,1.0431642912258663,1.0328936691645054,1.0293517857076218,1.030658529225223,1.0372986428707074,1.036054867805304,1.0353854213134608,1.0354750619963107,1.0317990494927267,1.0514407162022115,1.0478349689423074,1.0509286705504643,1.0493114079795318,1.020849567611203,1.0267412177971338,1.0173827764047265,1.0599999948787326,1.0486025131015948,1.016258964358118,1.0599999923180818,1.0440911081525297,1.044563895601009,1.0452674626801157,1.0435801634953716,1.022984845444496,1.0253568053966897,1.0186557757130077,1.052244005719519,1.0502905608942343,1.053731164776088,1.0599999810855985,1.0117553328137685,1.0525802453792636,1.0538273640162779,1.0536055628343568,1.0576797527022874,1.0543580425489447,1.0570778950137776,1.0512845856287951,1.0599999938204112,1.0463463429986375,1.04906858334579,1.0512549965219031,1.0473925991366317,1.0484010698374853,1.0452053864065465,1.0496230185288715,1.0528884324907402,1.0534991561052027,1.0545109068284475,1.057084226000678,1.0470260790133405,1.0495237123359138,1.0507094055841462,1.0458677172627087,1.0441040225518492,1.0398520260177841,1.0375681851808498,1.0408377034927248,1.0395851257631086,1.0385575521334842,1.0436688791800073,1.0287814477758443,1.0537711132448337,1.0418057310003157,1.0414493215572425,1.016546846373996,1.0176604226359354,1.0142003265144133
11.75,1.0329573641776755,1.0376862349849978,1.035150354430642,1.0561836478153872,1.0536109610147524,1.0509013196293995,1.0486762830182446,1.038165486292033,1.059999982778645,1.0485912464407343,1.0434018513576473,1.0475102658818234,1.0359025601507916,1.0466434157508906,1.0482706641642003,1.0464960234333918,1.0590843670536079,1.0485489147094316,1.047148346889015,1.0359845114557897,1.0349155738374154,1.0401173793865308,1.0532710960877694,1.0504987806722286,1.0599999914437257,1.0260464126150108,1.0450662410334532,1.0395990775148534,1.0387344796071796,1.0328776370049937,1.043036559264717,1.045335031534089,1.0492864404365727,1.0564600965538575,1.052497801977155,1.0520774708380813,1.059999970420754,1.0173743581977668,1.0409943157148889,1.0400017958167607,1.0356092789166627,1.0405958705520155,1.04905552287052,1.0456362502304257,1.0366743908664284,1.0428266929682593,1.0434322904734734,1.0511115699808435,1.0511394952651798,1.0429879342397699,1.0326904765063627,1.0289987851786144,1.0303785857784646,1.0372687184939158,1.0359939975868664,1.035269152121611,1.0352105316130518,1.0316690860684565,1.0517716464812512,1.047953810647764,1.0510202757107197,1.0493330440015218,1.0210674634185972,1.0268914862311438,1.0174552562796135,1.0599999939528335,1.0487065966357738,1.0162965653329699,1.0599999909196818,1.0435632809947826,1.0441801598950886,1.0450560579880679,1.0433264215015507,1.021732850398595,1.0242572511643324,1.017076166471127,1.0521677864112888,1.050203831968027,1.0535596572319306,1.0599999788566383,1.0118102535522833,1.0524610361925928,1.0537030612067264,1.053381821244878,1.057565316965784,1.0541835293010715,1.0569745471733276,1.0509279897551556,1.0599999925412835,1.0461162096808132,1.0489054378646547,1.0510016657550703,1.0471312430831676,1.0483101004395252,1.0450534331365022,1.0494889781163264,1.0527392761642576,1.0534128523696475,1.0545447685499585,1.0572116331730919,1.0471117304655404,1.049350019058341,1.0507371294683123,1.045938859880879,1.0439320667046492,1.0395236108461503,1.0375584269134783,1.0406415018844246,1.0393728105809559,1.0383091846570587,1.0435147825484539,1.0281906981911553,1.0539894225717623,1.0416799607158855,1.0413007316224134,1.0166106219109063,1.0171043451433035,1.012736837061804
11.833333333333334,1.0329573641776755,1.0375429747376692,1.0348211093871413,1.0561836478153872,1.0536181158153184,1.0509013196293995,1.0486620079702076,1.038165486292033,1.0599999827786453,1.0485912464407343,1.0431839980343378,1.0475102658818234,1.0353830074628079,1.0465770670178731,1.0482706641642003,1.0463779583113964,1.0590981699058122,1.0485489147094316,1.047148346889015,1.035245971314537,1.033911943100899,1.0392713426965414,1.0530837752420725,1.0504987806722286,1.0599999914437257,1.0260464126150108,1.0450662410334532,1.0395124360331292,1.038603717245668,1.0327509220918971,1.043036559264717,1.045335031534089,1.049239790587388,1.0564600965538575,1.052494890009601,1.0520774708380813,1.0599559151239493,1.0170193274075114,1.0406264770845672,1.0400017958167607,1.0354830246365863,1.0405958705520155,1.048446071775749,1.0445601948389414,1.035474600216891,1.0428266929682593,1.0430238502190228,1.0508226413030253,1.0511394952651798,1.042771104853271,1.0324804262551852,1.0287512953178213,1.0302963761950785,1.0372687184939158,1.0359939975868664,1.035269152121611,1.0348625961217404,1.0314515924028929,1.0517716464812512,1.0479421945045153,1.0510202757107197,1.0493330440015218,1.0209606081301832,1.0268161860438096,1.0174552562796135,1.0599999939528335,1.048455223919945,1.0163397484554544,1.0599999909196818,1.0435632809947826,1.0441680827778546,1.0450560579880679,1.0433264215015507,1.021732850398595,1.0236856981558595,1.017076166471127,1.0521677864112888,1.0501638475797168,1.0534880921101188,1.0599999788566383,1.0117837264705525,1.0522331640426752,1.0534902079051613,1.053138704092011,1.057565316965784,1.054049690403073,1.0569745471733276,1.0508219828605443,1.0599999925412835,1.0461162096808132,1.0489054378646547,1.0510016657550703,1.046864133461317,1.0480755972830695,1.0447613628582872,1.0493281179386793,1.0525817927886167,1.053408395061199,1.0545447685499585,1.0572116331730919,1.0468200361996216,1.049200836980719,1.0507371294683123,1.045938859880879,1.0439320667046492,1.0393996381164317,1.0375584269134783,1.0405938202310305,1.0393287192045366,1.0383091846570587,1.0435147825484539,1.0281906981911553,1.0539894225717623,1.0416308087378163,1.041244390231528,1.0166106219109063,1.01573399553716,1.0121475388229875
11.916666666666666,1.0329573641776755,1.0374282026237045,1.0347752631007676,1.0561836478153872,1.053611324537954,1.0509013196293997,1.0486584736007085,1.038165486292033,1.059999982778645,1.0485912464407343,1.0429806640750885,1.0475102658818236,1.0347702393465583,1.04662135531909,1.0482706641642003,1.0463401569849093,1.0590886487534856,1.0485489147094316,1.047148346889015,1.034897656780658,1.0335188075806971,1.0388816648361516,1.0530440189860741,1.0504987806722286,1.0599999914437257,1.0260464126150108,1.0450662410334532,1.0395454166393412,1.038531227402406,1.0327662335352483,1.043036559264717,1.045335031534089,1.0494212950790331,1.0564600965538575,1.0525018398219717,1.0520774708380813,1.0599627015459205,1.017044720472683,1.040577615360311,1.0400017958167607,1.0355645469831296,1.0405958705520155,1.0486914738903153,1.04524666363112,1.0362850538246515,1.0428266929682593,1.0428580951298336,1.0507905810092684,1.0511394952651798,1.0428375730867516,1.0325296883026465,1.0287968011827717,1.0303539711827379,1.0372687184939158,1.0359939975868664,1.035269152121611,1.034866708551924,1.0313594580900742,1.0517716464812512,1.0480250649951792,1.0510202757107197,1.0493330440015218,1.0210009358613752,1.0268456961797894,1.0174552562796135,1.0599999939528335,1.0481386209621426,1.0163344955860083,1.0599999909196818,1.0435632809947826,1.04417102827279,1.0450560579880679,1.0433264215015507,1.021732850398595,1.0236080626890003,1.017076166471127,1.0521677864112888,1.0502486176958066,1.0535380407094677,1.0599999788566383,1.0117792418651028,1.0523740653396814,1.0535013372952702,1.05311614236502,1.057565316965784,1.0541522807585668,1.0569745471733276,1.05077611318042,1.0599999925412835,1.0461162096808132,1.0489054378646547,1.0510016657550703,1.0468070886094323,1.0480165746283772,1.044851392597405,1.049457386963065,1.0526382876491722,1.053452737050673,1.0545447685499585,1.0572116331730919,1.0465890160808438,1.04911143185529,1.0507371294683123,1.045938859880879,1.0439320667046492,1.0393621353121838,1.0375584269134783,1.0406164579211845,1.0393574893377318,1.0383091846570587,1.0435147825484539,1.0281906981911553,1.0539894225717623,1.0416484270376276,1.0412560994038995,1.0166106219109063,1.0156477719022123,1.0120650147051464
12.0,1.0327715601256504,1.0375147028764942,1.0348052715522207,1.0565867957740014,1.0539412050369603,1.051221554627458,1.0489531129593406,1.0383416147047086,1.0599999821387434,1.0486731365608448,1.0432944265677526,1.0476482595904903,1.0351511446566382,1.046696515811227,1.048432214918149,1.0467670875091972,1.0592460905664445,1.0487538755956647,1.0473009360944605,1.0352427403131181,1.0338677526375162,1.0391677967644262,1.0531072664872208,1.0505478022969243,1.0599999910010232,1.0260098239764672,1.0450698185575722,1.0394979636298844,1.03841208196389,1.0328813701066604,1.0428175153437251,1.0452795565911885,1.0493770435971386,1.0565137917336562,1.0525047912603647,1.0520922008439189,1.0599999704504037,1.0173292735466681,1.040239912176882,1.0394102672478254,1.0349254847292313,1.0403106519304552,1.049260976670556,1.0456580499310515,1.0366647509651976,1.0427578283921342,1.043035674504281,1.0507366530995592,1.0510457567483158,1.042629679813841,1.0324844149056966,1.0289011288496046,1.030278868143039,1.0372254913653867,1.0358972591293467,1.0350711799777226,1.0346970328222767,1.0312753237002235,1.0519461720298555,1.0481473339806353,1.0512295249297134,1.049459621046483,1.021237003319459,1.0271065066002796,1.0177674166490018,1.0599999934853293,1.048262064039004,1.0165552961917477,1.0599999904474824,1.042830172414485,1.0438215634423988,1.0450495098326487,1.0433581990329461,1.0192271197526797,1.0219478768778758,1.0137429005625518,1.0520857538090445,1.0501696315197915,1.0535949595574592,1.0599999789430645,1.011979002424389,1.0522957913605133,1.0534384066619786,1.0531479404524329,1.057633128436814,1.0540750624290582,1.057080651901694,1.0511129980701837,1.0599999920951046,1.0461585216770284,1.0489078393905644,1.0505301679467673,1.0464904394167913,1.0478407291693086,1.0445402525816787,1.0492100272539069,1.0526528215670012,1.0534564150089427,1.0547295382580262,1.0574525748436054,1.0466468860623492,1.0488155530707124,1.0508278190487685,1.0460929005952582,1.0441065126439204,1.0398444382188148,1.0377368624739955,1.0406061628956969,1.0392615971453123,1.0379702855729658,1.043305744175791,1.027228277120477,1.0541739633733438,1.0417129380073673,1.0413484060058185,1.0169049702227293,1.0158842388243932,1.009675111792547
12.083333333333334,1.0327715601256504,1.0374645024718643,1.0347971642053226,1.0565867957740014,1.0539466839483453,1.0512215546274581,1.048970260138046,1.0383416147047086,1.059999982138562,1.0486731365608448,1.0432228716857166,1.0476482595904903,1.034994573885505,1.0465634829316528,1.048432214918149,1.0468764094121585,1.0592805634940547,1.0487538755956647,1.0473009360944605,1.0350412554796309,1.033621016575081,1.0389102850005383,1.0529898129654176,1.0505478022969243,1.0599999910010232,1.0260098239764672,1.0450698185575722,1.0393992255672089,1.038339810333151,1.0327756870299785,1.0428175153437251,1.0452795565911885,1.0493402950566222,1.0565137917336564,1.0524890106536398,1.0520922008439189,1.0599806042203377,1.0170452505980025,1.0402266474625914,1.0394102672478254,1.034672725163377,1.0403106519304552,1.0485027392209618,1.043556650499064,1.0341942341545236,1.0427578283921342,1.0427588159835819,1.0507177872056872,1.0510457567483158,1.0423905581584536,1.0323857698386647,1.0288255915124291,1.030160229098328,1.0372254913653867,1.0358972591293467,1.0350711799777226,1.0345611840056543,1.031185735445872,1.0519461720298555,1.0481322451443127,1.0512295249297134,1.049459621046483,1.0210698071325934,1.0269909772748345,1.0177674166490018,1.0599999934853293,1.0481789307356948,1.0166010731176691,1.0599999904474824,1.042830172414485,1.0438078369298243,1.0450495098326487,1.0433581990329461,1.0192271197526797,1.0217923589781968,1.0137429005625518,1.0520857538090445,1.050171281003246,1.0536516493595685,1.0599999789430645,1.0119458216785626,1.0520748438305272,1.053344803368806,1.0531309166975056,1.057633128436814,1.0537845630887341,1.057080651901694,1.0512910602869332,1.0599999920951046,1.0461585216770284,1.0489078393905644,1.0505301679467673,1.0464377192565408,1.0477003996487624,1.0442168668953935,1.0490887059639238,1.0525965383125773,1.0533029893156238,1.0547295382580262,1.0574525748436054,1.046576537418501,1.0488019636559927,1.0508278190487685,1.0460929005952582,1.0441065126439204,1.039944626086618,1.0377368624739955,1.0405240560485938,1.039184958312529,1.0379702855729658,1.043305744175791,1.027228277120477,1.0541739633733438,1.0417557889402902,1.0413998941956772,1.0169049702227293,1.0158242535121058,1.0095170098627946
12.166666666666666,1.0327715601256504,1.0375299941697826,1.0347121539182051,1.0565867957740014,1.0539452593500425,1.051221554627458,1.04895487827193,1.0383416147047086,1.0599999821385624,1.0486731365608448,1.0433256619699254,1.0476482595904903,1.0352653640376501,1.046608158178237,1.048432214918149,1.0467745048301738,1.0592555331086493,1.0487538755956647,1.0473009360944605,1.035155833998859,1.0336963978874771,1.0390377135584212,1.0530361278254103,1.0505478022969243,1.0599999910010232,1.0260098239764672,1.0450698185575722,1.039470152400348,1.038410200622393,1.0328054491167629,1.0428175153437251,1.0452795565911885,1.0493644998111336,1.0565137917336567,1.0524765091119332,1.0520922008439189,1.0599796559738328,1.0171323279761473,1.0401383070024781,1.0394102672478254,1.03475791388603,1.0403106519304552,1.048578636991349,1.044012142177054,1.0348437856078432,1.0427578283921342,1.0429338568933773,1.0506489168805044,1.0510457567483158,1.0424437830848463,1.032387679763345,1.0287517699242688,1.0300592153325265,1.0372254913653867,1.0358972591293467,1.0350711799777226,1.0345318638488348,1.0312402533925644,1.0519461720298555,1.0481446149678708,1.0512295249297134,1.049459621046483,1.0211302089963334,1.0270316271701467,1.0177674166490018,1.0599999934853293,1.048317256979288,1.0165885923985707,1.0599999904474824,1.042830172414485,1.043813072690037,1.0450495098326487,1.0433581990329461,1.0192271197526797,1.0217381316727248,1.0137429005625518,1.0520857538090445,1.0501636834148613,1.053599672312359,1.0599999789430645,1.0119599634059917,1.0522260292786783,1.0534547584198455,1.0531131513447762,1.057633128436814,1.0538827997738525,1.057080651901694,1.0511531138075527,1.0599999920951046,1.0461585216770284,1.0489078393905644,1.0505301679467673,1.0464443845890363,1.0478042170482176,1.0443796703405446,1.0491778835388945,1.0526172753036493,1.0532232717052066,1.0547295382580262,1.0574525748436054,1.0466836346129909,1.048820274874523,1.0508278190487685,1.0460929005952582,1.0441065126439204,1.0398470042567889,1.0377368624739955,1.0405636029560834,1.039225103179616,1.0379702855729658,1.043305744175791,1.027228277120477,1.0541739633733438,1.04171632209925,1.0413525514687934,1.0169049702227293,1.0154870204733328,1.0094419419665268
12.25,1.0327634936217567,1.0375755616996445,1.034790854117177,1.0572204428307854,1.0544662731217924,1.0517084691856728,1.0493926139535987,1.03857881533638,1.0599999818318266,1.0487152874872134,1.0436082958987178,1.0480356107927449,1.0358358058588026,1.0469874260864165,1.048572706111727,1.047013493574865,1.0594025736029389,1.0487355810276286,1.0473455998462493,1.0347733273484387,1.0333558529954938,1.0388914366258315,1.0529986929313517,1.0505429903922758,1.059999990649138,1.0260116832431223,1.0446848372742015,1.0391721053363636,1.0381705620829822,1.032844093103617,1.0428030108612438,1.0451054118783034,1.0492797140484413,1.0564867707876586,1.0525837058602086,1.0521977070742787,1.0599999684322563,1.0171617771007417,1.040201547057413,1.039677968680844,1.0350833941742057,1.0403873097504803,1.0483012758630579,1.0435786774957752,1.0342532525875954,1.0425512224141433,1.0426819006808632,1.0505467681127643,1.0510971233648636,1.0423730058253005,1.0320113578226402,1.0283279435904555,1.0296790916511624,1.0367137164014573,1.035347364536907,1.0344633751036776,1.0340673764876303,1.0308488117566164,1.0522186801812803,1.048158676589406,1.0513275185771824,1.049458120143147,1.0213017387142735,1.0271204628871426,1.0176396118595492,1.0599999933378843,1.0485457597505166,1.0164865475730593,1.059999990004877,1.0421011548177588,1.0433291067123969,1.0447275020772757,1.04313231756625,1.017693339060174,1.0208553692649338,1.0137259399851763,1.0520045630719006,1.0499971256484155,1.0534287345170354,1.0599999783574747,1.011939745402022,1.0519727555799487,1.0530136460957809,1.052737045375044,1.0573968287273532,1.053785564889808,1.056884821600152,1.0509282800515267,1.0599999914547773,1.0450568208424855,1.0481492665768521,1.0500686922951783,1.0461114369172473,1.0476945176388706,1.0442924586096805,1.0489424077893292,1.0524747584998007,1.0533827482127778,1.0544287171202285,1.057445681351259,1.046098224918044,1.0482948567873,1.0509038765551273,1.0460335300697468,1.0439504393377583,1.039635575509846,1.0375951167116766,1.040516357395947,1.0392291942250769,1.0380887255555622,1.0435227658848447,1.027705399047774,1.0543972515212043,1.0413869007111192,1.0410053807211752,1.0168346195493119,1.015478322769412,1.00890371687391
12.333333333333334,1.0327634936217567,1.0376746599359887,1.0344743667191838,1.0572204428307854,1.0544652505359198,1.0517084691856728,1.0494058246490099,1.03857881533638,1.0599999818313912,1.0487152874872134,1.0435918605248553,1.0480356107927449,1.0350846284744897,1.0471163242317107,1.048572706111727,1.0470685011200078,1.059393850484079,1.0487355810276286,1.0473455998462493,1.0345324390170036,1.0327593659080823,1.0382815347548666,1.0529419316633606,1.0505429903922758,1.059999990649138,1.0260116832431223,1.0446848372742015,1.0393638646589543,1.0383064719588833,1.0328465157653286,1.0428030108612438,1.0451054118783034,1.0494694079473625,1.0564867707876586,1.052590346805132,1.0521977070742787,1.0599897708447619,1.0171376723181338,1.0398538576206515,1.039677968680844,1.0353182295048757,1.0403873097504803,1.0485603536755328,1.0440126301427484,1.0347075874236882,1.0425512224141433,1.0428673469112462,1.050284506672979,1.0510971233648636,1.0424940231269346,1.0321206285931213,1.028505514965185,1.0298132064287788,1.0367137164014573,1.035347364536907,1.0344633751036776,1.0339084265428524,1.0307168481743225,1.0522186801812803,1.0482511820773,1.0513275185771824,1.049458120143147,1.0213943137075934,1.0271826299073585,1.0176396118595492,1.0599999933378843,1.0480335714002924,1.0164780190845084,1.059999990004877,1.0421011548177588,1.04333149082904,1.0447275020772757,1.04313231756625,1.017693339060174,1.0204352171000137,1.0137259399851763,1.0520045630719006,1.0501137493324904,1.0535476829069244,1.0599999783574747,1.0119437240575742,1.0524015390903305,1.05334430036826,1.0526662604185237,1.0573968287273532,1.0540748434326817,1.056884821600152,1.0510089489696974,1.0599999914547773,1.0450568208424855,1.0481492665768521,1.0500686922951783,1.045921554544684,1.0476341094509682,1.044570656683197,1.049226140552003,1.0526583220819057,1.0534559050755608,1.0544287171202285,1.057445681351259,1.0462422346675435,1.048286227402107,1.0509038765551273,1.0460335300697468,1.0439504393377583,1.0397092641810175,1.0375951167116766,1.0405518187155522,1.0392820584623839,1.0380887255555622,1.0435227658848447,1.027705399047774,1.0543972515212043,1.0414524668942888,1.0410723668905828,1.0168346195493119,1.01404223528551,1.0083971460545758
12.416666666666666,1.0327634936217567,1.0377116072472425,1.0345995265781531,1.0572204428307854,1.054466222542843,1.0517084691856728,1.0494037629714732,1.03857881533638,1.059999981831391,1.0487152874872134,1.0437055253274239,1.0480356107927449,1.0356052223557053,1.0471020524241843,1.048572706111727,1.0470682719409028,1.0593811632677061,1.0487355810276286,1.0473455998462493,1.034806453951377,1.0331663226784757,1.0386825248943843,1.0529963166597873,1.0505429903922758,1.059999990649138,1.0260116832431223,1.0446848372742015,1.0393415501618735,1.0383240307730133,1.0328409010401525,1.0428030108612438,1.0451054118783034,1.0493092780006505,1.0564867707876586,1.0525528679208462,1.0521977070742787,1.0599875518291715,1.017153505774774,1.0399913464720094,1.039677968680844,1.035293241819763,1.0403873097504803,1.04834077492116,1.0434783330189565,1.034261021587887,1.0425512224141433,1.042921849368909,1.0503884013583582,1.0510971233648636,1.0424995867531532,1.031998129589662,1.0283198914094986,1.0295092486158985,1.0367137164014573,1.035347364536907,1.0344633751036776,1.0339956466169093,1.030761641976067,1.0522186801812803,1.0481780615614622,1.0513275185771824,1.049458120143147,1.0213765495220652,1.0271653245133159,1.0176396118595492,1.0599999933378843,1.0483329682929001,1.0164828240935277,1.059999990004877,1.0421011548177588,1.0433309826198975,1.0447275020772757,1.04313231756625,1.017693339060174,1.0206224643426909,1.0137259399851763,1.0520045630719006,1.0500297056094268,1.0534845434638964,1.0599999783574747,1.0119441777671867,1.0523267485616612,1.0533250889350583,1.0527299316740324,1.0573968287273532,1.0540385248065707,1.0568848216001523,1.051009018941185,1.0599999914547773,1.0450568208424855,1.0481492665768521,1.0500686922951783,1.0460379099145294,1.0477367936006075,1.0445723177025394,1.049152300158073,1.0526199858962375,1.0531511471192698,1.0544287171202285,1.057445681351259,1.0463279583588434,1.0483375896816063,1.0509038765551273,1.0460335300697468,1.0439504393377583,1.0397058781114112,1.0375951167116766,1.040550977578117,1.039277645718283,1.0380887255555622,1.0435227658848447,1.027705399047774,1.0543972515212043,1.041423214391783,1.0410461026646043,1.0168346195493119,1.0146508243383399,1.0086196056349646
12.5,1.0316830439948108,1.0372108715709332,1.0338697354117412,1.057991255264269,1.0550760642933226,1.052218447927734,1.0498287866478788,1.0389067422771452,1.0599999809641054,1.0487483929799084,1.0438514504926448,1.04835088098401,1.035866379837218,1.0473002451688334,1.048693321894706,1.0472678301956182,1.0596264949736518,1.0489782737295525,1.0474551703513377,1.0340397418087799,1.0322854055806006,1.0380740684216196,1.0529020661958641,1.0505872159052434,1.0599999899615629,1.025907994122119,1.044777958228155,1.0390359244467242,1.0380931337089137,1.0328292285996343,1.0428890054179998,1.0452470110490417,1.0489801328899833,1.0565202959343822,1.0526966664640784,1.0523736728964153,1.059999966505602,1.017030254142399,1.0395547463771184,1.0394612018978582,1.034937829121358,1.0400985881843239,1.048046951872981,1.0429996829730785,1.0337674208413459,1.0423650194850262,1.0423755041912923,1.0501083875049317,1.0511101719338583,1.0422577917909155,1.0315591461504088,1.0278858140917986,1.029313777238059,1.0367495373044653,1.0350912269903727,1.0342878218402964,1.0335722634764144,1.0304634447763816,1.0527034290026347,1.0481819628517581,1.0515224393855709,1.049500719826677,1.0216530671606023,1.0274004475649057,1.0179157167541801,1.0599999927138566,1.0484301433679466,1.016699655591072,1.059999989135756,1.0410751685879231,1.042745758968019,1.0446144991653101,1.0430037601810274,1.0151810144427582,1.0184746855113271,1.0112933260297838,1.0518696802369765,1.0496957486235934,1.0531906226070444,1.0599999767692136,1.0120793224446094,1.0512771513089056,1.0524065738577895,1.0523853227180273,1.0575717293192937,1.0540868090452864,1.0570808601461146,1.0509552841292593,1.0599999906415738,1.0449818929529482,1.0480399740446742,1.049644245944409,1.0454772089928857,1.0473147050797404,1.0439009138753066,1.0483779476928283,1.052175478260284,1.05317150714634,1.0545216188912367,1.0576087638402352,1.045675990329982,1.047784171363901,1.0510201089751374,1.0461220970707388,1.0438198546109447,1.0395105237890137,1.0374183914562956,1.040339922673149,1.0390397171846242,1.0380049416722386,1.043570436391235,1.0274560917847615,1.0547312688267518,1.041439639335455,1.0410609074031605,1.0170713764525234,1.0138761262214422,1.006076260142588
12.583333333333334,1.0316830439948108,1.0374890935677488,1.0338784580316656,1.057991255264269,1.0550829409058022,1.052218447927734,1.049789827459016,1.0389067422771452,1.0599999809641054,1.0487483929799084,1.0440526766123208,1.04835088098401,1.035391396277271,1.0473203466344014,1.048693321894706,1.0470365237389847,1.05960259865826,1.0489782737295525,1.0474551703513377,1.0344806935416648,1.0325388596957938,1.0380773071994154,1.0529182942913766,1.0505872159052434,1.0599999899615629,1.025907994122119,1.044777958228155,1.0392854728759775,1.0383785041383924,1.0328433249404563,1.0428890054179998,1.0452470110490417,1.0490568513552152,1.0565202959343822,1.0527013672789634,1.0523736728964153,1.060019362313504,1.0170577796284266,1.039559568628465,1.0394612018978582,1.034969757882182,1.0400985881843239,1.0479176857229324,1.043390007892113,1.0343408486533336,1.0423650194850262,1.0428698806027121,1.0501253915703952,1.0511101719338583,1.0423204904837442,1.0313589532662917,1.0275916491450332,1.0292061033373106,1.0367495373044653,1.0350912269903727,1.0342878218402964,1.0336244963040084,1.0301822763550836,1.0527034290026347,1.0482137462441783,1.0515224393855709,1.049500719826677,1.0217100145805758,1.0274378032364573,1.0179157167541801,1.0599999927138566,1.047985211337683,1.0166882062611602,1.059999989135756,1.0410751685879231,1.0427496664519065,1.0446144991653101,1.0430037601810274,1.0151810144427582,1.0185278943253182,1.0112933260297838,1.0518696802369765,1.0496773635926455,1.0530658538194189,1.0599999767692136,1.0120824602568685,1.0516834224641285,1.052861977326482,1.0525366784082235,1.0575717293192937,1.0541283219306832,1.0570808601461146,1.0506313850823448,1.0599999906415738,1.0449818929529482,1.0480399740446742,1.049644245944409,1.0453830379991498,1.047158823947957,1.043874329963595,1.048453570177109,1.0521228044768947,1.0531913528809433,1.0545216188912367,1.0576087638402352,1.0461852772444449,1.0479511970453608,1.0510201089751374,1.0461220970707388,1.0438198546109447,1.0392503983696473,1.0374183914562956,1.040389961492266,1.0391030031024124,1.0380049416722386,1.043570436391235,1.0274560917847615,1.0547312688267518,1.041344089785637,1.0409459208753278,1.0170713764525234,1.01389706399923,1.0061439385176358
12.666666666666666,1.0316830439948108,1.0374224851286544,1.0338983932509327,1.057991255264269,1.0550755386295294,1.052218447927734,1.049786858305828,1.0389067422771452,1.0599999809641054,1.0487483929799084,1.04407142576542,1.04835088098401,1.0359541220871153,1.047246772510352,1.048693321894706,1.047008475537532,1.0595865074800959,1.0489782737295525,1.0474551703513377,1.034506089500794,1.0326969398240702,1.0383557066718796,1.0529540765767729,1.0505872159052434,1.0599999899615629,1.025907994122119,1.044777958228155,1.039148567420542,1.0382865152391407,1.032881110393254,1.0428890054179998,1.0452470110490417,1.0493383973880894,1.0565202959343822,1.0526783968200275,1.0523736728964153,1.060028808411918,1.0171744089254167,1.0395963037524236,1.0394612018978582,1.0348356170655446,1.0400985881843239,1.0478652624045552,1.0433031349734245,1.0343561374157417,1.0423650194850262,1.0427858005061197,1.0501388936297198,1.0511101719338583,1.0422050252512254,1.0315842851548036,1.0276971771413101,1.0290983066559207,1.0367495373044653,1.0350912269903727,1.0342878218402964,1.0335811902007195,1.0304570274708855,1.0527034290026347,1.048339162250641,1.0515224393855709,1.049500719826677,1.021682558356008,1.0274263294670267,1.0179157167541801,1.0599999927138566,1.0483705957544955,1.0166834656712658,1.059999989135756,1.0410751685879231,1.0427508396413052,1.0446144991653101,1.0430037601810274,1.0151810144427582,1.0185860980389745,1.0112933260297838,1.0518696802369765,1.0498098774281297,1.0531539899473286,1.0599999767692136,1.0120841219498673,1.0515041163255452,1.0526851533987753,1.0524883156202811,1.0575717293192937,1.0539668903349446,1.0570808601461146,1.050597156622932,1.0599999906415738,1.0449818929529482,1.0480399740446742,1.049644245944409,1.0454768568279431,1.0473119252677159,1.0438925485633974,1.0485347474074789,1.0521571047802105,1.05299252177292,1.0545216188912367,1.0576087638402352,1.0460676195474456,1.0479161743150454,1.0510201089751374,1.0461220970707388,1.0438198546109447,1.0392293738012635,1.0374183914562956,1.0403713453043257,1.0390693266579223,1.0380049416722386,1.043570436391235,1.0274560917847615,1.0547312688267518,1.041378988239667,1.0409730305931766,1.0170713764525234,1.0139634703962541,1.0062072197726204
12.75,1.0318275254342202,1.0376868919255362,1.0340116797302181,1.0582574308608488,1.0553376191629449,1.0525240911663012,1.0500827325598583,1.0390322705415567,1.0599999788860597,1.0487794205795904,1.0442408331281219,1.0486514370129476,1.0353041391815387,1.047469207943623,1.0489367226257849,1.0472222373959605,1.0597811311244998,1.049206560327127,1.047678473580999,1.0343913134197393,1.0323038757817191,1.0377774101577557,1.052792542188128,1.0505873691620746,1.059999988784732,1.0259092949331017,1.0446852188990299,1.038941599535798,1.0380932703662806,1.03284905506279,1.0426712083242466,1.0450985525355214,1.04920795214768,1.056477924502383,1.0528934807226658,1.052601474861846,1.0599999616377462,1.0169655450810176,1.039204391488027,1.0390377060635994,1.034377740295383,1.040020628118826,1.0475296273960932,1.0427580580856426,1.0336064495455404,1.0423137946153087,1.0426475941846927,1.0499429202118253,1.0509758089322059,1.0420174211859463,1.031227672353951,1.0274370455754531,1.0291980606687399,1.0367921725884304,1.0351656898558743,1.0344435551283897,1.0335262761201176,1.030092489198607,1.052613387961022,1.0482385410719803,1.0515519240265732,1.0494896233609359,1.021635932649713,1.0274602908662918,1.018139356688106,1.059999991762787,1.0477670577800902,1.0168936778298936,1.0599999877795214,1.0405700342900592,1.0424334085415783,1.0445308771740553,1.0428825356732376,1.0153121486538659,1.0179300977489,1.0088246768738278,1.051774449315294,1.0495916176350633,1.0529650907678394,1.059999975035517,1.012199059136795,1.051163420015129,1.0524634439133114,1.0523394694604462,1.0575234962216227,1.053794999274189,1.057067511101233,1.0505077936810243,1.0599999895400016,1.0450739552318407,1.0481939827693685,1.0500203146264846,1.0454727376165793,1.0470537165869216,1.043502894261329,1.04818748456463,1.0519392836914416,1.05333590695883,1.0547308168045606,1.0578850948713328,1.0464242079431494,1.0482713974357543,1.0511496296094394,1.046276144744088,1.0439034503222226,1.0392861028361806,1.0375716108220743,1.0403664478467924,1.0390489740618327,1.0380206882466487,1.0436752782005159,1.0266634781589858,1.0548900911674142,1.0411887483096771,1.0407879955757569,1.0172953220275411,1.0139754534417547,1.004597258538355
12.833333333333334,1.0318275254342202,1.0374898025567527,1.0338565973402636,1.0582574308608486,1.0553306729369143,1.0525240911663014,1.050108459035211,1.0390322705415567,1.05999997888606,1.0487794205795904,1.0440256056797046,1.0486514370129476,1.0351717598730548,1.047486444667982,1.0489367226257849,1.0473603600664958,1.059781528308785,1.049206560327127,1.047678473580999,1.0338251073018232,1.031695440224369,1.037343649349099,1.0527062784337646,1.0505873691620746,1.059999988784732,1.0259092949331017,1.0446852188990299,1.0389549824041628,1.0379434549050397,1.03278048271834,1.0426712083242466,1.0450985525355214,1.0491352123850715,1.0564779245023832,1.0528504466478787,1.052601474861846,1.059965687124775,1.0167876872382269,1.0390345114794646,1.0390377060635994,1.034409413295914,1.040020628118826,1.0472365998230657,1.041627155662613,1.0324068361552874,1.0423137946153087,1.0422184754865904,1.0498090136134914,1.0509758089322059,1.0419747498870109,1.0311812098585569,1.0274103454836228,1.0289583412866763,1.0367921725884304,1.0351656898558743,1.0344435551283897,1.0333835823099713,1.0300729362247991,1.052613387961022,1.0482141087622279,1.0515519240265732,1.0494896233609359,1.0215865449339254,1.0274201003699988,1.018139356688106,1.059999991762787,1.0477876228393097,1.0169214720300437,1.0599999877795214,1.0405700342900592,1.042427204510013,1.0445308771740553,1.0428825356732376,1.0153121486538659,1.017631214345285,1.0088246768738278,1.051774449315294,1.0495934569578904,1.053043381253873,1.059999975035517,1.0121818073697533,1.0512808121981239,1.0524473002550698,1.052257514764936,1.0575234962216227,1.0538387117933776,1.057067511101233,1.0507338503685,1.0599999895400016,1.0450739552318407,1.0481939827693685,1.0500203146264846,1.0454539202055155,1.047122660402674,1.0436179454705707,1.048300541936998,1.0520462233729704,1.053001853438035,1.0547308168045606,1.0578850948713328,1.0460455743459454,1.0481236636488043,1.0511496296094394,1.046276144744088,1.0439034503222226,1.0394425689039948,1.0375716108220743,1.0403678003235879,1.0390696335410612,1.0380206882466487,1.0436752782005159,1.0266634781589858,1.0548900911674142,1.0412493851401967,1.0408616167866689,1.0172953220275411,1.0133610730715539,1.0042698521756743
12.916666666666666,1.0318275254342202,1.037752944735502,1.0336696413075357,1.0582574308608488,1.0553427139171985,1.0525240911663012,1.0500929729304058,1.0390322705415567,1.05999997888606,1.0487794205795904,1.0444802324688471,1.0486514370129478,1.0365176428749618,1.0474672679868153,1.0489367226257849,1.0472741610473681,1.059782598598768,1.049206560327127,1.047678473580999,1.0343726082180076,1.032158525932061,1.0379469174650218,1.052789065935098,1.0505873691620746,1.059999988784732,1.0259092949331017,1.0446852188990299,1.0389509616586654,1.0381330902649186,1.03276613201351,1.0426712083242466,1.0450985525355214,1.048922906428669,1.0564779245023832,1.052850709927389,1.0526014748618462,1.059941989391245,1.0167699923186413,1.0388374981726956,1.0390377060635994,1.0343773565325722,1.040020628118826,1.0467432267664893,1.0407005839683263,1.0313092321793884,1.0423137946153087,1.0426623334833531,1.049636932751299,1.0509758089322059,1.0418739978338645,1.031183267642832,1.0273482018585693,1.0289560136770104,1.0367921725884304,1.0351656898558743,1.0344435551283897,1.0331968229261448,1.0303400794793625,1.052613387961022,1.0481210888053516,1.0515519240265732,1.0494896233609359,1.0215756740531312,1.0274126995926993,1.018139356688106,1.059999991762787,1.048490234327748,1.0169189151331564,1.0599999877795214,1.0405700342900592,1.042425302713463,1.0445308771740553,1.0428825356732376,1.0153121486538659,1.0174464340026772,1.0088246768738278,1.051774449315294,1.0494720060479545,1.0529070601340051,1.059999975035517,1.0122013747889098,1.0511747622502388,1.0525257415340332,1.052174968539621,1.0575234962216227,1.0537926297936946,1.057067511101233,1.050621306409353,1.0599999895400016,1.0450739552318407,1.0481939827693685,1.0500203146264846,1.0454881976354407,1.0473474603922597,1.0436804650102982,1.0482211684125051,1.051972373889846,1.053061702078092,1.0547308168045606,1.0578850948713328,1.046539843443277,1.0482650793936015,1.0511496296094394,1.046276144744088,1.0439034503222226,1.0393654101940915,1.0375716108220743,1.0403519819455453,1.039043968181934,1.0380206882466487,1.0436752782005159,1.0266634781589858,1.0548900911674142,1.041172726501761,1.0407820582044107,1.0172953220275411,1.0123977665329502,1.0040077436623744
13.0,1.031704179892259,1.037862103323691,1.0337167114753716,1.0588442310853046,1.0558234726836802,1.052968823329997,1.0504873147031812,1.0392604517528878,1.059999977374423,1.0488397013942081,1.044649739835335,1.048978734965689,1.0356523402095632,1.0476724879370432,1.0490630317939236,1.0474951568662014,1.059906918765807,1.049316815720503,1.0477975402150659,1.0340999286319743,1.0316868110072515,1.0373065438375055,1.0526605703809244,1.050553685600334,1.059999987780038,1.0258865393743566,1.0445809373856818,1.0389189727723913,1.038130521928918,1.0328280025259182,1.0427079467958367,1.0450384047850414,1.0490981145238027,1.056497248739644,1.0529272847138684,1.052710127838179,1.059999957570494,1.0168757624720681,1.0387209103487591,1.0389452690893108,1.0341501880288289,1.0399209142990045,1.0471137597054985,1.0416881043716808,1.0326275086770995,1.0423240761805845,1.0427040748740777,1.0496648153503334,1.051048406625127,1.0418157295483195,1.03094860531189,1.0270822160163096,1.028658797641115,1.0367093888110916,1.035110349831117,1.03436228183018,1.0331030396540828,1.0298962205921045,1.0527302815194803,1.0482071394083836,1.0516234799957207,1.049424377701499,1.0217148192717045,1.0275534000167235,1.0183159448463464,1.0599999909423934,1.0477272475951926,1.0170355722057696,1.0599999865687033,1.0400708818603457,1.0421498144103687,1.044404942004826,1.0428367911296859,1.0141715407749226,1.016546495734417,1.0074675540814564,1.0516825146898587,1.0494258729718986,1.0528446857766771,1.0599999722749267,1.0122978425503328,1.0510707105707842,1.0524075468707241,1.0522084154655085,1.0576884820046228,1.0538233849285776,1.0572671835184133,1.050577202984001,1.0599999885461366,1.0447660164886596,1.0480378917228068,1.0499511523189868,1.0451693904334614,1.0469086620666606,1.0432232118028242,1.047966302429778,1.051833670689191,1.0529501919908646,1.05476744382143,1.058084849133628,1.0464990953050926,1.048181405240716,1.0513575382264182,1.0463483368431954,1.0439114619602452,1.039275797360276,1.037302444591967,1.040479949516194,1.039213698134004,1.0383008668383686,1.0440507438511515,1.0269459731660788,1.0550605432513087,1.0410856072683954,1.0406863898433225,1.0174496456649014,1.0126173862412569,1.0028311302708366
13.083333333333334,1.031704179892259,1.037625339344459,1.0337516997764655,1.0588442310853046,1.055813349627975,1.052968823329997,1.0505145660228774,1.0392604517528878,1.059999977374423,1.0488397013942081,1.044334844670495,1.048978734965689,1.0350896406053356,1.0477026262008786,1.0490630317939236,1.0476421728725551,1.0598853103774863,1.049316815720503,1.0477975402150659,1.033571491871277,1.0312142799792177,1.0368728451762395,1.0525889866850404,1.050553685600334,1.059999987780038,1.0258865393743566,1.0445809373856818,1.0388997032141762,1.0379481926772378,1.0327903839091308,1.0427079467958367,1.0450384047850414,1.0491015529345538,1.056497248739644,1.052857134706774,1.0527101278381787,1.0599855769859188,1.0167931002137192,1.0387540164062954,1.0389452690893108,1.034205500434613,1.0399209142990045,1.0471638000999157,1.041332891766782,1.0325085558712315,1.0423240761805845,1.0422451737191452,1.0496996155860885,1.051048406625127,1.041863468249911,1.0308380498840108,1.0269615137048127,1.0281977406499558,1.0367093888110916,1.035110349831117,1.03436228183018,1.0331443927237791,1.029746367331846,1.0527302815194803,1.0482139848660552,1.0516234799957207,1.049424377701499,1.0216948840063282,1.0275302674541962,1.0183159448463464,1.0599999909423934,1.0474948055016533,1.0170576872219272,1.0599999865687033,1.0400708818603457,1.0421471385968524,1.044404942004826,1.0428367911296859,1.0141715407749226,1.0165452601679472,1.0074675540814564,1.0516825146898587,1.049463050192858,1.0529565002434147,1.0599999722749267,1.0122799386733434,1.051119268320956,1.0523071222184948,1.0522008415553414,1.0576884820046228,1.0538942032120746,1.0572671835184133,1.0508026575040912,1.0599999885461366,1.0447660164886596,1.0480378917228068,1.0499511523189868,1.0451744971453205,1.0468754283968655,1.0432790255688495,1.048034267778737,1.0519310227813925,1.052363994525606,1.05476744382143,1.058084849133628,1.046049153039603,1.048033615957917,1.0513575382264182,1.0463483368431954,1.0439114619602452,1.0394340346531206,1.037302444591967,1.0404886674735263,1.0392326758212806,1.0383008668383686,1.0440507438511515,1.0269459731660788,1.0550605432513087,1.041163116922536,1.0407764183633237,1.0174496456649014,1.012736952311287,1.0029156910765864
13.166666666666666,1.0317041798922593,1.0377142806057056,1.0335582428914327,1.0588442310853046,1.0558337618095535,1.052968823329997,1.0505108784861645,1.0392604517528878,1.059999977374423,1.0488397013942081,1.0444168293173708,1.0489787349656892,1.0350363729762078,1.0478136036264456,1.0490630317939234,1.0476121535912202,1.0599009976469165,1.049316815720503,1.0477975402150659,1.033437321632928,1.0308331921420506,1.0365081082980885,1.0524957512738427,1.050553685600334,1.059999987780038,1.0258865393743566,1.0445809373856818,1.0386986198940715,1.0379606029249477,1.0326144348012742,1.0427079467958367,1.0450384047850414,1.0486709283131783,1.056497248739644,1.0528383758460165,1.0527101278381796,1.0599224497919628,1.016339440024348,1.0385267297127456,1.0389452690893108,1.0344059470931524,1.0399209142990045,1.0462556918770025,1.0392978428729214,1.0301939231555457,1.0423240761805845,1.0421849446651295,1.0495124170917873,1.051048406625127,1.0419404644943224,1.0304461459523078,1.0265949123316163,1.0279918642048944,1.0367093888110916,1.035110349831117,1.03436228183018,1.0330188058033964,1.029488055259274,1.0527302815194803,1.0480352508029793,1.0516234799957207,1.049424377701499,1.021647183630245,1.0274840099393352,1.0183159448463464,1.0599999909423934,1.047410524201349,1.0170945655309231,1.0599999865687033,1.0400708818603457,1.0421278462346693,1.044404942004826,1.0428367911296859,1.0141715407749226,1.0161630566083073,1.0074675540814564,1.0516825146898587,1.049253799951458,1.05279655002308,1.0599999722749267,1.0122484848245605,1.0505725765509442,1.0520394437365892,1.0520162720989596,1.0576884820046228,1.0541429412611767,1.0572671835184133,1.0508175691368997,1.0599999885461366,1.0447660164886596,1.0480378917228068,1.0499511523189868,1.0450512395095608,1.0467804921088895,1.043247449509685,1.0477295210050657,1.051730993195685,1.052253732752207,1.05476744382143,1.058084849133628,1.0462247247174807,1.0480691242158557,1.0513575382264182,1.0463483368431954,1.0439114619602452,1.0394049548420912,1.037302444591967,1.0403661971485267,1.0390922821216708,1.0383008668383686,1.0440507438511515,1.0269459731660788,1.0550605432513085,1.041088008614768,1.040708211234232,1.0174496456649014,1.0118978583673373,1.0025277723438957
13.25,1.0309199311086386,1.0375499998885067,1.0333877166984091,1.0592859088665665,1.0561971544192819,1.0532961081249663,1.0508388081847808,1.0395081068507706,1.0599999751255904,1.0490126966087785,1.0446010792041402,1.0492724635557225,1.0346652525799362,1.0480423674062536,1.0489700498043788,1.0479265965960265,1.059946236471029,1.0493050475422263,1.0476808018397918,1.0333591882570743,1.0308608854210353,1.036424792841046,1.0525372781425002,1.0505642423511554,1.0599999863688008,1.0258259347929777,1.0444978346613285,1.0384230412738162,1.0376266080116696,1.032688057832926,1.0423923528029095,1.0450733308853926,1.04864237210358,1.0565687758084874,1.052916382273277,1.0527895979526813,1.0599999530387103,1.0166521518903548,1.0383702316923789,1.0384195239990774,1.0339415338430378,1.039376615485933,1.0469045437472877,1.0404148940147866,1.0314106075003537,1.0419570525978088,1.042176750848221,1.0494836744039717,1.0509303888015773,1.0419070832319146,1.030259129798912,1.0265052096551925,1.0279315762812133,1.036674871748415,1.0347119484522902,1.034080875046927,1.0329784677209721,1.0291301797474544,1.053520495705068,1.0482393045524414,1.0518610498296213,1.0493129108330976,1.0222009193514707,1.0278418501779176,1.0183632240339395,1.0599999899115413,1.0470106297339123,1.0170554936205616,1.0599999850177662,1.0397145953030509,1.0419807507324403,1.0443602344990106,1.0428850207298324,1.0124223489813464,1.0151197828697782,1.0044986326967031,1.0516386774257251,1.0492361326058808,1.0528049868363976,1.0599999701183414,1.0123053464794338,1.05029868207055,1.051754284716798,1.0520931801349551,1.0578392490284196,1.054374539053563,1.0574263121950256,1.0509095928119567,1.0599999872837471,1.044472483575536,1.0478050999290627,1.0495213535374632,1.044757162686682,1.0465280953149965,1.0430330020012142,1.047455299377784,1.0516612639579297,1.0524252647798717,1.0549249907140774,1.0584152843391235,1.0461253570514204,1.0477602699485258,1.0515480492187073,1.0466832645813446,1.0440844775569416,1.0396203776679074,1.037135779944023,1.0403451295475359,1.03897801045506,1.0380145991804608,1.0439690469897247,1.025849862787576,1.0552251514556013,1.0411045744132452,1.04072264672688,1.0174625819752783,1.0127795252735672,1.000680200901441
13.333333333333334,1.0309199311086386,1.0375498610889737,1.033481327476356,1.0592859088665667,1.0562022792130656,1.0532961081249665,1.0508081352099268,1.0395081068507706,1.0599999751255904,1.0490126966087787,1.044488629506941,1.0492724635557225,1.0339158901142542,1.0478502556306217,1.0489700498043788,1.047751497546325,1.0599634429938956,1.0493050475422263,1.0476808018397918,1.0332578119060376,1.0306965297064217,1.0360787357186043,1.0524178051316517,1.0505642423511554,1.0599999863688008,1.0258259347929777,1.0444978346613285,1.0385636168473638,1.037665124195759,1.0326193879391077,1.0423923528029095,1.0450733308853926,1.0485760599825866,1.0565687758084872,1.0529418040357137,1.0527895979526813,1.0600035701310193,1.0164406683682243,1.0384569588246464,1.0384195239990774,1.0335789902108032,1.039376615485933,1.0464654137270017,1.039963402719633,1.030861714559592,1.0419570525978088,1.0420499628477349,1.0495696559309173,1.0509303888015773,1.0416486105216924,1.029941619001003,1.0261607624049047,1.0279318199817828,1.036674871748415,1.0347119484522902,1.034080875046927,1.0329291772264138,1.0287683448218223,1.053520495705068,1.0482050153924949,1.0518610498296213,1.0493129108330976,1.0220694762559208,1.0277525871923612,1.0183632240339395,1.0599999899115413,1.0465319439734122,1.0170835997685221,1.0599999850177662,1.0397145953030509,1.0419742396381027,1.0443602344990106,1.0428850207298324,1.0124223489813464,1.0151518664459205,1.0044986326967031,1.0516386774257251,1.0491574647340356,1.0526631867205787,1.0599999701183414,1.012286532981965,1.0504539259347156,1.0519288510794873,1.0522157536680516,1.0578392490284196,1.0539534004400248,1.0574263121950256,1.0506823640222263,1.0599999872837471,1.044472483575536,1.0478050999290627,1.0495213535374632,1.0446051385451833,1.0461471565517568,1.0424578868216159,1.0472567398753378,1.0514549868398642,1.0525967960901321,1.0549249907140774,1.0584152843391235,1.0461326545815974,1.0477802285914823,1.0515480492187073,1.0466832645813446,1.0440844775569416,1.0393994005279148,1.037135779944023,1.040357956126605,1.0390130969853943,1.0380145991804608,1.0439690469897247,1.025849862787576,1.0552251514556013,1.0410093961603686,1.0406146721008254,1.0174625819752783,1.0133232995134547,1.0007875947679772
13.416666666666666,1.0309199311086386,1.0376154165954405,1.033168590623522,1.0592859088665665,1.0562133327244425,1.0532961081249663,1.0507700510392621,1.0395081068507706,1.0599999751255904,1.0490126966087787,1.04463531648446,1.0492724635557225,1.0344826340831181,1.0477546252381604,1.0489700498043788,1.047489453956527,1.0599366123447127,1.049305047542226,1.0476808018397918,1.0331233628391683,1.0303515182992184,1.0359233632367126,1.0523408373658227,1.0505642423511554,1.059999986368801,1.0258259347929777,1.0444978346613285,1.0384638437326854,1.0376865578036802,1.0325099873331378,1.0423923528029095,1.0450733308853926,1.0484048343430221,1.0565687758084874,1.0528972425908418,1.0527895979526813,1.0599509562416578,1.016170996555239,1.0381142387522881,1.0384195239990774,1.0334030491222672,1.039376615485933,1.045687377930194,1.0388796002330138,1.0299257824568853,1.0419570525978088,1.0420255311053055,1.049293278183099,1.0509303888015773,1.0413929317562043,1.0296442802428583,1.0256693112465927,1.0275049885966852,1.036674871748415,1.0347119484522902,1.034080875046927,1.0325778850514946,1.0287166069990332,1.053520495705068,1.0481386691396053,1.0518610498296213,1.0493129108330976,1.0219790103978368,1.0276846137508293,1.0183632240339395,1.0599999899115413,1.0468430310309038,1.0171119975174232,1.0599999850177662,1.0397145953030509,1.0419632779010164,1.0443602344990106,1.0428850207298324,1.0124223489813464,1.0146851027001267,1.0044986326967031,1.0516386774257251,1.0490261933526908,1.052457321210091,1.0599999701183414,1.0122798854521098,1.0500993503005684,1.051724030582226,1.051976586448542,1.0578392490284196,1.0537510833017127,1.0574263121950256,1.0503818351163101,1.0599999872837471,1.044472483575536,1.0478050999290627,1.0495213535374632,1.0444217299138612,1.0460717224214944,1.0421611609247392,1.0469792226689973,1.0511950063805875,1.0522858553848966,1.0549249907140774,1.0584152843391235,1.0462360091008276,1.0477651347529826,1.0515480492187073,1.0466832645813446,1.0440844775569416,1.0391349560315968,1.037135779944023,1.0403278118380743,1.0389689336872203,1.0380145991804608,1.0439690469897247,1.025849862787576,1.0552251514556013,1.0408758708623125,1.040465612330245,1.0174625819752783,1.011828052862051,1.0003019493709386
13.5,1.0312304507931558,1.0378444916935654,1.033773160496729,1.0596453810293578,1.0565428133158994,1.0536719341815948,1.051222787874241,1.0397051759912974,1.0599999731393852,1.0492292788738773,1.0447672674267814,1.0496476861339101,1.0340729615346573,1.048159231017489,1.0490404151413852,1.0482529179468658,1.059983683161952,1.0492656752986476,1.0476931761450787,1.0330501475833098,1.03043499744913,1.0358215580020214,1.0522692082584029,1.050490696532653,1.0599999851050734,1.0258906621853812,1.0440628227428619,1.0379185682099916,1.0370985789419827,1.0325704026370275,1.0419171108199012,1.0446733906071926,1.0486095296460234,1.0565832432595126,1.052944450496519,1.0528916714840564,1.0599999473454638,1.0164541366673485,1.0381194736085095,1.0379780458683223,1.0332059845363293,1.0391117442022972,1.0462569358201965,1.0386671818908384,1.029589807616512,1.04179476323761,1.0419388862394094,1.0494203048027844,1.050848168627555,1.041453483466175,1.0295785561056483,1.0257630347760838,1.0270166057446435,1.0362415757971535,1.0342378151261542,1.033592333858474,1.0325233955835618,1.0283278747739404,1.0535724296742532,1.0482105558440444,1.051940479527799,1.0490008570486598,1.0221238391550251,1.0277969153954285,1.0183059032412298,1.0599999890960734,1.0463230204683438,1.0170502587549082,1.059999983641787,1.0394156171008013,1.041802290720141,1.0441847935128818,1.0428646552171503,1.0115854055119176,1.0143555499365036,1.0024126530682056,1.05152876635286,1.0491149529581398,1.052732441549156,1.059999968594434,1.0123055330387216,1.0499729425543525,1.0514662753755109,1.0519823842247267,1.057773654163547,1.0539544236087728,1.0574536720550913,1.0509193227853055,1.0599999862190952,1.0438490540707652,1.0474494793633295,1.0493156197671945,1.0444471762544676,1.0460976760567702,1.042355894994051,1.047051675075191,1.0514645719051343,1.0520867943478043,1.0550071161581045,1.0587868800824976,1.0461359897391387,1.0476299921412315,1.0518112263361032,1.0468759228750801,1.0442643716037967,1.0397968156472663,1.0370351067611383,1.040413120351765,1.0390307701381523,1.03806061253168,1.0442147944638478,1.0252581705194235,1.0552870713674602,1.040696083650695,1.0403164888114012,1.0174604839236514,1.0134111210553545,0.9993639139126731
13.583333333333334,1.0312304507931558,1.0377867479554035,1.03402164251224,1.0596453810293582,1.0565380881183377,1.0536719341815945,1.0511669015273817,1.0397051759912974,1.0599999731393852,1.0492292788738773,1.0447439261054314,1.0496476861339104,1.0343103383603192,1.0481255769826843,1.0490404151413852,1.0479208308000223,1.0599419852806442,1.0492656752986476,1.0476931761450787,1.0332451966733347,1.0308791395130974,1.0362207647577506,1.052337911116333,1.050490696532653,1.0599999851050734,1.0258906621853812,1.0440628227428619,1.038057674860981,1.0370896437027803,1.0325976177604625,1.0419171108199012,1.0446733906071926,1.0485549796661746,1.0565832432595124,1.0529122828835389,1.0528916714840564,1.060021220627284,1.0165558533344596,1.0383959910396503,1.0379780458683223,1.0331471378333625,1.0391117442022972,1.0459581836812555,1.0389300047995134,1.03024889391153,1.04179476323761,1.041892178635297,1.0496411943952317,1.050848168627555,1.0414879600829314,1.0292814899246716,1.0252299786489922,1.02657628340003,1.0362415757971535,1.0342378151261542,1.033592333858474,1.032722746289463,1.0282268501479765,1.0535724296742532,1.0481807386420174,1.051940479527799,1.0490008570486598,1.022139156417795,1.0278043979750755,1.0183059032412298,1.0599999890960734,1.046497724923383,1.0170422009769293,1.059999983641787,1.0394156171008013,1.041808140430167,1.0441847935128818,1.0428646552171503,1.0115854055119176,1.0146718498462957,1.0024126530682056,1.05152876635286,1.0490048482517327,1.052493959781994,1.059999968594434,1.0123010319148418,1.0502656527084295,1.0516327467334532,1.0521726924512373,1.057773654163547,1.0538775924255006,1.0574536720550913,1.050472317071413,1.0599999862190952,1.0438490540707652,1.0474494793633295,1.0493156197671945,1.0446071511107986,1.0461899815784206,1.0423763027034478,1.0470910812459622,1.0513498141339392,1.0517976890518501,1.0550071161581045,1.0587868800824976,1.0460354859969714,1.0476334118501156,1.0518112263361032,1.0468759228750801,1.0442643716037967,1.0394264418671795,1.0370351067611383,1.0404971170035675,1.0391299377784127,1.03806061253168,1.0442147944638478,1.0252581705194235,1.0552870713674602,1.0405320848103603,1.0401279806110384,1.0174604839236514,1.0144148223933256,0.9996758019448532
13.666666666666666,1.0312304507931558,1.0379046940652055,1.0336296117696078,1.059645381029358,1.0565574897317072,1.0536719341815945,1.0510768970213502,1.0397051759912974,1.0599999731393852,1.0492292788738773,1.0448512238955228,1.0496476861339101,1.0342777777904961,1.04784100115826,1.0490404151413852,1.0473320456934083,1.0598925232535379,1.0492656752986476,1.0476931761450785,1.0329688361474834,1.030203797256451,1.0356336474922068,1.0521424656645428,1.050490696532653,1.0599999851050734,1.0258906621853812,1.0440628227428619,1.0381138399123198,1.0372013717174506,1.0324230301976325,1.0419171108199012,1.0446733906071926,1.0481803503907856,1.0565832432595126,1.052856291667571,1.0528916714840564,1.059953945209776,1.0160979283294187,1.0379450257761769,1.0379780458683225,1.0326169891934376,1.0391117442022972,1.0449596116247293,1.0383441985976785,1.0301696054412504,1.04179476323761,1.0418714211612985,1.0493093435028067,1.050848168627555,1.0409431457784633,1.0284656297626644,1.024090246562654,1.0258211306770924,1.0362415757971535,1.0342378151261542,1.033592333858474,1.0321941707542142,1.027724901804387,1.0535724296742532,1.048021804888543,1.051940479527799,1.0490008570486598,1.021954667063703,1.0276652149572305,1.0183059032412298,1.0599999890960734,1.0463915891154594,1.0170977990029864,1.059999983641787,1.0394156171008013,1.0417956359590208,1.0441847935128818,1.0428646552171503,1.0115854055119176,1.0140127279519198,1.0024126530682056,1.05152876635286,1.0487000382058085,1.052012697209107,1.059999968594434,1.0122941197131723,1.0499657170395746,1.051501154608035,1.0519142754523905,1.057773654163547,1.0532615694988392,1.0574536720550913,1.0497413524127361,1.0599999862190952,1.0438490540707652,1.0474494793633295,1.0493156197671945,1.0441184018398106,1.04564154080388,1.0413759502910425,1.0464266164807066,1.050748620931729,1.051398586222095,1.0550071161581045,1.0587868800824976,1.0462064049724167,1.0476185730515102,1.0518112263361032,1.0468759228750801,1.0442643716037967,1.0387910458373526,1.0370351067611383,1.040521599350723,1.039150876907498,1.03806061253168,1.0442147944638478,1.0252581705194235,1.0552870713674602,1.04022067960385,1.0397806011479798,1.0174604839236514,1.0126885526652758,0.9989956123045679
13.75,1.0296373975877984,1.0373715338377505,1.0324666875280724,1.0599993792330424,1.0568519880091725,1.053841643000061,1.051247039911903,1.040069531720743,1.0599999749663809,1.0494458045435857,1.0450692895842897,1.0497141386823639,1.034605365558706,1.04799040418167,1.0490465904620276,1.047643830136595,1.0599996361191624,1.0492940895924456,1.0476688204205686,1.0327405525373317,1.0297538288672823,1.0353038856933365,1.051961541527987,1.0503215484145982,1.059999986059417,1.0259228787862347,1.043721512811296,1.0374448974245984,1.0369954117254183,1.0324003643680375,1.041846434751871,1.0443292553875805,1.0482619752109752,1.056490896018562,1.0533875972658986,1.053509378364281,1.0599999385401704,1.0161520384138687,1.0378906379176531,1.0383415376870282,1.0331124525844442,1.0392819126705917,1.0445802082259148,1.036775500383689,1.028069728810114,1.0417120243314908,1.0421305623504633,1.049150142687389,1.0510101614588423,1.0410084879980253,1.0285837764171255,1.0242946341628443,1.0258140223683583,1.0359748185216382,1.03366162909432,1.0332417101630935,1.0318014391670436,1.027682605116006,1.0535310751787752,1.0479111172689861,1.0518759061010008,1.0485374271589958,1.0219967444782851,1.0277231688321513,1.0183832899212608,1.0599999900305859,1.0462954657498924,1.017135750874095,1.0599999846169363,1.0378006913153717,1.04074326808097,1.043722294041469,1.0423766616859194,1.0101886635146005,1.012680888373197,1.0014030499006055,1.0512001477250676,1.0484990840384016,1.0519531406577975,1.0599999699334337,1.0123675624912793,1.0487894649792375,1.050479800219925,1.0510827884688865,1.0572913509288444,1.053289436948336,1.057755747640946,1.0498111036695916,1.0599999872302084,1.043500612277317,1.0472343148246348,1.0492748294793717,1.0439412738623453,1.0456025021102242,1.0413267104780464,1.0460573150649553,1.0506612621023343,1.0515843163804603,1.055010826049623,1.0589645923182647,1.046353244244375,1.0475971634222625,1.0519947116216573,1.0466275031879948,1.0439078697501847,1.0386842293736416,1.036202507503247,1.0402896720387371,1.039003491998786,1.0384853721863079,1.0448147987245722,1.0259426932102667,1.0553733638616096,1.0399873098204149,1.0395635891363075,1.0175564626326872,1.011523647331006,0.9975722461908483
13.833333333333334,1.0296373975877984,1.0371471356332425,1.0326164266296542,1.0599993792330427,1.0568444370726486,1.0538416430000608,1.051245027995829,1.040069531720743,1.059999974966381,1.0494458045435857,1.0447906041155004,1.0497141386823643,1.0342066281698992,1.0480674761076803,1.0490465904620276,1.0476370729407345,1.0600091867419603,1.0492940895924456,1.0476688204205686,1.0324129915524605,1.0295997401293486,1.0351604377920376,1.0519648801343913,1.0503215484145982,1.059999986059417,1.0259228787862347,1.043721512811296,1.037445092422486,1.0368260841660448,1.032420821659001,1.041846434751871,1.0443292553875805,1.048177398689709,1.056490896018562,1.0534159980064426,1.053509378364281,1.060011048617801,1.0161965967485234,1.0380509588134008,1.0383415376870284,1.0332575210091257,1.0392819126705917,1.0448869673158483,1.037547436807532,1.0288546123842033,1.0417120243314908,1.0417989179594773,1.0492829048132684,1.0510101614588423,1.0411763526773787,1.0285502267349727,1.0243239567015945,1.0259888463182554,1.0359748185216382,1.03366162909432,1.0332417101630935,1.0319873036146214,1.0276157738072158,1.0535310751787752,1.047871074416665,1.0518759061010008,1.0485374271589958,1.0220426281397823,1.0277544775141467,1.0183832899212608,1.0599999900305859,1.0461726531360818,1.0171246210540905,1.0599999846169363,1.0378006913153717,1.040746490148405,1.043722294041469,1.0423766616859194,1.0101886635146005,1.012874186924561,1.0014030499006055,1.0512001477250676,1.0484542021249792,1.051912934975287,1.0599999699334337,1.0123618092678184,1.0488683176621456,1.0503872351353165,1.051134565131912,1.0572913509288444,1.0534589378793426,1.057755747640946,1.0497946206560365,1.0599999872302084,1.043500612277317,1.0472343148246348,1.049274829479372,1.044026900325194,1.0456308706860533,1.0414673668664471,1.0460923571968357,1.0506760203776386,1.0518032162627053,1.055010826049623,1.0589645923182647,1.045936270465622,1.0474792537544197,1.0519947116216573,1.0466275031879948,1.0439078697501847,1.038670792081228,1.036202507503247,1.0403168898059287,1.0390396027554585,1.0384853721863079,1.0448147987245722,1.0259426932102667,1.0553733638616096,1.0399681040371824,1.039545516191116,1.0175564626326872,1.012348502319201,0.9978212014560374
13.916666666666666,1.0296373975877984,1.0373147667625373,1.0328354501473465,1.0599993792330427,1.0568646249766587,1.053841643000061,1.0512422347850623,1.040069531720743,1.0599999749663809,1.0494458045435857,1.0449303713254259,1.049714138682364,1.034019059916983,1.047919289785419,1.0490465904620276,1.0476443942649094,1.060007097415546,1.0492940895924454,1.0476688204205684,1.0327696486059639,1.0299292631270578,1.0352184864934257,1.051886469183079,1.0503215484145982,1.059999986059417,1.0259228787862347,1.043721512811296,1.0374023972308482,1.0369417092078688,1.0322700088771826,1.041846434751871,1.0443292553875805,1.0476389814953924,1.056490896018562,1.053350867415476,1.053509378364281,1.0599795961624427,1.0158298543138122,1.0382586512265493,1.0383415376870282,1.0329788522432304,1.0392819126705917,1.0441248201419158,1.035771575416347,1.027108838678359,1.0417120243314908,1.0418437981652084,1.0494615538664642,1.0510101614588423,1.0409967371807731,1.027891645159094,1.023640438524697,1.0253309135039745,1.0359748185216382,1.03366162909432,1.0332417101630935,1.0320472425339522,1.0271544506514898,1.0535310751787752,1.0476305228647638,1.0518759061010008,1.0485374271589958,1.02187246637235,1.0276183755703934,1.0183832899212608,1.0599999900305859,1.0459360321464357,1.0171761994408983,1.0599999846169363,1.0378006913153717,1.0407303593240314,1.043722294041469,1.0423766616859194,1.0101886635146005,1.013046513269864,1.0014030499006055,1.0512001477250676,1.0481822630182431,1.0517202328299846,1.0599999699334337,1.0123373737781987,1.048477009592978,1.0503101562912087,1.0512453873012995,1.0572913509288444,1.0531302036011063,1.057755747640946,1.0498272137317894,1.0599999872302084,1.043500612277317,1.0472343148246348,1.0492748294793717,1.0439360521367385,1.0452488142069,1.0407881037568616,1.0455268818276298,1.0503545668954313,1.0512595908742428,1.055010826049623,1.0589645923182647,1.0462831491687707,1.047635666115368,1.0519947116216573,1.0466275031879948,1.0439078697501847,1.0386420414711783,1.036202507503247,1.0402537706447612,1.038970133270462,1.0384853721863079,1.0448147987245722,1.0259426932102667,1.0553733638616094,1.0398807765806108,1.0394692420783571,1.0175564626326872,1.0132359973658294,0.9980894947343658
14.0,1.0307577595936772,1.0376227783578116,1.0336506399835175,1.0599990703270734,1.0569454727689982,1.0538690362707808,1.051367107365905,1.0402499428500542,1.0599999533449822,1.0498140926655921,1.0446821232320194,1.0499410816859698,1.0331920713614269,1.048065606583465,1.0488624959011383,1.0479349244545484,1.0599961853476043,1.0493016856861128,1.0476436593106806,1.032153740427379,1.029367412680005,1.0346272954558986,1.0517073305766462,1.0502324877681266,1.0599999742461024,1.02595276191266,1.0433595445322468,1.0369798977540208,1.0362196114297908,1.0321714330912313,1.0412909275966058,1.0440396312348161,1.047613454008471,1.0565392574576573,1.0534287886886284,1.0536716334457599,1.0599998879942514,1.0158194120977235,1.0379295759050255,1.0377213497221756,1.0323700223338197,1.0385244690890536,1.0439225881763055,1.0347377283190942,1.026068660184886,1.0416054203596528,1.0414498812067252,1.0494037882969842,1.0508912003858415,1.040821508401043,1.0274036040083991,1.023127956179648,1.024521839787431,1.0355865805739481,1.033266266706975,1.0326591164394745,1.0316875741153417,1.0264656756992445,1.053891867910642,1.0475970088739883,1.051927267563903,1.0478431292350778,1.0220394444220193,1.0276526524667342,1.0180957900429553,1.0599999816591483,1.0451890368247543,1.0169336458688314,1.0599999715791886,1.037480582636561,1.040592273411515,1.0435708273461446,1.042444018418753,1.0086095269913977,1.011960886536981,0.9989313485571414,1.0510561461509997,1.0481226435134243,1.051723429381152,1.059999946913914,1.0122358460367613,1.0483676584115014,1.0498285065997643,1.0507460445561525,1.0567465935725688,1.0529175090341905,1.0579237315583212,1.0497184835298896,1.0599999773912698,1.0428823667582434,1.0468698174694058,1.048663880113047,1.0435760980937892,1.0450770057457217,1.0406888292392351,1.0454314752376068,1.0503786246506601,1.0509975935827778,1.055227727460483,1.0595182980294127,1.0458248112231479,1.0470760322012116,1.0523655712191156,1.0470037533551237,1.0441779399428524,1.038986075763436,1.0360120552935639,1.0403522370396165,1.039020025412477,1.038319032845594,1.0449302077257974,1.0248587952354995,1.0555291909268336,1.0396262013463744,1.0392177808246537,1.0173276956142165,1.0136643683373459,0.996379416123001
14.083333333333334,1.0307577595936772,1.0375881556035174,1.0332362284410361,1.0599990703270734,1.0569362516522072,1.0538690362707808,1.0513778820622255,1.0402499428500542,1.059999953344982,1.0498140926655921,1.0446310928520297,1.0499410816859698,1.0331091484730313,1.0480988587131923,1.0488624959011383,1.0479661579711468,1.0599844783397425,1.0493016856861126,1.0476436593106806,1.0317399943647811,1.0287079833781982,1.0341969505249096,1.0516842717897306,1.0502324877681266,1.0599999742461024,1.02595276191266,1.0433595445322468,1.0371308407985464,1.0362429749639168,1.0322448292986137,1.0412909275966058,1.0440396312348161,1.0477344463609586,1.0565392574576573,1.053458020000374,1.0536716334457599,1.059989175707303,1.0159847315156376,1.0374778915758054,1.0377213497221756,1.0324351786836048,1.0385244690890536,1.0448639835332783,1.0368601769719128,1.028414878195823,1.0416054203596528,1.0415269160718312,1.049066889546087,1.0508912003858415,1.0407821658661685,1.0276825679843098,1.0234859357692492,1.0248691305878321,1.0355865805739481,1.033266266706975,1.0326591164394745,1.0313964023104176,1.0266181991404497,1.053891867910642,1.0476566374506395,1.051927267563903,1.0478431292350778,1.0221416339080767,1.027727948072101,1.0180957900429553,1.0599999816591483,1.04517100434049,1.0169027794452221,1.0599999715791886,1.037480582636561,1.0406016808924867,1.0435708273461446,1.042444018418753,1.0086095269913977,1.011494939943613,0.9989313485571414,1.0510561461509997,1.0482059945099782,1.0518021519959808,1.059999946913914,1.0122696649526313,1.0486508737981786,1.0498837612522232,1.0505118631677806,1.0567465935725688,1.0529941931084237,1.0579237315583212,1.049736436019228,1.0599999773912698,1.0428823667582434,1.0468698174694058,1.048663880113047,1.043333735134203,1.0450476468734424,1.0407705733317922,1.0455380874029532,1.0504868425626221,1.0512915482502703,1.055227727460483,1.0595182980294127,1.0456878678056956,1.046947963438766,1.0523655712191156,1.0470037533551237,1.0441779399428524,1.0390557517409027,1.0360120552935639,1.0404473604973594,1.0391229456904012,1.038319032845594,1.0449302077257974,1.0248587952354995,1.0555291909268336,1.0396713590022661,1.0392641390840878,1.0173276956142165,1.0119178699900235,0.9958180911452735
14.166666666666666,1.0307577595936772,1.0375899093303529,1.0333966495671312,1.0599990703270734,1.0569320568064329,1.0538690362707808,1.051369665170452,1.0402499428500542,1.059999953344982,1.0498140926655921,1.0447121350585773,1.0499410816859698,1.0336529691202465,1.048043979563721,1.0488624959011386,1.0479274782333083,1.0599620571182715,1.0493016856861126,1.0476436593106806,1.03197942321448,1.029124051421738,1.0346123625068073,1.0517213836481825,1.0502324877681266,1.0599999742461024,1.02595276191266,1.0433595445322468,1.0371955013249698,1.0362504753637214,1.0322146073818013,1.0412909275966058,1.0440396312348161,1.047766665917586,1.0565392574576573,1.0533856580755212,1.0536716334457596,1.0599907175122658,1.0159438561077034,1.037666517868064,1.0377213497221756,1.0323327390789743,1.0385244690890536,1.0440225353647705,1.0349317628218426,1.0265092416047024,1.0416054203596528,1.041457112131046,1.049198645633608,1.0508912003858415,1.0407184839105381,1.027551507960333,1.0231751664397253,1.0242908784159694,1.0355865805739481,1.033266266706975,1.0326591164394745,1.0314668090024006,1.026668674208095,1.053891867910642,1.0476697993686175,1.051927267563903,1.0478431292350778,1.0220692180332294,1.027673659143395,1.0180957900429553,1.0599999816591483,1.0454973847149711,1.0169246524379436,1.0599999715791886,1.037480582636561,1.0405987956877245,1.0435708273461446,1.042444018418753,1.0086095269913977,1.0116936035127646,0.9989313485571413,1.0510561461509997,1.048203778910331,1.0517874452536489,1.059999946913914,1.0122521016954813,1.0488897954833338,1.0501194899682127,1.0506931880678305,1.056746593572569,1.0528708243833813,1.0579237315583212,1.049715590892549,1.0599999773912698,1.0428823667582434,1.0468698174694058,1.048663880113047,1.0435585771511477,1.0452806068699696,1.040908735263908,1.0457352620223046,1.0505569243264556,1.0506720022900384,1.055227727460483,1.0595182980294127,1.0457257030215281,1.0469979372712457,1.0523655712191156,1.0470037533551237,1.0441779399428524,1.0390001269842577,1.0360120552935639,1.0404549747813945,1.0391481742978037,1.038319032845594,1.0449302077257974,1.0248587952354995,1.0555291909268336,1.0396560223144518,1.0392448335341318,1.0173276956142165,1.0127307623374968,0.9960738110639178
14.25,1.0291214409215934,1.0366380856182933,1.0323016353588952,1.0599991611274924,1.0569462397622047,1.0538322720526374,1.051209391834208,1.0405041056384923,1.0599999295893594,1.050014728528955,1.044290586141462,1.0497219302997636,1.0328487756549793,1.047797358509795,1.0488120583989025,1.047440793429693,1.0599988463756207,1.0493500416400785,1.047390507859607,1.031141015767739,1.0282134448927798,1.03376675989672,1.051492713889014,1.0502426637891975,1.05999996054256,1.0259740114718978,1.043162115323709,1.0364874163062927,1.035782900337261,1.0320510134935224,1.0411032095972836,1.0438551023850529,1.0476503584308698,1.056487611143798,1.0536696355513906,1.0540052568679577,1.0599998137981717,1.015625657800727,1.037731074938069,1.0379501842120578,1.0324574167678318,1.0388819628362884,1.0429840397014067,1.0335723629766742,1.025056550192248,1.041445939716099,1.0410709057747212,1.0491546971760286,1.0509851719644543,1.0405130906928919,1.0268963357605143,1.0223586826416202,1.0238587889551878,1.0353929872118037,1.0327063999899957,1.0321975097693135,1.0310347130016504,1.0259659191018884,1.054215242483292,1.0477645652266445,1.052096299550845,1.0477908874216306,1.0221883060742842,1.0277774832069018,1.0181547574810093,1.0599999721904854,1.0451382834414034,1.0169801167557746,1.0599999570519145,1.035995791340291,1.0397397432405044,1.043356362733114,1.042246322478389,1.0058021528233774,1.0096264084503257,0.996945192276665,1.0506283126249323,1.0477010934934043,1.0512455079587273,1.0599999199379952,1.01226531763377,1.0472152415525207,1.048569504921987,1.0495753280445002,1.0559036035959568,1.0522248869612978,1.0580244167720905,1.048902614104518,1.0599999656824837,1.0425913546405539,1.046585985096527,1.0480703943662963,1.0428636249613001,1.0445631916622016,1.0399674202952955,1.0447510463315182,1.049873998101823,1.050731471451463,1.0552265539646537,1.0596201102354577,1.0451725422799805,1.046400699724471,1.0524485073437324,1.0469492556529276,1.0440770338328311,1.038480940073277,1.0356616384555255,1.0401777263495173,1.0388264833610241,1.0382399737009034,1.0450112619530953,1.0247566269499453,1.0556135686115764,1.039291446243994,1.0388545398117848,1.0173789239619317,1.012024849146491,0.9939544836839581
14.333333333333334,1.0291214409215934,1.0369735737699364,1.0324341598625684,1.0599991611274924,1.0569725890149437,1.0538322720526374,1.0511617353584155,1.0405041056384923,1.0599999295893594,1.050014728528955,1.0446172366403301,1.0497219302997636,1.03282900448768,1.047526147808426,1.0488120583989025,1.0471645096596918,1.0599470301143585,1.0493500416400785,1.047390507859607,1.0317669276204653,1.0287009984953646,1.0339504033860454,1.0514354045600838,1.0502426637891975,1.05999996054256,1.0259740114718978,1.043162115323709,1.0366341012100244,1.0360879625685235,1.0319327221926757,1.0411032095972836,1.0438551023850529,1.046857832562431,1.056487611143798,1.0535831762609618,1.0540052568679577,1.0599641013484096,1.0153656664040545,1.037825032621644,1.037950184212058,1.0319597484943228,1.0388819628362882,1.0427010232707858,1.0337892629091487,1.0259592600569047,1.041445939716099,1.041485882799785,1.0492785135725624,1.0509851719644543,1.040169070078373,1.025889817327371,1.0211964712213317,1.022877470705158,1.0353929872118037,1.0327063999899957,1.0321975097693135,1.0309845423719188,1.0253151185217828,1.054215242483292,1.0474084718152796,1.052096299550845,1.0477908874216306,1.0220402326914677,1.0276487806123982,1.0181547574810093,1.0599999721904854,1.044906576292427,1.0170185224454622,1.0599999570519145,1.035995791340291,1.0397327847484035,1.043356362733114,1.042246322478389,1.0058021528233774,1.0097463152522452,0.9969451922766649,1.0506283126249323,1.0472440883871403,1.0507834248939745,1.0599999199379952,1.012276154023543,1.0469034704760847,1.0485584973756945,1.0496370766163179,1.0559036035959568,1.0516268391502457,1.0580244167720905,1.0485191174560575,1.0599999656824837,1.0425913546405539,1.046585985096527,1.0480703943662963,1.0425312158591074,1.0438939399303795,1.0387897026195598,1.0438109045191781,1.0492770664611053,1.0500528475424253,1.0552265539646537,1.0596201102354577,1.0457788591120052,1.0466097010175497,1.0524485073437324,1.0469492556529276,1.0440770338328311,1.0381477050368735,1.0356616384555255,1.0402292258570214,1.038868328030875,1.0382399737009034,1.0450112619530953,1.0247566269499453,1.0556135686115764,1.0390373848439438,1.0385955988417976,1.0173789239619317,1.0126074242485017,0.9941228860754773
14.416666666666666,1.0291214409215934,1.036683423978726,1.0321026605686152,1.0599991611274924,1.056979004804278,1.0538322720526374,1.0510991660303557,1.0405041056384923,1.0599999295893596,1.050014728528955,1.0442331877056703,1.0497219302997636,1.0321480534282887,1.0474656310337183,1.0488120583989027,1.0467098857704318,1.0598751976999201,1.0493500416400787,1.047390507859607,1.0305991331358346,1.0272470459734415,1.0326961997880375,1.0511318580058875,1.0502426637891975,1.05999996054256,1.0259740114718978,1.043162115323709,1.0363435625345012,1.0357944856704036,1.031616766057631,1.0411032095972836,1.043855102385053,1.0465349839832685,1.056487611143798,1.0534457613142807,1.0540052568679577,1.05984540121239,1.0145482015157419,1.0374438078554633,1.0379501842120578,1.0318312752285577,1.0388819628362886,1.0410780457806672,1.0313016160034567,1.0239935631973192,1.041445939716099,1.0405198183304263,1.0489848557951424,1.0509851719644543,1.0399243894867412,1.0249564550745327,1.0198971651715654,1.0216055763728944,1.0353929872118037,1.0327063999899957,1.0321975097693135,1.030604861490205,1.0246698405813934,1.054215242483292,1.0472918593243608,1.052096299550845,1.0477908874216306,1.0218428749732182,1.0274860077628567,1.0181547574810093,1.0599999721904854,1.0446054622345209,1.0170785673512792,1.0599999570519145,1.035995791340291,1.0396978548562026,1.043356362733114,1.042246322478389,1.0058021528233774,1.0089666143019689,0.9969451922766648,1.0506283126249323,1.0470083924699216,1.0504414410653107,1.0599999199379952,1.0121892890309485,1.046159689198163,1.0479335612526488,1.049272302962515,1.0559036035959568,1.0515029078034792,1.0580244167720905,1.0480544995310759,1.0599999656824837,1.0425913546405539,1.046585985096527,1.0480703943662963,1.0422039981627824,1.043518044952082,1.0382656117744626,1.0432985902669414,1.0487791928390653,1.048957261190087,1.0552265539646537,1.0596201102354577,1.0452134770888182,1.046365831305943,1.0524485073437324,1.0469492556529276,1.0440770338328311,1.0376511143538238,1.0356616384555255,1.0401342675320375,1.0387579289782085,1.0382399737009034,1.0450112619530953,1.0247566269499453,1.0556135686115764,1.038814972358354,1.0383481855322347,1.0173789239619315,1.0113374739701129,0.9934162885845492
14.5,1.027443188605219,1.036357097696077,1.0312948924939114,1.0599998180730645,1.057042582990236,1.0537556337878424,1.0511346338933023,1.0409882069355918,1.0599999632840114,1.0502267569893968,1.0445191389151585,1.0498352706693166,1.0319768566252836,1.0470489282418691,1.0474428894833023,1.0470988873186284,1.0599603877236878,1.0501684442104207,1.0466772821512031,1.030792649461257,1.0276199419850165,1.0329808852568476,1.0510949212575365,1.050005872096695,1.0599999795202586,1.0259311612590862,1.0433893107456942,1.036300845944408,1.035997945006203,1.031854649633666,1.041130555063469,1.0437089607892827,1.0460417086070768,1.0565175332901642,1.0540848416231774,1.0546719889334217,1.05999989387451,1.0153507859729636,1.037307999573467,1.0374350386156728,1.0310039504222788,1.0380782171962197,1.0425778282660743,1.0338686180108474,1.026418486990238,1.041436024523336,1.0414932244958732,1.0490997245126203,1.050950624495018,1.0397617711003506,1.0253632336660288,1.0205305770567923,1.022211490161468,1.0353477297050229,1.0321086059374007,1.0320459792564913,1.030600936449676,1.0248240782259515,1.053379124769343,1.0467710021742205,1.0517165249743523,1.0464350657733648,1.0215585306679595,1.0274010511368865,1.0183835818120304,1.0599999849240347,1.04393269759847,1.0172143488201022,1.0599999756150673,1.0352580599638561,1.0392827795431552,1.0432859885399874,1.0420573703725384,1.0058092568728538,1.0087451554734874,0.9939242296433815,1.0486596263077732,1.0454183282567684,1.0493356542019123,1.0599999529090114,1.0124289401526698,1.0443522504523215,1.046147194179949,1.0476375915556155,1.0542815609339702,1.050604416703624,1.0591596384931337,1.0475755651037686,1.0599999812609682,1.043735232666648,1.0473878783268258,1.0482926580768854,1.0421185919172438,1.0431435992902318,1.0374555913015027,1.0423760240125877,1.0484781792105613,1.049714808224939,1.0557498370835827,1.059974328125715,1.045960235717587,1.0467753277774652,1.052624153415626,1.046645870850482,1.0436608627126711,1.0375007617881462,1.0344645674370265,1.0399577650751448,1.0386488906993854,1.0385335448416517,1.0455582104039547,1.0244330617390396,1.0560507100260346,1.038961268634629,1.0385361105214843,1.0176416956205396,1.012219657839539,0.9920431249087273
14.583333333333334,1.0274431886052193,1.036050685758029,1.0313899840563576,1.0599998180730645,1.057054631801839,1.0537556337878422,1.0510373056375515,1.0409882069355918,1.0599999632840114,1.0502267569893968,1.0440875694762557,1.0498352706693166,1.0310897945287498,1.0466900770688408,1.0474428894833023,1.0464742189502712,1.0599154884086646,1.0501684442104204,1.0466772821512031,1.0298833720806102,1.0266597115036697,1.0319599279431824,1.0507142132527725,1.050005872096695,1.0599999795202586,1.0259311612590862,1.0433893107456942,1.036108841016827,1.0357056245732728,1.0314508715114945,1.041130555063469,1.0437089607892829,1.0456925590396806,1.0565175332901642,1.0539558599116667,1.0546719889334217,1.0598970892704818,1.0142751964465193,1.0373841131050776,1.0374350386156728,1.0303114132693212,1.0380782171962197,1.0397800011195155,1.0291740606867916,1.0218979901602834,1.041436024523336,1.0402397371659413,1.0491641534568958,1.050950624495018,1.0391507172371799,1.0240765615227525,1.018769194303563,1.0207650855803039,1.0353477297050229,1.0321086059374007,1.0320459792564913,1.0303338129696136,1.0239222969019626,1.053379124769343,1.0466280013918212,1.0517165249743523,1.0464350657733648,1.0210924998008792,1.0270528958281413,1.0183835818120304,1.0599999849240347,1.0434823833650448,1.0173046007760338,1.0599999756150673,1.0352580599638561,1.0392333023322133,1.0432859885399874,1.0420573703725384,1.0058092568728538,1.008357743751427,0.9939242296433815,1.0486596263077732,1.0451093260464657,1.048852227677253,1.0599999529090114,1.0122913605841537,1.043748859063812,1.045767667848581,1.0476214824111652,1.0542815609339702,1.049814762702354,1.0591596384931337,1.0469049801142107,1.0599999812609682,1.043735232666648,1.0473878783268258,1.0482926580768854,1.0419193545225893,1.0425542313257752,1.0363129923374768,1.041715192486113,1.0477609197651965,1.0485860177051778,1.0557498370835827,1.059974328125715,1.0454377439560407,1.0466341194391255,1.052624153415626,1.046645870850482,1.0436608627126711,1.0367565404824375,1.0344645674370265,1.0398407510775522,1.0385457232520994,1.0385335448416517,1.0455582104039547,1.0244330617390396,1.0560507100260346,1.0386402773091807,1.0381754528497846,1.0176416956205396,1.0125150417062234,0.9918250787666182
14.666666666666666,1.027443188605219,1.0361228468828039,1.031167146801748,1.0599998180730645,1.057069828072344,1.0537556337878424,1.0509954693905503,1.0409882069355918,1.059999963284011,1.0502267569893968,1.0442149383659656,1.0498352706693168,1.0314316033307769,1.0468294973092067,1.0474428894833023,1.0461823574309914,1.059873975324064,1.0501684442104207,1.0466772821512031,1.0298178128599633,1.0264147302987354,1.0318287122148389,1.0507070540459378,1.050005872096695,1.0599999795202586,1.0259311612590862,1.0433893107456942,1.0357472955819695,1.0356725878989224,1.031360151547453,1.041130555063469,1.0437089607892829,1.045446246278526,1.0565175332901642,1.0539218831319193,1.0546719889334217,1.059846272958807,1.0140695400880926,1.0371411479587538,1.0374350386156728,1.0305703543189595,1.0380782171962197,1.0394716417109233,1.0293116634303607,1.0223940420344786,1.041436024523336,1.0403201970358087,1.0489612500847951,1.050950624495018,1.0392930118101138,1.0237572004748865,1.0182916166853444,1.020411902542299,1.0353477297050229,1.0321086059374007,1.0320459792564913,1.0302372176686034,1.0238055829473565,1.053379124769343,1.0465336358191129,1.0517165249743523,1.0464350657733648,1.0211599704553436,1.0270901468624625,1.0183835818120304,1.0599999849240347,1.0436578718713687,1.0173077239989181,1.0599999756150673,1.0352580599638561,1.0392254753711065,1.0432859885399874,1.0420573703725384,1.0058092568728538,1.0080346280635362,0.9939242296433815,1.0486596263077732,1.044939985498076,1.0486040700954848,1.0599999529090114,1.012287455704527,1.0428553416518411,1.0451452199509934,1.0472851965204892,1.0542815609339702,1.0501270451345517,1.0591596384931337,1.0465490548192102,1.0599999812609682,1.043735232666648,1.0473878783268258,1.0482926580768854,1.0417746881577226,1.0425026479198238,1.0363019288128164,1.04130072935048,1.0474371394564626,1.04837814477861,1.0557498370835827,1.059974328125715,1.0455540526065619,1.0466292098365417,1.052624153415626,1.046645870850482,1.0436608627126711,1.0364693492781814,1.0344645674370265,1.0397462968623623,1.038394512259982,1.0385335448416517,1.0455582104039547,1.0244330617390396,1.0560507100260346,1.0384847738221907,1.0380042698723606,1.0176416956205396,1.011390198885282,0.9914643252808762
14.75,1.0259625235703367,1.0356375999924543,1.0302870721798765,1.0599997524636964,1.057151040920475,1.0535938987285804,1.0508780334367231,1.0416069686177445,1.0599999472765647,1.0508685594614222,1.0442204605208447,1.0497627385315162,1.030924620136982,1.045955767593063,1.0455405277590968,1.0461579918843504,1.0595818018332228,1.0504157017248308,1.0454609723890809,1.0291579923765566,1.025919226000206,1.031457209234302,1.0504004741304316,1.0497252653108262,1.0599999703341123,1.0260791938081935,1.0428718915973922,1.0354702779524356,1.0353662906736436,1.0313581144281552,1.0406760046436871,1.0430274301258287,1.0440341960089303,1.0567017990112575,1.0535465213542312,1.054272562727115,1.059999845635828,1.0148284093243662,1.0374981972098294,1.0379327564741365,1.0302778369066463,1.037589924318395,1.0404199160864254,1.0307609252262777,1.0241913410237364,1.0413521112945083,1.041311991090899,1.0490899545455374,1.0511173544408194,1.0387832300617743,1.0229666252767133,1.0174550076462663,1.0192765060316356,1.034736574988756,1.0310219505716458,1.0311411680468232,1.0295200775796427,1.02295213479665,1.053132979605493,1.0459958101287494,1.0516636373563806,1.04499295143029,1.021105472873797,1.0270831327748324,1.0182703272226088,1.0599999780312537,1.0429155074960035,1.0171866965557614,1.0599999635658972,1.0328728053242537,1.037844774947262,1.0427382820185305,1.0416172689554426,1.0025597991302622,1.005695909937869,0.9898965126801476,1.046102422435314,1.0424728801864918,1.0467502071256116,1.0599999235486333,1.0124355972018713,1.0410595866391128,1.0430032419009012,1.0450517681658686,1.052126943365581,1.0483015329401302,1.0597379940237202,1.0455405126734896,1.0599999724826128,1.04334335930259,1.0470823835984489,1.0475305691174226,1.0406217633723287,1.0412242916082763,1.0343512439669198,1.0395117434884655,1.0466621089375596,1.0480115340682545,1.055596182340612,1.0599848401164735,1.0453906802666397,1.0460375880064117,1.0525315301511176,1.045624827976675,1.0424459734458755,1.0353202145655709,1.0320554545699379,1.0394487709312912,1.0384069281711736,1.039166325571009,1.0465051564537315,1.0267301631066577,1.0562647057120025,1.0378161543650897,1.0373613233269616,1.0176092860296926,1.0115119961040118,0.9883189015250211
14.833333333333334,1.0259625235703367,1.0356899892327325,1.0301020748662595,1.0599997524636964,1.0571631466109481,1.05359389872858,1.050848284492185,1.0416069686177445,1.0599999472765647,1.0508685594614222,1.0443488902284164,1.0497627385315162,1.0314104550927654,1.0456634879160884,1.0455405277590968,1.0459401655529474,1.059534139402523,1.0504157017248308,1.0454609723890809,1.0290678210257183,1.0256741335110837,1.0313144535356173,1.050278670463667,1.0497252653108262,1.0599999703341123,1.0260791938081935,1.0428718915973922,1.0351262401627448,1.035319723052136,1.0312417129481464,1.0406760046436871,1.0430274301258287,1.0439231067169432,1.0567017990112575,1.0534520806843306,1.054272562727115,1.0599498036320056,1.0145566679863591,1.0372921852408636,1.0379327564741365,1.0297302469085436,1.0375899243183953,1.0399088208292804,1.0301830193320392,1.0241320138097225,1.0413521112945083,1.0411919377251193,1.0489275172467878,1.0511173544408194,1.0382524916170328,1.0225600801879018,1.0167894547269627,1.0184576047975613,1.034736574988756,1.0310219505716458,1.0311411680468232,1.0291315291632472,1.0228150410210797,1.053132979605493,1.04595095628421,1.0516636373563806,1.04499295143029,1.0208810816386227,1.0269164421711574,1.0182703272226088,1.0599999780312537,1.0431464271291568,1.0172291251905543,1.0599999635658972,1.0328728053242537,1.0378310625150826,1.0427382820185305,1.0416172689554426,1.0025597991302622,1.005370953962529,0.9898965126801474,1.046102422435314,1.0423780697963707,1.0466008411041834,1.0599999235486333,1.0124288113059552,1.040048969871503,1.0423293811532255,1.044730376027807,1.052126943365581,1.0476534942591975,1.0597379940237202,1.0452852746790986,1.0599999724826128,1.04334335930259,1.0470823835984489,1.0475305691174226,1.0403075030034212,1.0408143608017992,1.0333824402456657,1.0387877895405482,1.0461926128497379,1.0472660133969416,1.055596182340612,1.0599848401164735,1.045471060412318,1.0460269562917115,1.0525315301511176,1.045624827976675,1.0424459734458755,1.0350821635207967,1.0320554545699379,1.0393593512993082,1.0382653782846247,1.039166325571009,1.0465051564537315,1.0267301631066577,1.0562647057120025,1.037714592557082,1.0372467017180216,1.0176092860296926,1.0106478110521226,0.9880305248661285
14.916666666666666,1.0259625235703367,1.035637064382629,1.0302470755586621,1.0599997524636964,1.057184632834294,1.0535938987285802,1.050766188181233,1.0416069686177445,1.0599999472765644,1.0508685594614222,1.044090264465106,1.0497627385315165,1.0299990774251098,1.0453575759584104,1.0455405277590968,1.0454284784091352,1.0595133624274908,1.0504157017248308,1.0454609723890809,1.0286445145621919,1.025075836826531,1.030406903951826,1.0499862881695041,1.0497252653108262,1.0599999703341123,1.0260791938081935,1.0428718915973925,1.0350367118219106,1.0352659821736652,1.030975490406905,1.0406760046436871,1.0430274301258284,1.0433534826767492,1.0567017990112575,1.053429250415452,1.054272562727115,1.0598841980416869,1.0138205315901532,1.0373888173257027,1.0379327564741363,1.0291478613339047,1.037589924318395,1.0388679534001117,1.0294169602628318,1.0237013206501553,1.0413521112945083,1.0406404841695587,1.0490535192942,1.0511173544408194,1.0378206643419607,1.021412141234899,1.0154723275694908,1.0178204651695508,1.034736574988756,1.0310219505716458,1.0311411680468232,1.0290281838696458,1.0218261224142726,1.053132979605493,1.0457011973001058,1.0516636373563806,1.04499295143029,1.0205770233758376,1.0266819459105407,1.0182703272226088,1.0599999780312537,1.0422461647346517,1.0172730011950024,1.0599999635658972,1.0328728053242537,1.0378017489022457,1.0427382820185305,1.0416172689554426,1.0025597991302622,1.0052272186333204,0.9898965126801477,1.046102422435314,1.0419872072979899,1.046087623643557,1.0599999235486333,1.0123615324984538,1.039408882053904,1.041960686880397,1.0447151903454233,1.052126943365581,1.0469758490155723,1.0597379940237202,1.0446530263703853,1.0599999724826126,1.04334335930259,1.0470823835984489,1.0475305691174226,1.039879155110689,1.0398749438492194,1.0319782823521109,1.0378008189441115,1.0454109782118017,1.0470763025451255,1.055596182340612,1.0599848401164735,1.0453702111140646,1.0460093877624674,1.0525315301511176,1.045624827976675,1.0424459734458755,1.0344639998706604,1.0320554545699379,1.039311630349927,1.0382099795244288,1.039166325571009,1.0465051564537315,1.0267301631066577,1.0562647057120025,1.0373991678045795,1.0369039591031886,1.0176092860296926,1.011227162254437,0.9880133023516002
15.0,1.0251797865757788,1.0349058521773404,1.029661650353448,1.0599999855697848,1.0571808462863124,1.053254103945445,1.0502283596215793,1.0421049811620833,1.0599999974668886,1.0512997020166528,1.0435481447451187,1.0491959098609716,1.029187341726319,1.0440953357800824,1.0428252047457534,1.0442164417662743,1.05882958011064,1.0506211882470122,1.0436341255001103,1.0271849449641235,1.0240444054999425,1.0298013757151585,1.0495646812553865,1.0492513061270992,1.0599999985513802,1.0263460738756924,1.0423917890991863,1.0340543397401452,1.0342802197546235,1.0310196502977802,1.0398226597622156,1.0420543864943743,1.0411387331432254,1.0566360371542125,1.053082741897946,1.0539819601827465,1.0599999880726474,1.0149594908272817,1.0397664185970346,1.0413675115599228,1.0322136051040824,1.0401970657728692,1.0380784891618984,1.0291365164124522,1.0240607262845727,1.0410581092681328,1.0411250917178716,1.049073311993539,1.0512679700395375,1.0374102447859492,1.0194811367208885,1.0130311308312063,1.0155771580665514,1.0339916269688016,1.0292289218834556,1.029858930973049,1.0280681591421768,1.0202341309304153,1.052134643110411,1.0448913962476283,1.0515790041557191,1.0432883482982573,1.0202606869905875,1.02662074827237,1.0184210553962414,1.0599999989014612,1.0415872636364405,1.0173050559396055,1.0599999981572235,1.030069394174898,1.0361195236654785,1.0421895128708338,1.0409835314239713,0.9997833236524617,1.0033824952663184,0.9881541591847918,1.0429609691259822,1.0386488755288508,1.0432468398599137,1.0599999955548751,1.012505390738549,1.0357285373560519,1.0380068704485332,1.0409735303522634,1.0486237036633728,1.0446062108432328,1.0599995861688685,1.0421710492342524,1.0599999986685502,1.0438729367384916,1.0471972666332514,1.0465754669641172,1.0385323473076344,1.038349666846373,1.0297641761212164,1.0351210938566084,1.043813185190964,1.0460989615950425,1.055605415638807,1.059812542679429,1.0446385623881564,1.045120083136211,1.0523104978265976,1.0444486403934647,1.0412646271148123,1.0329597718170653,1.0314668025992246,1.0390141168376972,1.0382236700712495,1.040182616753977,1.0477018948457866,1.0303165124448599,1.056027834961911,1.036185846029742,1.035690569508601,1.0177296403303937,1.010562520331528,0.9862481845357922
15.083333333333334,1.0251797865757788,1.0348748331587077,1.0301072286762065,1.0599999855697846,1.057182700139433,1.0532541039454448,1.050263901914258,1.0421049811620833,1.0599999974668886,1.0512997020166528,1.0435321794428287,1.0491959098609716,1.0292502699716988,1.0439122018130012,1.0428252047457534,1.0444648057970314,1.0588445762008456,1.0506211882470122,1.0436341255001103,1.0275245583667243,1.024693683284664,1.0302437697059927,1.049571792242872,1.0492513061270992,1.0599999985513802,1.0263460738756924,1.0423917890991863,1.0339355305336821,1.0342171929248118,1.0309985373347568,1.0398226597622156,1.0420543864943743,1.041138452704699,1.0566360371542125,1.0530419773102038,1.0539819601827467,1.0600227076850088,1.0149425283546374,1.0402450761397786,1.0413675115599228,1.031884484846266,1.0401970657728692,1.0378454364709848,1.0278424669495632,1.0226241504866498,1.0410581092681328,1.040952212212921,1.049444998616531,1.0512679700395375,1.037233557602616,1.0194352420552268,1.0130196946186159,1.0152867960179814,1.0339916269688016,1.0292289218834556,1.029858930973049,1.028279465092713,1.0202221132133693,1.052134643110411,1.0448800859316598,1.0515790041557191,1.0432883482982573,1.0200816286389958,1.0264911972521629,1.0184210553962414,1.0599999989014612,1.0416107665387513,1.0173257202938144,1.0599999981572235,1.030069394174898,1.0361133664810025,1.0421895128708338,1.0409835314239713,0.9997833236524617,1.0039044679775713,0.9881541591847918,1.0429609691259822,1.038689220309772,1.0433942670177843,1.0599999955548751,1.0124836135607054,1.035501641393034,1.0379249241254767,1.0412145340699819,1.0486237036633728,1.0442069150192153,1.0599995861688685,1.0425159515182298,1.0599999986685502,1.0438729367384916,1.0471972666332514,1.0465754669641172,1.0387363456874237,1.0382884556876493,1.0294163935508744,1.0349896692574356,1.043824587200468,1.0457023674177488,1.055605415638807,1.059812542679429,1.0446452467357332,1.0452052120265194,1.0523104978265976,1.0444486403934647,1.0412646271148123,1.033195602054121,1.0314668025992246,1.0389519120061512,1.0381562653224639,1.040182616753977,1.0477018948457866,1.0303165124448599,1.056027834961911,1.036289823734996,1.035812770387003,1.0177296403303937,1.0123976560959271,0.9868425147552303
15.166666666666666,1.0251797865757788,1.0350104075843327,1.0304967541461019,1.0599999855697846,1.057205870063924,1.053254103945445,1.0502009257109222,1.0421049811620833,1.0599999974668888,1.0512997020166528,1.043600351412299,1.0491959098609716,1.028774567439098,1.0436574710345927,1.0428252047457534,1.0441108852606362,1.0588748891809112,1.0506211882470122,1.0436341255001103,1.027947854205169,1.0251900764214317,1.0303549971685881,1.0494754740890901,1.0492513061270992,1.0599999985513802,1.0263460738756924,1.0423917890991863,1.0337039141541458,1.0342540521652435,1.0308692610235206,1.0398226597622156,1.0420543864943739,1.0410654255439897,1.0566360371542125,1.0530873380522539,1.0539819601827465,1.0600328959220227,1.0145817805008521,1.0406508422742653,1.041367511559923,1.0314111724304582,1.0401970657728692,1.0366566895328952,1.026172971294065,1.0206176246798515,1.0410581092681328,1.0408928714913936,1.0497577819356851,1.0512679700395375,1.0369305502610593,1.01893871222757,1.012408733658558,1.01528634771415,1.0339916269688016,1.0292289218834556,1.029858930973049,1.0283905251314305,1.0197882099870086,1.052134643110411,1.0448344805961878,1.0515790041557191,1.0432883482982573,1.0198146926694502,1.0263050158802938,1.0184210553962414,1.0599999989014612,1.0412142942187665,1.0173558272514907,1.0599999981572235,1.030069394174898,1.0360945293614037,1.0421895128708338,1.0409835314239713,0.9997833236524618,1.0042640526064168,0.9881541591847917,1.0429609691259822,1.0385577503070436,1.0431255234442751,1.0599999955548751,1.012432756016214,1.034827122179428,1.0376997410945328,1.0413902953586327,1.0486237036633728,1.043646813530777,1.0599995861688685,1.0420703329708136,1.0599999986685502,1.0438729367384916,1.0471972666332514,1.0465754669641172,1.0387119434336567,1.0378348987766175,1.0285612989112705,1.0344474574411777,1.0433249781665115,1.0460179451745502,1.055605415638807,1.059812542679429,1.0449739143857641,1.0453934950665356,1.0523104978265976,1.0444486403934647,1.0412646271148123,1.032760245578896,1.0314668025992246,1.038812198653551,1.0379917223742643,1.040182616753977,1.0477018948457866,1.0303165124448599,1.056027834961911,1.0361053757562282,1.0356010809583283,1.0177296403303937,1.0141263397475,0.9873517700308106
15.25,1.0251985798797973,1.035348925338258,1.0303815447379159,1.0599999863964782,1.057218905810025,1.0532037246099508,1.0505242469089635,1.0420881407273301,1.0599999977135066,1.0513851894024797,1.0440029083832885,1.0498718066148047,1.029600740848329,1.043701194252974,1.042186767087407,1.04511030257991,1.0586792448773816,1.0506231003273994,1.0431827628031876,1.0274018487587309,1.024713077147176,1.0302070151784573,1.0492167916230992,1.0489872823573536,1.0599999986921547,1.026579668585665,1.0419252344276262,1.0331882633662244,1.0337101837675782,1.031004994158417,1.039361367115815,1.041296400256784,1.0402698018923375,1.0566387835231648,1.0530007942733597,1.0539070096868954,1.0599999885280775,1.015062693031136,1.0405726108247988,1.041647076530122,1.031090057225308,1.0401581825337434,1.0386274594522757,1.0289966319609378,1.0237263858476997,1.0406561250551418,1.0408965140982953,1.0493245117752126,1.051073385108654,1.036261920748,1.018963507152979,1.0127485779781442,1.014997732718546,1.0334329910193623,1.0284864116658454,1.0293295266876499,1.0276886376758725,1.019762036637552,1.0502992395735982,1.0439221175374012,1.0509803147423864,1.0425380086171059,1.0188232175701903,1.0256483078828216,1.0180536848743371,1.0599999990095077,1.041312189155093,1.017116421429703,1.059999998281145,1.031507895530295,1.0368266318173025,1.0421249202996392,1.040959522595603,1.002129062263899,1.0058159423242339,0.9907336465511429,1.0420732431049506,1.0377004786860058,1.0427514961623376,1.0599999956787243,1.0123862483504948,1.0336734724937804,1.0363874552806358,1.0403006463189821,1.0479303051736342,1.0425662833745482,1.059999726987472,1.0424573040174767,1.0599999988069977,1.043706915430528,1.0469600512953803,1.0462733464097673,1.0379113720075552,1.0369649877797018,1.0271127860873526,1.033226931740599,1.04302715872382,1.0457590456842343,1.0552451703890553,1.0593603749101006,1.0443333615807224,1.0449153307798318,1.0518594633766534,1.0435873826614253,1.0406469695742595,1.033044441579715,1.0316701871893315,1.038463379988074,1.0376991752063773,1.0400400966270311,1.0475927826319689,1.0307580197881228,1.055820040207718,1.0356672720598334,1.035238598848288,1.0175377202933666,1.01374779894506,0.9892065252834112
15.333333333333334,1.0251985798797973,1.0354315138646786,1.0304086169112736,1.0599999863964782,1.0572369983123593,1.0532037246099506,1.0503439518475979,1.0420881407273301,1.059999997711356,1.0513851894024797,1.0440375110476983,1.0498718066148047,1.0292764950974351,1.0438361535902991,1.0421867670874074,1.0439792116454407,1.0585975390823563,1.0506231003273994,1.0431827628031873,1.0274442602674168,1.0246481615580105,1.0300188715397878,1.0491826856799755,1.0489872823573536,1.0599999986921547,1.026579668585665,1.0419252344276262,1.0330480627921972,1.0337384779951726,1.030852861639832,1.039361367115815,1.041296400256784,1.0402636404923469,1.0566387835231648,1.0529562142333941,1.0539070096868954,1.0599757063674773,1.014667572981513,1.0406029801034435,1.041647076530122,1.0313221912692019,1.0401581825337431,1.036546068056646,1.0274380984467002,1.0227166015693454,1.0406561250551418,1.0408782298544517,1.049331715854002,1.051073385108654,1.0364646639906072,1.0179837508660081,1.011115960040712,1.0140615786641967,1.0334329910193623,1.0284864116658454,1.0293295266876499,1.0277923261986215,1.019105938243687,1.0502992395735982,1.0439292327537526,1.0509803147423864,1.0425380086171059,1.0188600342671348,1.025665068941271,1.0180536848743371,1.0599999990095077,1.0410632652401255,1.017137340682185,1.059999998281145,1.031507895530295,1.036817765537338,1.0421249202996392,1.040959522595603,1.002129062263899,1.0057027608245748,0.9907336465511429,1.0420732431049506,1.0374407285314358,1.0420424779213062,1.0599999956787243,1.0123267478125295,1.0333575433160325,1.0363014697161488,1.04030638670701,1.0479303051736342,1.0428626825331524,1.059999726987472,1.0410162131500482,1.0599999988069977,1.043706915430528,1.0469600512953803,1.0462733464097673,1.0379176120604112,1.0369252056120994,1.0272282593693296,1.0331058191689604,1.0424517441977594,1.0453907323458078,1.0552451703890553,1.0593603749101006,1.04449576751298,1.0449743630393376,1.0518594633766534,1.0435873826614253,1.0406469695742595,1.0317922780600617,1.0316701871893315,1.0384023437340981,1.037616668033183,1.0400400966270311,1.0475927826319689,1.0307580197881228,1.055820040207718,1.0351605162458333,1.0346460565906295,1.0175377202933666,1.013775046000146,0.9891676709971622
15.416666666666666,1.0251985798797973,1.035184315906868,1.0301802393388642,1.0599999863964782,1.0572279288361404,1.0532037246099508,1.0503985162981333,1.0420881407273301,1.059999997711356,1.0513851894024797,1.0437424156263597,1.0498718066148047,1.0289449255989562,1.043574584598185,1.0421867670874068,1.044297032327246,1.0586311099152388,1.0506231003273991,1.0431827628031878,1.026631430528109,1.0237112833975819,1.0292719009275304,1.0489717388521296,1.0489872823573536,1.0599999986921547,1.026579668585665,1.0419252344276262,1.0330321208444198,1.0335434458223702,1.0307652977700028,1.0393613671158153,1.041296400256784,1.040188533373589,1.0566387835231648,1.052949913144331,1.0539070096868954,1.0599312987421436,1.0143920858525688,1.0403432172649107,1.041647076530122,1.0308268732528567,1.0401581825337434,1.0366287846908946,1.0267186389285488,1.0217437713270707,1.0406561250551418,1.0402186307771197,1.0491422210157832,1.051073385108654,1.0359469728470687,1.0180368555951855,1.0113457250225826,1.0141549584785385,1.0334329910193623,1.0284864116658454,1.0293295266876499,1.0273711936588465,1.0190994094962076,1.0502992395735982,1.0438972372670712,1.0509803147423864,1.0425380086171059,1.0185957987680314,1.0254755441629642,1.0180536848743371,1.0599999990095077,1.0409590980813717,1.017167542837023,1.059999998281145,1.031507895530295,1.0368037462093942,1.0421249202996392,1.040959522595603,1.002129062263899,1.0052460564130028,0.9907336465511428,1.0420732431049506,1.03748627733254,1.0422370010133413,1.0599999956787243,1.0123095371117876,1.033281947005418,1.036135927732471,1.040143464576107,1.0479303051736342,1.0422734264266444,1.059999726987472,1.0414823348714093,1.0599999988069977,1.043706915430528,1.0469600512953803,1.0462733464097673,1.0376899162952002,1.0366454190628276,1.0266031260653259,1.0329016435026281,1.0424546671838737,1.045365270514159,1.0552451703890553,1.0593603749101006,1.0440264182277854,1.0447859955196632,1.0518594633766534,1.0435873826614253,1.0406469695742595,1.0321315215257314,1.0316701871893315,1.0384013240703212,1.0376341817234733,1.0400400966270311,1.0475927826319689,1.0307580197881228,1.055820040207718,1.0353017886084661,1.0348135334311062,1.0175377202933666,1.0129016363731647,0.9887179606428947
15.5,1.0244970118594352,1.0346478424922496,1.029547791290019,1.0599996544290404,1.0571790557499923,1.053057735637741,1.0499976770669808,1.0422880323765757,1.0599999334928427,1.0514180565084827,1.0434570211484633,1.049097199626702,1.0285288317047274,1.0427935195510356,1.0424600264712018,1.043749366163939,1.0587929077158376,1.051316659773433,1.0436123798076022,1.0274717154312547,1.0244173136804375,1.0297913704603168,1.0490524517424913,1.0488676086483408,1.0599999623163792,1.0266344277591268,1.0417915185715667,1.032788918691977,1.0335130733143905,1.0311669176072717,1.0391988884748906,1.0413774053490699,1.0402833588866163,1.056586377170252,1.052592193605902,1.0535149473770051,1.0599996623745394,1.0152774063726704,1.0408716128641748,1.0425217112694203,1.0312488927246357,1.0411683001036505,1.0363692552000514,1.0261481282211036,1.0211385071540537,1.0403120953619132,1.0408349690581504,1.0489935814963778,1.0510636911717175,1.0357101014616974,1.0180906463734485,1.0113298278214802,1.0140444768191457,1.0336923126171922,1.028892200951612,1.02973016791865,1.0275145807298975,1.0192455092938864,1.0496011120932807,1.043686232112673,1.0509678236444215,1.0419199170823301,1.0184772883259992,1.0255930409715537,1.0185336556568112,1.0599999703564507,1.0404720847968796,1.017478214078537,1.0599999493766228,1.0304558060935427,1.036253079679609,1.0418812261648656,1.0409169033121792,1.002381402554287,1.005299794238356,0.9899365134023075,1.0408859438766378,1.0363714976989282,1.0413492871453507,1.0599998753690991,1.0125758832999712,1.0314597495555715,1.034234418843409,1.0380138447961587,1.0458028603026033,1.040226773532889,1.059812052528749,1.0403984050647315,1.0599999653944188,1.0427720927040112,1.0461824980276255,1.045763738585106,1.036678973109755,1.0353403804625443,1.024789696481323,1.0313889977213453,1.0416806383336012,1.0448241887030225,1.0545647604894333,1.0587438938326366,1.0438359582547532,1.0443764134065066,1.051283068025519,1.04268213774054,1.040015993745468,1.0317727439275841,1.0323875183150988,1.0379983354726483,1.0373224246167265,1.0401053524921642,1.0477350134933028,1.0316791891822854,1.0559527723339175,1.0352389804325723,1.0347310882623884,1.017941615248143,1.0118896052842936,0.9883525506118844
15.583333333333334,1.0244970118594352,1.0350280097515232,1.0302664978663805,1.0599996544290404,1.0571848622769637,1.053057735637741,1.0500035855346652,1.0422880323765757,1.0599999334928427,1.0514180565084827,1.0439463475991466,1.049097199626702,1.029269924073798,1.0427677788625513,1.0424600264712018,1.0438329804503834,1.0587235897303484,1.051316659773433,1.0436123798076022,1.0290802302899824,1.0264842352731742,1.0313951389986122,1.0493373757987325,1.0488676086483408,1.0599999623163792,1.0266344277591268,1.0417915185715667,1.0330007374531736,1.0338616585885392,1.031279109824298,1.0391988884748906,1.0413774053490699,1.0401508211545085,1.0565863771702522,1.0525034354991003,1.0535149473770051,1.0600656808659208,1.0157373540919246,1.0416461054489434,1.0425217112694207,1.0312416316833302,1.0411683001036505,1.036987713815243,1.027322668276686,1.0229653268099346,1.0403120953619132,1.041713572078732,1.0496204989221778,1.0510636911717175,1.0359692414300217,1.0179801885263537,1.0111073886067146,1.0133372633898532,1.0336923126171922,1.028892200951612,1.02973016791865,1.0281750174708353,1.0192886264513317,1.0496011120932807,1.0436232297318837,1.0509678236444215,1.0419199170823301,1.0186117473298475,1.025678185504071,1.0185336556568112,1.0599999703564507,1.0407125063072504,1.017433008863483,1.0599999493766228,1.0304558060935427,1.0362648379258035,1.0418812261648656,1.0409169033121792,1.002381402554287,1.0064495050357072,0.9899365134023075,1.0408859438766378,1.036313187761111,1.0413366121768386,1.0599998753690991,1.0126035685897554,1.031697558000307,1.034575961917753,1.0384948223887878,1.0458028603026033,1.040195863735574,1.059812052528749,1.040421976795342,1.0599999653944188,1.0427720927040112,1.0461824980276255,1.045763738585106,1.0369870711848863,1.0354062044713688,1.0247642769655578,1.0313066437485512,1.0417212384702403,1.043995043027219,1.0545647604894333,1.0587438938326366,1.0445679163511918,1.0447233913639689,1.051283068025519,1.04268213774054,1.040015993745468,1.0318534725932689,1.0323875183150988,1.038071003642855,1.037387201965366,1.0401053524921642,1.0477350134933028,1.0316791891822854,1.055952772333917,1.0352448927134887,1.0347453165125593,1.017941615248143,1.0149565269017433,0.9895535793934687
15.666666666666666,1.0244970118594352,1.0346794049789303,1.0295092954120417,1.0599996544290404,1.0571891100443433,1.053057735637741,1.049930236461111,1.0422880323765757,1.0599999334928427,1.0514180565084825,1.0435470907441913,1.0490971996267024,1.0289513441647524,1.042967612300105,1.0424600264712018,1.0433452735421311,1.058773046099106,1.051316659773433,1.0436123798076022,1.0275677134189607,1.02453224986526,1.0299854268672888,1.0491274760774767,1.0488676086483408,1.0599999623163792,1.0266344277591268,1.0417915185715667,1.0329611502131895,1.0335856173802593,1.0311360252545614,1.0391988884748906,1.0413774053490699,1.0395991391344905,1.0565863771702522,1.052619930395542,1.0535149473770051,1.059972349616701,1.0152109168874748,1.040819313094011,1.0425217112694205,1.0315783716229767,1.0411683001036505,1.0361834408180393,1.026946308652116,1.022141696273859,1.0403120953619132,1.0409732932522706,1.0489649907548682,1.0510636911717175,1.035995122989813,1.0175524739034423,1.010716040518877,1.0139918285406226,1.0336923126171922,1.028892200951612,1.02973016791865,1.0276328956767917,1.0190371247017813,1.0496011120932807,1.0433877818711634,1.0509678236444215,1.0419199170823301,1.0186284331540312,1.0256874893849441,1.0185336556568112,1.0599999703564507,1.0407376814293463,1.0174633379243776,1.0599999493766228,1.0304558060935427,1.0362571408684838,1.0418812261648656,1.0409169033121792,1.002381402554287,1.005274683129603,0.9899365134023075,1.0408859438766378,1.0359457152576965,1.0408331727636713,1.0599998753690991,1.0125910891864405,1.0316301881389682,1.034313904386927,1.0380009325354984,1.0458028603026033,1.0406166412810465,1.059812052528749,1.0398428886287212,1.0599999653944188,1.0427720927040112,1.0461824980276255,1.045763738585106,1.0366833302918914,1.0354261302676153,1.0249859487365474,1.0311669401929582,1.04141019266787,1.045113297407744,1.0545647604894333,1.0587438938326366,1.0438731519746154,1.0443760751655344,1.051283068025519,1.04268213774054,1.040015993745468,1.0313437871446691,1.0323875183150988,1.0380799055682435,1.0374165427722264,1.0401053524921642,1.0477350134933028,1.0316791891822854,1.0559527723339173,1.0349426940248032,1.0344175646818383,1.017941615248143,1.0114900682776908,0.9882872067421467
15.75,1.0243105426165622,1.0350583119694141,1.0296455994975988,1.0599999135062823,1.057199185418079,1.0529278399109454,1.0499269620837317,1.0422594573832127,1.0599999847410544,1.0513827132422267,1.0440388274091856,1.049429056474245,1.0294037123892816,1.0431348783400778,1.0419336616946453,1.043243133040082,1.0586445558307402,1.05123056597868,1.0432620291670764,1.0279798932063378,1.025052765677571,1.0303845734407495,1.0491560608913546,1.0488112138052776,1.0599999912968392,1.0265996050093757,1.0417896618629807,1.0328611295483883,1.0339025193219944,1.0310389384748853,1.0394157526343626,1.041361305484327,1.039681918087224,1.0565871846891541,1.0528262093070597,1.053743869901226,1.0599999114164973,1.0150517445133045,1.0410366330963083,1.0425264894921316,1.031622125136989,1.040895936920002,1.0358474223911744,1.0270806097349086,1.0224063140819601,1.040450181306295,1.041402016812374,1.0492222255232575,1.0511510411825091,1.0361973113131544,1.0176845755925896,1.0106413302214732,1.014083338556006,1.0337894620453811,1.0287438068217019,1.0298400109380763,1.0278941461998725,1.019207680997486,1.0498519295966593,1.0434494966212684,1.0507851003181286,1.0420511146771154,1.0185897073167651,1.0255339460854356,1.0182572648776556,1.0599999932770199,1.0409413833908852,1.017239916665847,1.059999988352299,1.0296551066387791,1.0356352987061688,1.0416838754226878,1.0404304558427495,1.0031408950324059,1.005877066201426,0.990953178998479,1.0409215982530653,1.0360826973735255,1.0407986633694852,1.059999970654971,1.0124254577028915,1.0315390661949322,1.034544757284196,1.0383717329337074,1.0460648516318658,1.0409885544919795,1.0599821009969936,1.0395759369120003,1.059999992020541,1.0434600875999347,1.0467480647201879,1.0465368981923198,1.0374786677092616,1.0360535730388547,1.0256251826974074,1.0315972519122976,1.0414888056075582,1.0453310373424578,1.0549827184761584,1.0590824267665746,1.0448876276813681,1.0452636324929456,1.051648651914854,1.0430875583036932,1.0401580664645458,1.0310789940316627,1.0321113473143828,1.0382336941583414,1.0375737814038897,1.0404998755724786,1.048090738145247,1.0317726320086675,1.0559129245389807,1.0348539298644224,1.0342993410014252,1.0176714174179335,1.0127383076239282,0.9892515108745975
15.833333333333334,1.0243105426165622,1.034444293113582,1.0297149328563384,1.0599999135062823,1.057170771537832,1.0529278399109454,1.0499033016888033,1.0422594573832127,1.0599999847410544,1.0513827132422267,1.0434784258046137,1.049429056474245,1.0296787465805088,1.0431486591938979,1.0419336616946453,1.0430613723727578,1.0586023075412847,1.0512305659786798,1.0432620291670764,1.027019172859703,1.0245122140239096,1.0302484003767853,1.0491621994573437,1.0488112138052776,1.0599999912968392,1.0265996050093757,1.0417896618629807,1.0326640623141152,1.0333809714662243,1.0311044830637728,1.0394157526343626,1.041361305484327,1.0399031500807399,1.0565871846891541,1.0527836457566317,1.053743869901226,1.0600068660103483,1.01524583325466,1.041131986171796,1.0425264894921316,1.0316464004650752,1.040895936920002,1.0362038066208537,1.0284050377013785,1.0242930858333938,1.040450181306295,1.0404822372336875,1.0492907026139282,1.0511510411825091,1.036219080568427,1.01777652648038,1.0105166529739673,1.013756086998336,1.0337894620453811,1.0287438068217019,1.0298400109380763,1.0279466635261383,1.0194485138626526,1.0498519295966593,1.0435496697490025,1.0507851003181286,1.0420511146771154,1.0186238055528167,1.0255626244601286,1.0182572648776556,1.0599999932770199,1.0414373532874452,1.0172288090454888,1.059999988352299,1.0296551066387791,1.0356414484152763,1.0416838754226878,1.0404304558427495,1.0031408950324059,1.0059644230604377,0.9909531789984789,1.0409215982530653,1.036156264139047,1.0407797101331,1.059999970654971,1.0124195952365782,1.0313949728207892,1.033983274314487,1.0382143895015445,1.0460648516318658,1.0410137397270565,1.0599821009969936,1.039340931004336,1.059999992020541,1.0434600875999347,1.0467480647201879,1.0465368981923198,1.0376524214285978,1.0363246960685608,1.0258514694380554,1.0317280901520787,1.0414983789111472,1.0449591143136843,1.0549827184761584,1.0590824267665746,1.043717223189869,1.0448703318450618,1.051648651914854,1.0430875583036932,1.0401580664645458,1.0308965854423,1.0321113473143828,1.038298546622264,1.037634379954742,1.0404998755724786,1.048090738145247,1.0317726320086675,1.055912924538981,1.0348165157175162,1.0342447010957498,1.0176714174179335,1.0131803506348414,0.9893830762895459
15.916666666666666,1.0243105426165622,1.0349336424368858,1.0298491079849328,1.0599999135062823,1.0571719611696355,1.0529278399109454,1.0499445987027956,1.0422594573832127,1.0599999847410544,1.0513827132422267,1.0439195813587914,1.049429056474245,1.0294191158861397,1.043442393564459,1.0419336616946453,1.043344104208754,1.0585914409373722,1.0512305659786803,1.0432620291670764,1.0281081211698213,1.025479989768722,1.0308275165864054,1.0493470551623638,1.0488112138052776,1.0599999912968392,1.0265996050093757,1.0417896618629807,1.033134203957734,1.0338815163351927,1.0312066249558678,1.0394157526343626,1.041361305484327,1.0402219083270086,1.0565871846891541,1.052781280035509,1.053743869901226,1.0600561963491157,1.0155495799858538,1.0412862776600327,1.0425264894921316,1.0322016424514158,1.040895936920002,1.0364933413665136,1.0282095545915388,1.023906939322739,1.040450181306295,1.0414905826344327,1.0494132313899631,1.0511510411825091,1.0367740016468117,1.0181859311819454,1.011050391009392,1.0139311646834024,1.0337894620453811,1.0287438068217019,1.0298400109380763,1.028328756425641,1.0195326371350764,1.0498519295966593,1.0436978854493073,1.0507851003181286,1.0420511146771154,1.0189113208393616,1.0257683221997396,1.0182572648776556,1.0599999932770199,1.0410525304519103,1.0171750709155978,1.059999988352299,1.0296551066387791,1.035650136251063,1.0416838754226878,1.0404304558427495,1.0031408950324059,1.0063050493525107,0.9909531789984789,1.0409215982530653,1.036374304043093,1.041062266812211,1.059999970654971,1.0124308032282423,1.0325166585798815,1.0350666257700443,1.038634973017736,1.0460648516318658,1.0416813152925803,1.0599821009969936,1.0396789148881465,1.0599999920205407,1.0434600875999347,1.0467480647201879,1.04653689819232,1.0378815026485713,1.036671031112036,1.0268312035348786,1.0325361328774365,1.042062449167003,1.0448859775758061,1.0549827184761584,1.0590824267665746,1.044642745067701,1.045206010944134,1.051648651914854,1.0430875583036932,1.0401580664645458,1.031209510936619,1.0321113473143828,1.0383676987032797,1.037741487670826,1.0404998755724786,1.048090738145247,1.0317726320086675,1.0559129245389807,1.034989735262336,1.0344325438863173,1.0176714174179335,1.0136540841457007,0.9896454200952217
16.0,1.0251408071982502,1.0353846738161574,1.030169457369051,1.0599998837058375,1.057229688303722,1.0531215573254424,1.0500340478154622,1.0421560537962191,1.059999978485655,1.0513675625059145,1.0440936112400971,1.0495625264176087,1.0297533354208626,1.04377922698484,1.0425796672847247,1.0429771405437573,1.0588081332900225,1.050887216707974,1.0435944490678122,1.0281398025132578,1.0252242668643432,1.0305967979129849,1.049362857543817,1.04908130223298,1.0599999877948962,1.0265359866395265,1.0417808281832293,1.0332325039696133,1.0340134434932897,1.0309921105409856,1.0395076075952996,1.0413743891560172,1.0405581836604292,1.056542032940771,1.0531870551749214,1.0539828917885228,1.0599998892520028,1.0147927491231263,1.0407230849814602,1.0420656662513588,1.0318910732476858,1.040629100949471,1.0355224064235742,1.0277022047815356,1.022522760976279,1.040658266347935,1.041339228332443,1.0492541803084325,1.0511376003582376,1.0366503783860173,1.0180426623271572,1.0109536693887455,1.0151102730318677,1.0336111274655089,1.0287144456742126,1.0296267473727154,1.0279430523801651,1.0193621439720546,1.0508169455782863,1.0441551162781577,1.051010556429974,1.0433052934225806,1.0191530657966137,1.0258076139047694,1.0179372426883972,1.05999999081716,1.0417081018344476,1.016995587616127,1.0599999842562782,1.0283578660943162,1.0348533453826823,1.041553158419078,1.0401423095568418,1.0012379855173703,1.0045582776331945,0.9897286478233737,1.0415693089695774,1.0368345159971222,1.0411618154862896,1.05999996392223,1.0122785827467098,1.0333140632750966,1.0360081995555712,1.0393372804810488,1.0467719051316584,1.0422477763993836,1.0599255927050815,1.039369143293666,1.0599999886466303,1.0432951975873577,1.0467204489493944,1.0467338697977475,1.0381912811267193,1.0371630002576433,1.027470651735766,1.0331357414356874,1.0420964828518946,1.046793025003608,1.0551208065131459,1.0593278673157456,1.0449932173629997,1.0454349815283754,1.0518508065684475,1.0435231876608657,1.0404411024057876,1.0307809118008342,1.0318531610161754,1.0384210986081943,1.037732624559176,1.0402942528370613,1.0478475203871516,1.031043904768919,1.0560151465203187,1.0347570270380264,1.0341580901083953,1.0174085948013782,1.0128324088141696,0.9879345135040982
16.083333333333332,1.0251408071982502,1.0354826110573265,1.0299366729164448,1.0599998837058375,1.0572148705216968,1.0531215573254424,1.050098138653613,1.0421560537962191,1.0599999784856553,1.0513675625059145,1.0443143337880436,1.0495625264176087,1.0305980550168807,1.0438452591043745,1.0425796672847247,1.043341869937705,1.058750290591101,1.050887216707974,1.0435944490678122,1.028353763383778,1.025395519212966,1.0309748898346298,1.0494854499521284,1.04908130223298,1.0599999877948962,1.0265359866395265,1.0417808281832293,1.0332848339772949,1.0341076417298818,1.0311311389500757,1.0395076075952996,1.0413743891560172,1.040851982129018,1.0565420329407715,1.0530896799041145,1.053982891788523,1.0600074889286932,1.0152315375093999,1.040486435619782,1.0420656662513588,1.0320217633843531,1.040629100949471,1.0367083650538127,1.0292963923985492,1.0247079117373046,1.040658266347935,1.0417258207448228,1.0490701150259858,1.0511376003582376,1.0367126362208017,1.0185678225425097,1.0114676922881454,1.0147250521256472,1.0336111274655089,1.0287144456742126,1.0296267473727154,1.0278281098589452,1.0198487216927163,1.0508169455782863,1.0442949919177376,1.051010556429974,1.0433052934225806,1.0193178150543496,1.0259222442127005,1.0179372426883972,1.05999999081716,1.0421838348266823,1.0169569642207608,1.0599999842562782,1.0283578660943162,1.0348643909768056,1.041553158419078,1.0401423095568418,1.0012379855173703,1.0044402914868928,0.9897286478233736,1.0415693089695774,1.0370739755634246,1.0415201324520813,1.05999996392223,1.0123216465016647,1.0334259493820113,1.0359800543544013,1.0391559731949047,1.0467719051316584,1.0423947003822633,1.0599255927050815,1.0398057688580045,1.0599999886466303,1.0432951975873577,1.0467204489493944,1.0467338697977475,1.038146733226904,1.0373928571962348,1.0277882505091103,1.0333589928837412,1.0424333206701522,1.0459831801874913,1.0551208065131459,1.0593278673157456,1.0451090673132497,1.0454162812532128,1.0518508065684475,1.0435231876608657,1.0404411024057876,1.0312206120664291,1.0318531610161754,1.038485765203442,1.037782732315123,1.0402942528370613,1.0478475203871516,1.031043904768919,1.0560151465203187,1.0349815276821512,1.0344059320790966,1.0174085948013782,1.0120206569635073,0.9877021992224533
16.166666666666668,1.0251408071982502,1.0351925473351842,1.030463691850059,1.0599998837058375,1.0572182832138448,1.0531215573254424,1.0499914455978845,1.0421560537962191,1.059999978485655,1.0513675625059145,1.0439098737499006,1.0495625264176087,1.0297879863287196,1.0439180208773549,1.042579667284725,1.0427224331434437,1.0587406894976346,1.0508872167079741,1.0435944490678122,1.0281045708579,1.0255203677759899,1.0308882328090734,1.0494592619236418,1.04908130223298,1.0599999877948962,1.0265359866395265,1.0417808281832293,1.033518495785621,1.033945677039005,1.0310080823903744,1.0395076075952996,1.0413743891560172,1.0401987688940744,1.0565420329407709,1.053104620648633,1.0539828917885226,1.0600062324260684,1.0149037321177368,1.0410403206528935,1.0420656662513588,1.0321602024932426,1.040629100949471,1.0354189277071766,1.0281744855061337,1.0236623194367491,1.040658266347935,1.0411193856781418,1.0495232810481772,1.0511376003582376,1.0369810851791967,1.0175169854403372,1.010208386659545,1.014284959498138,1.0336111274655089,1.0287144456742126,1.0296267473727154,1.0283183466685035,1.0191133862874984,1.0508169455782863,1.0439985209343512,1.051010556429974,1.0433052934225806,1.0192853817657075,1.0258820209774546,1.0179372426883972,1.05999999081716,1.0418259515191597,1.0169833093983394,1.0599999842562782,1.0283578660943162,1.0348624083301587,1.041553158419078,1.0401423095568418,1.0012379855173703,1.00498823850324,0.9897286478233736,1.0415693089695774,1.0365940170501915,1.0408685664452069,1.05999996392223,1.0122724826121323,1.0339483676861565,1.036296636755506,1.039586128885301,1.0467719051316584,1.0425621360120936,1.0599255927050815,1.0390250386146294,1.0599999886466303,1.0432951975873577,1.0467204489493944,1.0467338697977475,1.0384292819204224,1.0373841529884078,1.0278643946879502,1.033290971498709,1.042091957191873,1.0460937123195142,1.0551208065131459,1.0593278673157456,1.0446223921704205,1.0453468147677325,1.0518508065684475,1.0435231876608657,1.0404411024057876,1.0304903499725537,1.0318531610161754,1.03857445246958,1.0379236930133013,1.0402942528370613,1.0478475203871516,1.031043904768919,1.0560151465203187,1.0345838268779601,1.0339732629299256,1.0174085948013782,1.0142548387115646,0.9884514177834761
16.25,1.025791418315199,1.0353196587570648,1.030440568427148,1.05999988112142,1.05720423289198,1.0529534289731557,1.049878112559145,1.0421045226774885,1.059999978261362,1.0512925146656158,1.0437971853454342,1.0493762775747952,1.029755011926262,1.044030802528727,1.0419368944427188,1.0428840411510132,1.0585898337879913,1.0507240775900024,1.0433633313667472,1.0275537865768034,1.0247649242408634,1.030453237285225,1.0496174359310437,1.0491224050629764,1.0599999876912571,1.026293093056994,1.0424854628586908,1.0342185417168333,1.0345206947268357,1.030849605760985,1.040022045396318,1.042055940586495,1.039969370948511,1.056609662181152,1.053416871091488,1.0542936635711124,1.0599998932496646,1.014680940559109,1.0403308592061014,1.0416196526490464,1.03242459501234,1.0399846209744086,1.0364930541055037,1.0296745643130039,1.0250394963099245,1.0411990171055083,1.0413173606956625,1.049438847269081,1.0512911209840552,1.0376316806513721,1.0183129248211986,1.01130690206273,1.0153576631233703,1.0340705604797638,1.0292109925997865,1.0299150546716076,1.028470421474654,1.0197471095330515,1.051821963085848,1.0442204940533666,1.0511325667493918,1.0432982071441863,1.0199240473513378,1.0262281501798112,1.0179802884684575,1.0599999907695152,1.042008662344246,1.01694961498836,1.059999984321039,1.02817730687875,1.0348675160250604,1.041810611318861,1.0403292213761628,0.99979518662954,1.0037296363848969,0.9893560716633667,1.0422730489225336,1.0373674569642288,1.0416198283205824,1.0599999639616131,1.01226157961355,1.0351133279636202,1.0374780938633505,1.0406253379686168,1.04805573923891,1.044328302594266,1.059981433308874,1.0400734785075971,1.0599999887405545,1.0444422480581783,1.0475880982861974,1.0468059675041166,1.0388192885528804,1.0383701112974268,1.0295344412521452,1.0344488749819867,1.042849901591785,1.0467533712935704,1.0557988303490669,1.0598558624523189,1.044917611494342,1.045426510329781,1.0523343261334954,1.0442504874363712,1.040899217805678,1.0311445548957061,1.0312805003484962,1.0388650716111838,1.0381399311794302,1.0402687797489338,1.047779489156959,1.0305413117180455,1.0559679646710798,1.0354677858840968,1.0348848194797045,1.0173355122494316,1.0123174460784763,0.98728729703525
16.333333333333332,1.025791418315199,1.0350153724162687,1.0303211133976287,1.05999988112142,1.0571911091392348,1.0529534289731555,1.0497836804785952,1.0421045226774885,1.059999978261362,1.0512925146656156,1.0436711179595801,1.0493762775747955,1.0309507683410708,1.0441827954950405,1.0419368944427188,1.0422770804940755,1.0585401911245342,1.0507240775900024,1.0433633313667472,1.0271611346141183,1.0246391647719022,1.030787953274717,1.0497241009114082,1.0491224050629764,1.0599999876912571,1.026293093056994,1.0424854628586908,1.034202634077363,1.0342766345776118,1.0308849250477996,1.040022045396318,1.042055940586495,1.039912485201689,1.0566096621811518,1.0534138166211564,1.0542936635711124,1.0599882039487574,1.014800576447129,1.0402289007219263,1.0416196526490467,1.032708948764019,1.0399846209744086,1.0359242743468873,1.030084788209026,1.0258205287265625,1.0411990171055083,1.040949556504444,1.0493360943357406,1.0512911209840552,1.037816403214854,1.0181668009667981,1.0107952799666002,1.015136570336615,1.0340705604797638,1.0292109925997865,1.0299150546716076,1.0284667268004006,1.0200124964397057,1.051821963085848,1.0442007997637222,1.0511325667493918,1.0432982071441863,1.020058893578089,1.0263269521919145,1.0179802884684575,1.0599999907695152,1.0429395083827453,1.0169237229488937,1.059999984321039,1.02817730687875,1.0348744542237802,1.041810611318861,1.0403292213761628,0.9997951866295403,1.0036166133271842,0.9893560716633667,1.0422730489225336,1.037208854021372,1.0412176327886435,1.0599999639616131,1.0122634112242044,1.035261944771107,1.037317688762729,1.040491862733418,1.04805573923891,1.0446630537061923,1.059981433308874,1.0392835158892204,1.0599999887405545,1.0444422480581783,1.0475880982861974,1.0468059675041166,1.0390613434147318,1.0389233767267296,1.0301604328533605,1.034678465800112,1.042729215636795,1.046761137238274,1.0557988303490669,1.0598558624523189,1.0443340449859162,1.045210591551636,1.0523343261334954,1.0442504874363712,1.040899217805678,1.0305201762128926,1.0312805003484962,1.038939560216453,1.038220758753573,1.0402687797489338,1.047779489156959,1.0305413117180455,1.0559679646710798,1.0351888011328478,1.0345612464333545,1.0173355122494316,1.0118914368098302,0.9871336065925352
16.416666666666668,1.025791418315199,1.0352620529854275,1.0310757274435196,1.05999988112142,1.0571983763587485,1.052953428973156,1.049808139464026,1.0421045226774885,1.0599999782613623,1.0512925146656156,1.0438478902074209,1.0493762775747952,1.0304584359748459,1.0441427397740182,1.0419368944427188,1.0424925990180862,1.0585491404237253,1.0507240775900024,1.0433633313667472,1.0282801558632293,1.0261134787188118,1.0316570552067785,1.0498606137406574,1.0491224050629764,1.0599999876912571,1.026293093056994,1.0424854628586908,1.034368047542994,1.03450873340231,1.0309542595354806,1.040022045396318,1.042055940586495,1.0399577337703267,1.056609662181152,1.053407697539868,1.0542936635711126,1.0600677101049447,1.0150430733973277,1.041038800448549,1.0416196526490462,1.0326578465273502,1.0399846209744086,1.0362027303503032,1.0301078309114255,1.0257876702706294,1.0411990171055083,1.0414277697373484,1.0499836125603013,1.0512911209840552,1.0380293085085945,1.0181355341944947,1.0108558519112223,1.0150424776180338,1.0340705604797638,1.0292109925997865,1.0299150546716076,1.0291136740409366,1.0198302248124023,1.051821963085848,1.0442043154756842,1.0511325667493918,1.0432982071441863,1.0200753174778927,1.0263367002689796,1.0179802884684575,1.0599999907695152,1.042490724220787,1.0169037924813407,1.059999984321039,1.02817730687875,1.034878482646872,1.041810611318861,1.0403292213761628,0.9997951866295401,1.0046981831551245,0.9893560716633667,1.0422730489225336,1.0372530332507326,1.0413361155142997,1.0599999639616133,1.0122554900424852,1.0355708554326433,1.037756484941966,1.0410605961895147,1.04805573923891,1.0445932565321077,1.059981433308874,1.0395164821355227,1.0599999887405545,1.0444422480581783,1.0475880982861974,1.0468059675041166,1.0393531939125868,1.0388266671686806,1.0300898307971111,1.0347433939072612,1.0428474066043414,1.046595285879735,1.0557988303490669,1.0598558624523189,1.0448581712253722,1.0455099880766427,1.0523343261334954,1.0442504874363712,1.040899217805678,1.0307059479982663,1.0312805003484962,1.0389505781507853,1.0382417279235467,1.0402687797489338,1.047779489156959,1.0305413117180455,1.0559679646710798,1.0352722375048664,1.0346584840597912,1.0173355122494316,1.0150348589173217,0.9883466108058578
16.5,1.0238359236605186,1.0340694923610783,1.0289674472350732,1.0599999086671419,1.0570992655149085,1.0526295752468284,1.0494590446556598,1.0421611479709234,1.0599999826855626,1.0510964058112389,1.04351261020936,1.0487254374685477,1.0309530741599486,1.043290248822845,1.0411482835581416,1.0425278199447625,1.0583851854063984,1.050610862541449,1.0425336045050018,1.026862259637802,1.0243637985354297,1.030641890719258,1.049691174562689,1.0490871057901079,1.059999990134614,1.0261861724446988,1.042939876972106,1.0345086544571158,1.0349845171505254,1.0307670196625278,1.040638715733032,1.0423482050672044,1.0393788732573983,1.0566428006728212,1.0538032231949228,1.0546982331824877,1.0599999181969537,1.0146019180704304,1.0399780320200185,1.0413481144565535,1.031979703085682,1.039390314837171,1.0375981152840894,1.0318652154201264,1.027356731827125,1.041264795275286,1.0413116323002054,1.049435752019136,1.051436418471812,1.0376256663067003,1.0189274754480064,1.012065277864185,1.0160672058127915,1.03420901604434,1.0290111501229409,1.0298964963601842,1.028347283272107,1.0205252864775483,1.051313498672735,1.0438583761304336,1.0507662858859108,1.043433036287402,1.01955581341488,1.0259192466375864,1.0177955487430665,1.0599999926017767,1.0432190550675946,1.0168028613769928,1.0599999874067447,1.0284093036645785,1.0349833348640005,1.0419461789975446,1.0402934119938403,0.9997453308141535,1.0039243150373667,0.9916181782760347,1.042325712071683,1.0373755723014784,1.0417040490596932,1.0599999711643704,1.012171898876841,1.0348490471990202,1.037379636237608,1.0409721005638037,1.0487703430680433,1.0446754573707757,1.0599947783372161,1.0405969666967092,1.0599999910560565,1.0454016700284159,1.0481737274222251,1.0467787119386562,1.038947176508052,1.0387978333139405,1.0296983432713178,1.034435049381834,1.0429237746062177,1.0472098409178154,1.0561398651520904,1.0599545044085437,1.0447519652126265,1.0453127554497899,1.052526187935449,1.0442741089257301,1.0408523935754128,1.031159483852663,1.0306329493111526,1.038800258017108,1.0380369958267852,1.0402210756948265,1.0476830544042541,1.0304653355046103,1.0558595023469783,1.0358814897519926,1.0353264612708035,1.0171722853904246,1.0108194474665264,0.9883074276788687
16.583333333333332,1.0238359236605186,1.0340837439163277,1.029209953494247,1.0599999086671419,1.0570797111396226,1.0526295752468289,1.0493925882196027,1.0421611479709234,1.0599999826855624,1.0510964058112389,1.0436275012362601,1.0487254374685477,1.031675351605577,1.0433000741718743,1.0411482835581416,1.0421518734505122,1.0583958669713553,1.050610862541449,1.0425336045050018,1.0274742823200294,1.0253591073516077,1.0316570109566914,1.0499165400767032,1.0490871057901079,1.059999990134614,1.0261861724446988,1.0429398769721063,1.0350251894255689,1.0351233094539254,1.0310122432236684,1.040638715733032,1.0423482050672044,1.0399794433989513,1.0566428006728212,1.0539355289446148,1.0546982331824877,1.0601053340189006,1.0152389396953065,1.040281780306885,1.0413481144565535,1.0320173804843733,1.039390314837171,1.0379701993539117,1.0338318086582354,1.0291375019389049,1.041264795275286,1.041684674529275,1.0496618793853811,1.051436418471812,1.0377832558215963,1.0195466633697505,1.0125616527284291,1.016987862752046,1.03420901604434,1.0290111501229409,1.0298964963601842,1.0286276738508837,1.021059714361914,1.051313498672735,1.0441066091040392,1.0507662858859108,1.043433036287402,1.0197548417729525,1.0260939353133376,1.0177955487430663,1.0599999926017767,1.0437134043769014,1.016703404719138,1.0599999874067447,1.0284093036645785,1.0350007290912742,1.0419461789975446,1.0402934119938403,0.9997453308141534,1.0044750792821144,0.9916181782760347,1.042325712071683,1.037570128581951,1.0416343572602103,1.0599999711643704,1.0121932251797505,1.0361734012077937,1.038242828882357,1.0413669476284368,1.0487703430680433,1.0447079534158041,1.0599947783372161,1.0400033698863775,1.0599999910560565,1.0454016700284159,1.0481737274222251,1.0467787119386565,1.0393216036375759,1.0393257866081216,1.0303731147107198,1.0352502253484646,1.043206857544322,1.0482049927926707,1.0561398651520904,1.0599545044085437,1.0447894007306737,1.0453676886781258,1.052526187935449,1.0442741089257301,1.0408523935754128,1.0307682697699367,1.0306329493111526,1.038999409367765,1.038294331232648,1.0402210756948265,1.0476830544042541,1.0304653355046103,1.0558595023469781,1.0357839085704292,1.0351856631713197,1.0171722853904246,1.0120202589285523,0.9888087404989714
16.666666666666668,1.0238359236605186,1.0339974587208984,1.0293134804685569,1.0599999086671419,1.057085043415038,1.0526295752468287,1.0494250728873256,1.0421611479709234,1.0599999826855624,1.0510964058112389,1.0434351545774905,1.0487254374685477,1.0309248379438323,1.0432056832829761,1.0411482835581416,1.0423512104386552,1.0583850302347746,1.050610862541449,1.0425336045050018,1.0271669195621282,1.0250072470832974,1.0311701184849458,1.0497944339155556,1.0490871057901079,1.0599999901346142,1.0261861724446988,1.0429398769721063,1.0349245469305313,1.0350378642904754,1.0309024131799798,1.040638715733032,1.0423482050672044,1.0395669973548034,1.0566428006728215,1.0538550657692416,1.0546982331824877,1.060070546251111,1.0149633711699209,1.0403636152995603,1.0413481144565535,1.031838223520775,1.039390314837171,1.0379730106945204,1.0332770663215274,1.0288481154165823,1.041264795275286,1.0413793168297012,1.0497523142663436,1.051436418471812,1.037653214540007,1.0190470131599823,1.0121279170904878,1.0163411969216618,1.03420901604434,1.0290111501229409,1.0298964963601842,1.0286314311569178,1.0206075074689696,1.051313498672735,1.043925693851143,1.0507662858859108,1.043433036287402,1.019615254917691,1.0259738476356246,1.0177955487430665,1.0599999926017767,1.0432519885626275,1.0167612917394933,1.0599999874067447,1.0284093036645785,1.034995981520296,1.0419461789975446,1.0402934119938403,0.9997453308141536,1.004480598396844,0.9916181782760347,1.042325712071683,1.0374115230136112,1.041627454679099,1.0599999711643704,1.0121835188031352,1.0357930920204268,1.037969572033989,1.041347560059114,1.0487703430680433,1.0444958729400666,1.0599947783372161,1.040296651645184,1.0599999910560565,1.0454016700284159,1.0481737274222251,1.0467787119386565,1.0391522415906493,1.0389151242417773,1.0298014688433976,1.0347828324067576,1.0430391005894755,1.047560519762807,1.0561398651520904,1.0599545044085437,1.0446217508872584,1.0453207146122419,1.052526187935449,1.0442741089257301,1.0408523935754128,1.0309508335888893,1.0306329493111526,1.0389700204381993,1.0382573384103115,1.0402210756948265,1.0476830544042541,1.0304653355046103,1.0558595023469781,1.0358138920183804,1.035240012017933,1.0171722853904246,1.012576501019366,0.988886319030368
16.75,1.0262718286991122,1.035590387017142,1.031214553849081,1.0599999218637588,1.0571969366845764,1.0530245569101357,1.049994661859679,1.041850739267455,1.059999986398823,1.0511402394857094,1.0440965805079812,1.0495928200399236,1.0311484356589178,1.0446145261204751,1.0426891063853727,1.0430075528913156,1.05873291039525,1.0506374142399864,1.0440351613572805,1.028657581183506,1.0262453821205968,1.0318098570443612,1.050023206868244,1.0492074602914911,1.059999992286906,1.0260885497385268,1.0429698016486038,1.03523860643306,1.0352512418791662,1.030869000350931,1.0406691220449142,1.0425500240526386,1.0408235883090122,1.0566042486482152,1.0537097141868597,1.0545788756637464,1.0599999397326785,1.0145047380571068,1.0399434774942913,1.040342743579548,1.0315480039030405,1.0387157761651762,1.0369641609899372,1.0311562213729966,1.0266335901149048,1.0416306930139974,1.0414563659450096,1.0499271750968968,1.051291029702193,1.0383266706246816,1.0194277339223168,1.012414350650208,1.01643824959639,1.0345071822672927,1.0302067758843647,1.0305671494010118,1.0295121273048295,1.0209391669885406,1.051482463544345,1.044012980160298,1.0505919646068318,1.0433806194126836,1.0197218486080826,1.025934221851117,1.0176065890710966,1.0599999942586642,1.0427852217927451,1.0166100035549892,1.0599999902199004,1.0287788811426624,1.0352107787279352,1.0419880270876145,1.0403705210054421,1.0013165027732307,1.0056075865875458,0.991832494972614,1.0435220495631246,1.038689214747281,1.042582941803166,1.0599999772095416,1.0120391779100657,1.0376703409600223,1.0398270080401182,1.042799866525577,1.0497501246935301,1.045893014747431,1.0599852985450968,1.0407386065419926,1.0599999929453328,1.0451137766100485,1.0481713124848173,1.0472639513756836,1.0400399252361832,1.0398298815465283,1.0315053580813567,1.0363201638381756,1.0437946691708937,1.047266534362614,1.0560848188091765,1.059999198403831,1.045173685442655,1.0458861871537652,1.0524693718631868,1.044466385229686,1.0409321723477682,1.030786299725226,1.0299541202602258,1.038906251659048,1.0381698687368608,1.0398998391318395,1.0473347798933628,1.029423222630349,1.0559648645856352,1.0360066329162116,1.03540890304316,1.016946803107642,1.0144356408867872,0.9898019875031158
16.833333333333332,1.0262718286991122,1.0353076624727868,1.0311654014990412,1.0599999218637588,1.0571704470823788,1.0530245569101357,1.050110621891844,1.041850739267455,1.0599999863987961,1.0511402394857094,1.0439509183338789,1.0495928200399234,1.0320709156692023,1.0444968982677314,1.0426891063853727,1.0437196477739312,1.0587392488106235,1.0506374142399866,1.0440351613572805,1.0283317265970329,1.0261939685121422,1.0321176769233575,1.050081441233807,1.0492074602914911,1.059999992286906,1.0260885497385268,1.0429698016486038,1.0354078223268048,1.0350758711455224,1.0309967669295552,1.0406691220449142,1.0425500240526386,1.0407006165414405,1.0566042486482152,1.053661391007015,1.0545788756637462,1.0600024275257545,1.0148897479188403,1.0398964842765999,1.040342743579548,1.0313460936185443,1.0387157761651762,1.038487056948401,1.032556653125791,1.0281466808091382,1.0416306930139974,1.0411277193403987,1.0499049904692745,1.051291029702193,1.0381332807170283,1.0199802277694128,1.0132454679080878,1.0164856565171472,1.0345071822672927,1.0302067758843647,1.0305671494010118,1.0293926043902757,1.0215342952226245,1.051482463544345,1.0439552855436247,1.0505919646068318,1.0433806194126836,1.0197070046750303,1.0259217334554989,1.0176065890710966,1.0599999942586642,1.043501981323732,1.0165894923155583,1.0599999902199004,1.0287788811426624,1.035220022930447,1.0419880270876145,1.0403705210054421,1.0013165027732307,1.0056648378729187,0.9918324949726139,1.0435220495631246,1.0387940084811504,1.0429940826345214,1.0599999772095416,1.0120845977379813,1.0380619902866732,1.0398021262069403,1.0427370873609747,1.0497501246935301,1.045633269282217,1.0599852985450968,1.0416507259822905,1.0599999929453328,1.0451137766100485,1.0481713124848173,1.0472639513756836,1.04012294315441,1.0400688568330845,1.0315223643463065,1.0364379512299422,1.0441993403425716,1.0468753939996351,1.0560848188091765,1.059999198403831,1.0446116264913403,1.0456812571765821,1.0524693718631868,1.044466385229686,1.0409321723477682,1.0315892311880355,1.0299541202602258,1.0390392323886004,1.038331230994024,1.0398998391318395,1.0473347798933628,1.029423222630349,1.055964864585635,1.0363109636572931,1.0357705357107003,1.016946803107642,1.0142778863988808,0.9898011765484509
16.916666666666668,1.0262718286991122,1.035468778432422,1.0311200919756576,1.0599999218637588,1.057183046020734,1.0530245569101357,1.0500603987285564,1.041850739267455,1.059999986398796,1.0511402394857097,1.0441691084186273,1.0495928200399236,1.0324553547451676,1.0445474436829398,1.0426891063853727,1.0434030196875528,1.058716233222433,1.0506374142399864,1.0440351613572805,1.0286420596202082,1.0264318404459918,1.0323359975373192,1.0501195206846257,1.0492074602914911,1.0599999922869061,1.0260885497385268,1.0429698016486038,1.0352146064013443,1.035148110435671,1.0309674819324606,1.0406691220449142,1.0425500240526389,1.0407200247105532,1.0566042486482152,1.053653476730599,1.0545788756637464,1.0599953366409307,1.0148294772245376,1.0398541305054585,1.040342743579548,1.0314376464289605,1.0387157761651762,1.0379480258299318,1.0322156783837564,1.027942028428912,1.0416306930139974,1.0413891101906274,1.0498544861343022,1.051291029702193,1.0381924592981868,1.0198088764759976,1.0128825538476633,1.016292030103698,1.0345071822672927,1.0302067758843647,1.0305671494010118,1.0293841100391947,1.0214943325252799,1.051482463544345,1.0439668561544828,1.0505919646068318,1.0433806194126836,1.0197364160832607,1.025942403675403,1.0176065890710966,1.0599999942586642,1.0436580924845826,1.0165897579499863,1.0599999902199004,1.0287788811426624,1.0352173490772694,1.0419880270876145,1.0403705210054421,1.0013165027732307,1.0056074018365806,0.9918324949726142,1.0435220495631246,1.0387332423902211,1.042802531970243,1.0599999772095416,1.0120796789064697,1.0375900580868864,1.0395724696252022,1.0426341647178057,1.0497501246935301,1.0457450193434643,1.0599852985450968,1.0412367213387344,1.0599999929453328,1.0451137766100485,1.0481713124848173,1.0472639513756836,1.0401055288617942,1.0400840957612891,1.031528101032736,1.0362714002657278,1.0439774235584574,1.0468209467259615,1.0560848188091765,1.059999198403831,1.044918536160784,1.0457770752064879,1.0524693718631868,1.044466385229686,1.0409321723477682,1.0312521978573022,1.0299541202602258,1.038962697328353,1.0382197698090239,1.0398998391318395,1.0473347798933628,1.029423222630349,1.0559648645856352,1.0361726943756233,1.0356078363789174,1.016946803107642,1.0139985343362843,0.989721854038397
17.0,1.026845785244347,1.0355302235960415,1.0318925084364492,1.0599999300969545,1.0571412725112854,1.0528953079345023,1.0499425911434261,1.0416548371840868,1.0599999888989202,1.0508731569944596,1.0440254897655248,1.049555856498258,1.0324859120133458,1.044680474674891,1.0425500125122447,1.0432377240098583,1.058680585775471,1.0507959908080111,1.044242579562007,1.0289814504656416,1.0271218850801143,1.0328859186294705,1.050314649234827,1.0491202585636685,1.059999993722036,1.0259144186108078,1.0435921652153815,1.0359175334685369,1.0357193720500166,1.0309025752244823,1.0413224216673547,1.0430320763486691,1.0404759637509318,1.0566655267755884,1.0540823086737527,1.0550044401295418,1.0599999557611535,1.014437607007417,1.0394094160922507,1.0390340476586355,1.0303772825657336,1.0370241870374293,1.0383984323204576,1.0337635486119416,1.0295508551070462,1.0419621440682476,1.0412459760567987,1.0504048104027404,1.051409699445578,1.03882333392633,1.0201347271597554,1.0133236320405457,1.0171837844100848,1.034919153124548,1.030617216592665,1.0308560302800378,1.030165208378801,1.0218572393259886,1.0511414541242876,1.0435317856360211,1.0501735227602376,1.0432675572019794,1.019427333267435,1.0255642873734627,1.0171276131108853,1.059999995407513,1.043755371194227,1.0162391849058834,1.059999991897792,1.0299343651545618,1.0358684160120546,1.0422541167510035,1.0404799992403162,1.0026963524886015,1.0079805920455587,0.9973135249775473,1.0445036530477332,1.0394858796168918,1.0433167254343416,1.0599999802231463,1.011812896747826,1.0387646291431782,1.0408577513973332,1.0442960359467792,1.051183580339738,1.0470890231943062,1.0599948171603308,1.0417293492255653,1.0599999943760323,1.0463144772515136,1.0489366622842922,1.0471404537486806,1.0405791953009487,1.0406378203583024,1.0324529192912129,1.0370124649655772,1.0442827837015984,1.0474141919972573,1.0564264026931025,1.0599998151832424,1.0446465259140647,1.0456717142265908,1.052478149841379,1.0445637631108664,1.0409499165189204,1.0310396758585632,1.029784969112194,1.0387056019033212,1.0378516620025564,1.0391703893225015,1.0465266339268895,1.028061009849745,1.0558664011452934,1.0366320753801634,1.0360714767863446,1.0165292447989853,1.0157908255894377,0.9939490406234004
17.083333333333332,1.026845785244347,1.0356204818097074,1.0318308419773008,1.0599999300969545,1.0572839986848197,1.0528953079345023,1.0499898968734995,1.0416548371840868,1.0599999888989278,1.0508731569944596,1.0440434912383127,1.049555856498258,1.0323752401609574,1.0443614584741487,1.0425500125122444,1.0431727865069,1.0586148567020786,1.0507959908080111,1.0442425795620067,1.0286161457870895,1.0264351460452985,1.0321241926780262,1.049990618560425,1.0491202585636685,1.059999993722036,1.0259144186108078,1.0435921652153815,1.035946322131364,1.0357945928126828,1.0304908884300816,1.0413224216673547,1.043032076348669,1.040611433449576,1.0566655267755884,1.0539730624275223,1.055004440129542,1.0598234625687082,1.0133275843863174,1.0392907949787638,1.0390340476586355,1.02980059613671,1.0370241870374293,1.0371347101427701,1.0307774192500883,1.0267286317855995,1.0419621440682476,1.0408950476081902,1.050299175902472,1.051409699445578,1.0383189004624804,1.0201235626449505,1.0132296438759754,1.0166509927340104,1.034919153124548,1.030617216592665,1.0308560302800378,1.0298411344271463,1.0218062251019702,1.0511414541242876,1.0436430995200925,1.0501735227602376,1.0432675572019794,1.0191534316824753,1.0253667956404813,1.0171276131108853,1.059999995407513,1.043618738784459,1.0163193102396757,1.059999991897792,1.0299343651545618,1.0358244460895731,1.0422541167510035,1.0404799992403162,1.0026963524886015,1.007558713552124,0.9973135249775472,1.0445036530477332,1.039640702111459,1.0435327343816634,1.0599999802231463,1.0118507965496113,1.0387964651520196,1.0410242401289513,1.0443164381074794,1.051183580339738,1.046446407979,1.0599948171603308,1.042000581141496,1.0599999943760323,1.0463144772515136,1.0489366622842922,1.0471404537486806,1.0404450802962206,1.040428063910855,1.0319174226378025,1.0369975630814285,1.0443231740987307,1.046715660700573,1.0564264026931025,1.0599998151832424,1.044805871740959,1.0457168493498483,1.052478149841379,1.0445637631108664,1.0409499165189204,1.0311937998873901,1.029784969112194,1.0386656357257857,1.0378215847224563,1.0391703893225015,1.0465266339268895,1.028061009849745,1.0558664011452932,1.036754491440265,1.036201895566452,1.0165292447989853,0.9872415987500633,0.9935822041367015
17.166666666666668,1.026845785244347,1.0352657975855926,1.0320549415841591,1.0599999300969545,1.0572648384014693,1.052895307934502,1.049970396980731,1.0416548371840868,1.059999988898928,1.0508731569944596,1.0436225402088117,1.049555856498258,1.0318699044243869,1.044371272314058,1.042550012512245,1.0430630287778888,1.0586422349117421,1.0507959908080111,1.044242579562007,1.0281456362417454,1.0262597194936365,1.0319859533026174,1.0499820631477292,1.0491202585636685,1.059999993722036,1.0259144186108078,1.0435921652153815,1.0359066098732554,1.0355077159152948,1.0305577687195442,1.0413224216673547,1.0430320763486691,1.0411478623785606,1.0566655267755884,1.0540275013789286,1.0550044401295418,1.0598738911186187,1.0134578062047526,1.0395577093647783,1.0390340476586355,1.029813500751439,1.0370241870374293,1.036984614764202,1.0307352264878178,1.026439337374127,1.0419621440682476,1.040342063855366,1.050489906730223,1.051409699445578,1.0383850685634601,1.0204284221627258,1.0134759088155687,1.0170345659386073,1.034919153124548,1.030617216592665,1.0308560302800378,1.0300213643863196,1.0219310154573973,1.0511414541242876,1.0438716857240575,1.0501735227602376,1.0432675572019794,1.0191490303466586,1.0253827011851864,1.0171276131108853,1.059999995407513,1.04350787761718,1.0163116779216315,1.059999991897792,1.0299343651545618,1.0358291739366434,1.0422541167510035,1.0404799992403162,1.0026963524886015,1.0078147642570823,0.9973135249775475,1.0445036530477332,1.0398678345462047,1.0436425922171393,1.0599999802231463,1.011823936299307,1.039084657046968,1.04105980546752,1.0444695901187262,1.051183580339738,1.0464684541234457,1.0599948171603308,1.041858402830583,1.0599999943760323,1.0463144772515136,1.0489366622842922,1.0471404537486806,1.0406977778355815,1.0406422376804239,1.0322605504976328,1.03746539441417,1.044491487428873,1.0470822111836124,1.0564264026931025,1.0599998151832424,1.0441801292765156,1.0455527868332235,1.052478149841379,1.0445637631108664,1.0409499165189204,1.031056086178978,1.029784969112194,1.038672070321321,1.0378473426543855,1.0391703893225015,1.0465266339268895,1.028061009849745,1.0558664011452934,1.0367819167397496,1.0362091464938799,1.0165292447989853,0.9886501045142821,0.9939079820096178
17.25,1.025894844735814,1.0312733317582121,1.0302386805377577,1.059999945367913,1.0569928628133114,1.0512472409316347,1.0469896799865472,1.0427856685762258,1.0599999796429593,1.0505008983530284,1.0398092260033045,1.0443085993931316,1.0281877118004636,1.040718808115912,1.0429341791326425,1.039875984977407,1.0591450005136476,1.0518047949634635,1.0446574051721926,1.027512725257818,1.025504404870184,1.0314481042874988,1.0502703455347935,1.0496778744303994,1.0599999879613555,1.025766438817725,1.0439468361887208,1.0360051540134496,1.0352421587163567,1.0311984206318572,1.0413016858340483,1.0433120272081278,1.0412875188744428,1.0565382899770237,1.0539551808612946,1.0548944055287692,1.0599999202973283,1.0146411037954255,1.0402840510059437,1.0406045839361486,1.031746248076793,1.0390789331673562,1.0385261640794912,1.0335510371646512,1.0294551632077342,1.0416672676831409,1.0398971973187843,1.049911003378107,1.0510979072826192,1.0379803487955717,1.0197588156127078,1.012998188547212,1.0165159057437212,1.0344037336209213,1.0299081427918597,1.0298731411693987,1.0290581755298405,1.0209151096280455,1.0510611937541292,1.0438399339090336,1.0502598720447143,1.043098158551925,1.0194701864298976,1.0257670959515923,1.017702986518394,1.0599999907604878,1.042877591433091,1.0166907524813653,1.0599999842961703,1.0282833226460757,1.035140233562827,1.0425161266896656,1.0406900397523622,0.9969274637897119,1.003571876346791,0.9913973937690345,1.0436461211155157,1.0391012442160321,1.0431476263408177,1.0599999626007583,1.0121219784296436,1.037926396168029,1.039442722463007,1.042943724621682,1.0500600893708005,1.0459877381935747,1.0599919684727563,1.0415572254955332,1.0599999887503406,1.0464159921011265,1.048822869334087,1.0456775523836335,1.039217871339421,1.039572876742716,1.0313652004537417,1.0364793557850085,1.0441258103165567,1.0471209354659992,1.056466513766722,1.0599991580799784,1.0427454392408002,1.044015103887836,1.0523637809355282,1.044435064325367,1.0409255119390572,1.0313237789793797,1.029771277535426,1.0386978432412781,1.0378423463338968,1.0390308014075607,1.0464851567163789,1.0288926896174424,1.0567147407205515,1.0371690741546342,1.0366210407535241,1.0170338819650622,0.9801007509158796,0.9885862235982558
17.333333333333332,1.025894844735814,1.031394928265592,1.0308024420125703,1.0599999453679125,1.0569903432284813,1.0512472409316345,1.0470509531387733,1.0427856685762258,1.0599999796429593,1.0505008983530284,1.04010078689883,1.0443085993931316,1.0292836749490881,1.0407329670341898,1.0429341791326425,1.0403263126747075,1.05917860809447,1.0518047949634635,1.0446574051721926,1.028585951793382,1.0271094404897683,1.032883733354543,1.0505249620483539,1.0496778744303994,1.0599999879613555,1.025766438817725,1.043946836188721,1.035805555027604,1.0352686016637063,1.0313960753618971,1.0413016858340483,1.0433120272081278,1.0417455358964114,1.0565382899770237,1.0539621510407498,1.054894405528769,1.0600924984541147,1.0152115775485373,1.0409244121339674,1.0406045839361489,1.0317684091732755,1.0390789331673562,1.039149883310101,1.0336467256424788,1.0292512171211836,1.0416672676831409,1.040284055463785,1.0503773563031151,1.0510979072826192,1.038148711823304,1.020487934983191,1.0138234511676798,1.0168081534099278,1.0344037336209213,1.0299081427918597,1.0298731411693987,1.0295271611992818,1.0215650711498394,1.0510611937541292,1.0440224038137795,1.0502598720447143,1.043098158551925,1.0195233601056453,1.0258208100819435,1.017702986518394,1.0599999907604878,1.0434931732083144,1.0166422879908048,1.0599999842961703,1.0282833226460757,1.0351470781181167,1.0425161266896656,1.0406900397523622,0.9969274637897116,1.0045265001614727,0.9913973937690345,1.0436461211155157,1.0393955827464905,1.0435453010013267,1.0599999626007583,1.012132784391172,1.0377074109570632,1.0393642018694846,1.0432209450360823,1.0500600893708005,1.0459974917676071,1.0599919684727563,1.042066526009227,1.0599999887503406,1.0464159921011265,1.048822869334087,1.0456775523836335,1.0397196376303437,1.040011391749386,1.0317421698704876,1.036763020615822,1.0444591155715557,1.0470667851089999,1.056466513766722,1.0599991580799784,1.043050136453874,1.044219925444172,1.0523637809355282,1.044435064325367,1.0409255119390572,1.0317878484542509,1.029771277535426,1.0386214006988421,1.0377357493606265,1.0390308014075607,1.0464851567163789,1.0288926896174424,1.0567147407205513,1.0374129524346136,1.0368864971632026,1.0170338819650622,0.9832678148280186,0.9896010539877578
17.416666666666668,1.025894844735814,1.0314117829529947,1.0303184612349516,1.0599999453679128,1.056971751279552,1.0512472409316347,1.0470339955841268,1.0427856685762258,1.0599999796429591,1.0505008983530284,1.04008300329462,1.0443085993931316,1.029097859907436,1.0407454492288968,1.0429341791326425,1.0401558397179402,1.059100699828768,1.0518047949634632,1.0446574051721926,1.028196015728045,1.026392256039501,1.0323763521190081,1.0504808474787333,1.0496778744303994,1.0599999879613555,1.025766438817725,1.0439468361887208,1.0361081815739221,1.035370633017724,1.031452920755926,1.0413016858340483,1.0433120272081278,1.0423446348335859,1.0565382899770237,1.053878336738913,1.054894405528769,1.0600858934823116,1.015358853227944,1.040418182695597,1.0406045839361486,1.0317932608391118,1.0390789331673562,1.0392587216029403,1.0342689525080604,1.0305012708991428,1.0416672676831409,1.0403869213287031,1.0499873241596032,1.0510979072826192,1.0380587224808873,1.0206911603530815,1.0137594365699067,1.0162784954054431,1.0344037336209213,1.0299081427918597,1.0298731411693987,1.0291656873090684,1.0216390294494833,1.0510611937541292,1.04430017741647,1.0502598720447143,1.043098158551925,1.0196204455515745,1.0258909855070735,1.017702986518394,1.0599999907604878,1.043375679287538,1.0166291059063144,1.0599999842961703,1.0282833226460757,1.035153318008213,1.0425161266896656,1.0406900397523622,0.9969274637897121,1.0039238841946077,0.9913973937690345,1.0436461211155157,1.039668855647766,1.043693834924552,1.0599999626007583,1.0121410961403825,1.0384505175892684,1.0398033676583294,1.0430791443538452,1.0500600893708005,1.046035996239877,1.0599919684727563,1.0418567220261417,1.0599999887503406,1.0464159921011265,1.048822869334087,1.0456775523836335,1.0395080877107343,1.0401010028731053,1.0320521032953633,1.0372944389546905,1.0447002601439976,1.0463711753843772,1.056466513766722,1.0599991580799784,1.0429937492765475,1.0441051804165469,1.0523637809355282,1.044435064325367,1.0409255119390572,1.0316354443703692,1.029771277535426,1.0387502346965214,1.037892927013946,1.0390308014075607,1.0464851567163789,1.0288926896174424,1.0567147407205515,1.0374553942429496,1.0369066426005427,1.0170338819650622,0.9806864407980348,0.9888874652336337
17.5,1.027337091392183,1.0335186565750158,1.0323076573759509,1.059999953609942,1.0572174530066045,1.0529997171028933,1.0489933267974205,1.0421451145006395,1.0599999829516178,1.0508094413121032,1.0417325156660553,1.0468272243104353,1.0306991163713843,1.043136351416352,1.0444576005296853,1.0414508737341792,1.0594147792289774,1.0519296099641908,1.0457943433957961,1.0295231501787114,1.0278921426927499,1.0333091993420163,1.0506325599043829,1.049557352705736,1.059999990178933,1.0255825186476617,1.0443887597493686,1.0366502825880368,1.0358836221250871,1.0312331094131841,1.041794425598196,1.043687634161257,1.042641171985848,1.0564964757582287,1.0537219677163967,1.0548012169547827,1.0599999338975015,1.0146259704181873,1.0405375381735378,1.0398390468577214,1.0312683466986625,1.0383703716551633,1.0382442884670338,1.0337290271962865,1.0306841114300713,1.0420682398121321,1.0403762873776445,1.0507551534358863,1.0512575468695156,1.0387560945887861,1.0202560017987041,1.013028719066178,1.0158604454755376,1.03488593561147,1.0305902566259462,1.0305279604334552,1.0303245533960321,1.0216615265774158,1.0507473463507335,1.04356127214523,1.0498456486791548,1.0420518972119515,1.0192519614236044,1.0254589612784213,1.0172748114185743,1.0599999924915917,1.04284162304595,1.0162826691874272,1.0599999866789234,1.029634936986104,1.0358335107516465,1.042670885311754,1.040663635732638,1.0009298851045483,1.0077688970178673,0.9969560702477176,1.0452274559514463,1.0407020913777114,1.0442416725407246,1.0599999638030944,1.0118651226021942,1.039682880654094,1.0411928698553663,1.0447687696053962,1.051306071870644,1.0471092900348917,1.0599970711593059,1.0417493548387808,1.059999991070978,1.0473430864820432,1.0495704261150294,1.0463616949965078,1.040471057604048,1.040689930307094,1.0328174955752853,1.0378525068206754,1.0447419178067925,1.0457974585664254,1.056695776018452,1.059999795337107,1.0433398471553799,1.0447812268785064,1.0524228738692711,1.044534438043006,1.0409037985685974,1.0307656604744815,1.0287034291879793,1.0387272269377503,1.0378679469161074,1.038954031579625,1.0463578621047807,1.0283339423992617,1.0566615003885544,1.0375452968733054,1.0369716171925802,1.0165465064345498,0.987007502865622,0.9941103214358752
17.583333333333332,1.027337091392183,1.0339478436358136,1.0318590891064463,1.059999953609942,1.0572326940275438,1.0529997171028933,1.0491184392671686,1.0421451145006395,1.0599999829516178,1.0508094413121032,1.0422308256646649,1.0468272243104353,1.0312586271906887,1.043069740286192,1.0444576005296853,1.0422402525412138,1.059498247530228,1.0519296099641906,1.045794343395796,1.0299572356522464,1.027860527537035,1.0333121912971777,1.0506064781309639,1.049557352705736,1.059999990178933,1.0255825186476617,1.0443887597493686,1.0367748551451226,1.0362409283121294,1.0312211146455912,1.041794425598196,1.043687634161257,1.0422980331860279,1.0564964757582287,1.0537845656308433,1.0548012169547825,1.0599578610504066,1.0145580308757565,1.040031976890727,1.0398390468577217,1.0311469852051125,1.0383703716551633,1.0390767909902925,1.033400632018329,1.0295197918686803,1.0420682398121321,1.0410564138783924,1.0503680516998908,1.0512575468695156,1.0385160789783083,1.0207771012256937,1.0141140611338002,1.016750564529743,1.03488593561147,1.0305902566259462,1.0305279604334552,1.0298971994707609,1.0220063318638462,1.0507473463507335,1.0434125295450127,1.0498456486791548,1.0420518972119515,1.019196294123007,1.0254205195501418,1.0172748114185743,1.0599999924915917,1.0429685444976193,1.0162852033865832,1.0599999866789234,1.029634936986104,1.0358286465157984,1.042670885311754,1.040663635732638,1.0009298851045483,1.0072474900416168,0.9969560702477174,1.0452274559514463,1.040723005249055,1.0446126365909691,1.0599999638030944,1.0119130204431608,1.0396754706911695,1.04142657301668,1.0445888229999225,1.051306071870644,1.0469592459546537,1.0599970711593059,1.0427755434773744,1.059999991070978,1.0473430864820432,1.0495704261150294,1.0463616949965078,1.0401895017403766,1.040561103605298,1.0325667348251704,1.0376709563509587,1.044989029239965,1.0464047037240578,1.056695776018452,1.059999795337107,1.0441348627597582,1.0449877434916444,1.0524228738692711,1.044534438043006,1.0409037985685974,1.031661578496611,1.0287034291879793,1.0386822283296522,1.0378250294849798,1.038954031579625,1.0463578621047807,1.0283339423992617,1.0566615003885544,1.037844551004343,1.0373371783091911,1.0165465064345498,0.9844796037999625,0.9934263071635736
17.666666666666668,1.027337091392183,1.0338069157733774,1.0324389118351178,1.059999953609942,1.0572171960346275,1.0529997171028935,1.0490689307980003,1.0421451145006395,1.059999982951618,1.0508094413121032,1.0422303367782801,1.0468272243104355,1.032123360855277,1.0432492396300395,1.0444576005296853,1.0419811199617643,1.0595024324643503,1.0519296099641908,1.045794343395796,1.0305925729230838,1.029173592884636,1.0345898226116783,1.0508874960251715,1.049557352705736,1.059999990178933,1.0255825186476617,1.0443887597493686,1.036486886886665,1.0360420818596254,1.0314535663780349,1.041794425598196,1.043687634161257,1.043354615471646,1.0564964757582287,1.0538377435220834,1.054801216954783,1.0600818673511163,1.0151891370878172,1.0407271818057149,1.0398390468577219,1.031470819577463,1.0383703716551633,1.0388659325620004,1.0335842747888284,1.0295301318912335,1.0420682398121321,1.0410751084016734,1.0508441776888546,1.0512575468695156,1.0389421649159785,1.0215507789423253,1.014599528383055,1.0171544750968402,1.03488593561147,1.0305902566259462,1.0305279604334552,1.0304953835796966,1.0226831712189128,1.0507473463507335,1.0438654634700786,1.0498456486791548,1.0420518972119515,1.019372160503529,1.0255777185778747,1.0172748114185743,1.0599999924915917,1.0436150089345253,1.0162103664164022,1.0599999866789234,1.029634936986104,1.0358388728637296,1.042670885311754,1.040663635732638,1.0009298851045483,1.0081690105119132,0.9969560702477176,1.0452274559514463,1.0411554717563647,1.044783861733969,1.0599999638030944,1.0118889531146784,1.039648981161651,1.0413376870068063,1.044880387967307,1.051306071870644,1.0473402676643662,1.0599970711593059,1.0423735687682227,1.059999991070978,1.0473430864820432,1.0495704261150296,1.0463616949965078,1.0409085674534166,1.041353213215451,1.0336147931556408,1.0384791174408472,1.04528257353133,1.0466904611025907,1.056695776018452,1.059999795337107,1.0439604100336832,1.0450380561035777,1.0524228738692711,1.044534438043006,1.0409037985685974,1.0313681325744064,1.0287034291879793,1.038611442596798,1.0377261376719533,1.038954031579625,1.0463578621047807,1.0283339423992617,1.0566615003885544,1.037869594706106,1.0373180366683195,1.0165465064345498,0.9876526514518987,0.994406319710589
17.75,1.0281133595918304,1.0354628815200955,1.0332851579385034,1.059999968664196,1.0573051600943326,1.0539098820509232,1.0504216887714042,1.041554478287729,1.0599999880649098,1.050629787429494,1.0437631427133773,1.0487194917194278,1.03417931351555,1.044931419783992,1.0457837563849883,1.0437579980205824,1.059732865038458,1.0516321844139753,1.0464584012251765,1.031564688464213,1.0300514420681322,1.035317745570289,1.0510218331234307,1.0495308929059874,1.0599999932305761,1.0255779492036856,1.044406960367298,1.037010074816417,1.036810499068848,1.0314559189819348,1.0424502442305206,1.0438846082215165,1.0438452290566596,1.05647974630766,1.0538012784239172,1.0548047051563416,1.0599999569627894,1.0147771487333495,1.0401849672859975,1.0390360966487764,1.0306799536555598,1.0381405293328672,1.0396149672933839,1.03433547290267,1.0305238665053045,1.0420607317871426,1.041205970829145,1.0509791303563611,1.0513470337989879,1.0390244967079751,1.021963875023601,1.0151650341060932,1.0171646508146515,1.0347607987068594,1.0306699435737394,1.030833359789637,1.0307545541825576,1.0232003714499522,1.0502687976490526,1.0436308724720358,1.049575083802237,1.0425285578161783,1.0188754931052442,1.0251142053259628,1.01685392324376,1.0599999949712844,1.0442143987609398,1.0160232341769173,1.0599999905435609,1.0329838411034822,1.037583849338502,1.042832446370353,1.040773924978183,1.007284226778363,1.0130999175264979,1.0048692609921277,1.0473285328800663,1.0430159097241265,1.0464024502989857,1.0599999733361418,1.0117170213006896,1.0418024770901586,1.043762759325289,1.0472920253007367,1.0536176238756634,1.0486578744551238,1.0599961327182392,1.043969862224927,1.0599999938781486,1.0469198723762363,1.0494109824933724,1.0476566226396933,1.0420821476746995,1.0423387047192212,1.0346141207162645,1.0396774595334748,1.0460738399475533,1.0464405361783555,1.0565790965941806,1.0599998274717015,1.0448555318940076,1.046205007147411,1.0526370785566341,1.044959268769408,1.04151436877917,1.0324132011460248,1.0298449678844304,1.0390749212498809,1.0381300145152497,1.0390888371469278,1.046270834941766,1.0277293804081533,1.0565441069845671,1.0381587675684467,1.0376316101485135,1.0162697617718364,0.9899700031416481,1.00082682108996
17.833333333333332,1.0281133595918304,1.035487680230364,1.0330252834314397,1.059999968664196,1.0572956557008875,1.053909882050923,1.0504284823630374,1.041554478287729,1.0599999880649096,1.050629787429494,1.0436880810786469,1.0487194917194278,1.0335212623860617,1.0453162846533364,1.0457837563849883,1.0437580377964915,1.059683296905486,1.0516321844139753,1.0464584012251765,1.0312804175269343,1.0295120892407321,1.0348076993187159,1.0510396829048194,1.0495308929059874,1.0599999932305761,1.0255779492036856,1.044406960367298,1.0371557343172204,1.0368745173882747,1.0314566903641353,1.0424502442305206,1.0438846082215165,1.0441591737076923,1.05647974630766,1.053736077963912,1.0548047051563416,1.0599868440566187,1.0147846617262462,1.03991362773811,1.0390360966487762,1.031391669982744,1.0381405293328672,1.03943831456633,1.0338045323300138,1.0302205829645423,1.0420607317871426,1.0412978810375761,1.0507594425504028,1.0513470337989879,1.0395481243489564,1.02204625778544,1.0151561085678438,1.0167851422320735,1.0347607987068594,1.0306699435737394,1.030833359789637,1.0308168388951422,1.0230914886201796,1.0502687976490526,1.0437874558836397,1.049575083802237,1.0425285578161783,1.0191122080047883,1.0252711547571458,1.01685392324376,1.0599999949712844,1.0438176252582165,1.0160097879538252,1.0599999905435609,1.0329838411034822,1.0375875535498418,1.042832446370353,1.040773924978183,1.007284226778363,1.0127552117683294,1.0048692609921277,1.0473285328800663,1.0431825546475038,1.046545859835747,1.0599999733361418,1.0116997058930055,1.042379669320032,1.0441604726371967,1.0472765042949763,1.0536176238756634,1.0495189788060115,1.059996132718239,1.0440178256462525,1.0599999938781486,1.0469198723762363,1.0494109824933724,1.0476566226396933,1.0421388263723772,1.0426730929643393,1.0356621294579975,1.040366547797709,1.0464509808881837,1.0459075335022114,1.0565790965941806,1.0599998274717015,1.0448662251034633,1.0461621008607638,1.0526370785566341,1.044959268769408,1.04151436877917,1.032436512014128,1.0298449678844304,1.0391015780303714,1.038175510781993,1.0390888371469278,1.046270834941766,1.0277293804081533,1.0565441069845671,1.038228676781444,1.0376976973349668,1.0162697617718364,0.9885159319686532,1.0004078199482926
17.916666666666668,1.0281133595918304,1.0354740434750602,1.0334434602200875,1.059999968664196,1.057284329160783,1.053909882050923,1.0504691147119272,1.041554478287729,1.0599999880649094,1.050629787429494,1.043712843072653,1.0487194917194278,1.0337551288111566,1.0453589521732451,1.0457837563849883,1.0440850644899027,1.0597793306759387,1.0516321844139753,1.0464584012251765,1.0319034884311133,1.0305691698578994,1.0357312103845644,1.0512607091038213,1.0495308929059874,1.0599999932305761,1.0255779492036856,1.044406960367298,1.0372802189007122,1.0368950530000842,1.0317606555704313,1.0424502442305206,1.0438846082215165,1.0445400123476334,1.05647974630766,1.053955146524012,1.0548047051563416,1.060105779506812,1.0155334697096812,1.0403833828057858,1.0390360966487764,1.031472586041173,1.0381405293328672,1.0414299935812525,1.0376204110654297,1.0333891312307222,1.0420607317871426,1.041618110891663,1.0511273972683486,1.0513470337989879,1.0397873296007427,1.0230851744589475,1.016624188157035,1.0186356301469421,1.0347607987068594,1.0306699435737394,1.030833359789637,1.0312565287499986,1.0237509467202723,1.0502687976490526,1.0439340146474338,1.049575083802237,1.0425285578161783,1.0192988402929801,1.0254364052205793,1.01685392324376,1.0599999949712842,1.0440156838739274,1.0158873144906821,1.0599999905435609,1.0329838411034822,1.0376002367501727,1.042832446370353,1.040773924978183,1.007284226778363,1.0135517516099324,1.0048692609921277,1.0473285328800663,1.043425866404827,1.0468201871417564,1.0599999733361418,1.0117341720213597,1.0427128886631505,1.044266603723064,1.047503572599953,1.0536176238756634,1.0495935672626915,1.0599961327182392,1.0442778590755277,1.0599999938781486,1.0469198723762363,1.0494109824933724,1.0476566226396933,1.0423910529007465,1.042857101808613,1.0359252527585896,1.040630656323836,1.0467333617984975,1.047618933406078,1.0565790965941806,1.0599998274717015,1.0448611166988861,1.046224464082459,1.0526370785566341,1.044959268769408,1.04151436877917,1.032798403137956,1.0298449678844304,1.0391820963341623,1.0382618170941162,1.0390888371469278,1.046270834941766,1.0277293804081533,1.0565441069845671,1.0383975372105374,1.0378791240611367,1.0162697617718364,0.9908013394798418,1.001197275071402
18.0,1.0288465516397658,1.036166533851113,1.033744313986759,1.0599998757248235,1.0572719921754532,1.053823489362217,1.0504652507531351,1.041277581917917,1.0599999506531925,1.050390173999548,1.0443913919642873,1.0490920068346727,1.0358127448263288,1.0456346243973964,1.0463641416651355,1.043761789697438,1.059784737412972,1.0515466925432173,1.0469229484433544,1.0325890021735278,1.0311189557421625,1.0364431144352002,1.0513708293487476,1.0495250553932658,1.05999997242607,1.025464505299572,1.0447520275962308,1.0376353145963084,1.037543793090912,1.0316163161528882,1.0430285178741336,1.0442924988219722,1.044334833975281,1.0563744413103036,1.0537878472263853,1.0548018089628026,1.059999864316636,1.0150163974191244,1.0407080790223866,1.0398539982647763,1.031954847153588,1.0387235835909143,1.0394845236667465,1.0349794359734468,1.03150655687075,1.042351842949201,1.0417754488766555,1.0511710705477935,1.0515422971351716,1.039763617208595,1.0226354355168175,1.0156302636414436,1.0175890760249668,1.03524830023526,1.0313811800338095,1.0315218181006636,1.0314635719650096,1.0241588240232216,1.0502619099673345,1.043586818976409,1.0494076210288952,1.042499353315388,1.019013609210245,1.0251667120529242,1.0168908136412078,1.0599999788966026,1.0449421670617347,1.0159554190574203,1.059999960876586,1.0334473873594703,1.037811917797024,1.0429129745909855,1.0407300401783508,1.0093526626841762,1.0149031901908276,1.0086685430926503,1.0484309514821477,1.0440199307574003,1.047035755051836,1.059999885564816,1.0116661695228168,1.0432604611633312,1.045263727445751,1.0485205299415117,1.0547303032731032,1.0499352962477342,1.0599144385377897,1.0441201384528633,1.0599999750595726,1.0473548877903578,1.049763407451323,1.0483348017463912,1.0430178955590692,1.0434951041293563,1.0361832557253126,1.0408647934327417,1.0465824483075339,1.0463543680445893,1.0566890044821717,1.0599981250553925,1.0455236703817072,1.046886128653754,1.0528147606243712,1.0451417427074812,1.0416486365596784,1.032245787770375,1.0298413255490404,1.0395123870110095,1.038665792237703,1.0397853752249295,1.0467426379844447,1.029313907556393,1.0564254022803736,1.0384518895763197,1.037896441509024,1.0161693647336272,0.9901522863383041,1.0035589407625325
18.083333333333332,1.0288465516397658,1.0362902766715338,1.03333869645306,1.0599998757248235,1.0572561090694717,1.053823489362217,1.0506036389246263,1.041277581917917,1.0599999506531923,1.050390173999548,1.044397644625288,1.0490920068346727,1.0350136283193665,1.045873575057648,1.0463641416651355,1.0445723470703014,1.0598043015928431,1.0515466925432173,1.0469229484433544,1.0324275383113908,1.0305767385561873,1.0359201474294695,1.0514012094122425,1.0495250553932658,1.05999997242607,1.025464505299572,1.0447520275962308,1.0375769408652344,1.0376398240327742,1.0318163459534273,1.0430285178741336,1.0442924988219722,1.0451351682047887,1.056374441310304,1.0538205864620747,1.0548018089628026,1.0600342225705865,1.0155107758081818,1.0402772206713706,1.0398539982647763,1.0324056379186617,1.0387235835909143,1.0417903032432383,1.0378967149718579,1.0343328520863575,1.042351842949201,1.0422141298947656,1.050838376651076,1.0515422971351716,1.040062153168524,1.023854936704199,1.017294571926989,1.018471949764503,1.03524830023526,1.0313811800338095,1.0315218181006636,1.0313434903882777,1.0246483020623578,1.0502619099673345,1.0439516956753072,1.0494076210288952,1.042499353315388,1.01927222619376,1.0253615863498002,1.0168908136412078,1.0599999788966026,1.0444156228843096,1.0158889665173392,1.059999960876586,1.0334473873594703,1.037820453972359,1.0429129745909855,1.0407300401783508,1.0093526626841762,1.014553454372895,1.0086685430926503,1.0484309514821477,1.044615935283685,1.0478610167594262,1.059999885564816,1.0117044385990015,1.0432709035709062,1.045173117323233,1.048223411648283,1.0547303032731032,1.0504768627929746,1.0599144385377899,1.0451322970129981,1.0599999750595726,1.0473548877903578,1.049763407451323,1.0483348017463912,1.042767006752946,1.0434925487258868,1.0367340489622032,1.041332414910617,1.0472182168338007,1.046595890596626,1.0566890044821717,1.0599981250553925,1.045671569786643,1.04684762400981,1.0528147606243712,1.0451417427074812,1.0416486365596784,1.0331881391778273,1.0298413255490404,1.0395017666609678,1.0386289046259287,1.0397853752249295,1.0467426379844447,1.029313907556393,1.0564254022803736,1.0389616126532808,1.0384537828219311,1.0161693647336272,0.9878677035686865,1.0030713903149255
18.166666666666668,1.0288465516397658,1.0364552475572837,1.0340938572790344,1.0599998757248235,1.0572660925910076,1.053823489362217,1.0506081531523384,1.041277581917917,1.0599999506531923,1.050390173999548,1.0445337400499877,1.0490920068346727,1.0347814254554166,1.0456812978441148,1.0463641416651355,1.0447027876140969,1.0598748338488222,1.0515466925432173,1.0469229484433544,1.0334160111097574,1.0319777440912044,1.0367969683546576,1.0514915983013844,1.0495250553932658,1.05999997242607,1.025464505299572,1.0447520275962308,1.0376317430682904,1.0377726528671734,1.0318833059944317,1.0430285178741336,1.0442924988219722,1.045144018255041,1.056374441310304,1.0539099821763953,1.0548018089628026,1.0601160426915084,1.015670254096997,1.0410844854008479,1.0398539982647763,1.0320316716101545,1.0387235835909143,1.0418849027698758,1.0378841178049698,1.033808934070943,1.042351842949201,1.042501396345775,1.0514786222479877,1.0515422971351716,1.0399901149658999,1.023909784570879,1.017510859595633,1.0190221043783165,1.03524830023526,1.0313811800338095,1.0315218181006636,1.0318495274188244,1.0245859978326266,1.0502619099673345,1.0439318332066463,1.0494076210288952,1.042499353315388,1.0191633797862043,1.025298422312853,1.0168908136412078,1.0599999788966026,1.044163902610247,1.0158751015934155,1.059999960876586,1.0334473873594703,1.037820988274779,1.0429129745909855,1.0407300401783508,1.0093526626841762,1.01556495723233,1.0086685430926503,1.0484309514821477,1.0446143506295542,1.0478791661530746,1.059999885564816,1.011696300822576,1.0433236817923346,1.0454208491401868,1.0487392831277182,1.0547303032731032,1.0500212498412946,1.0599144385377899,1.0452107518873197,1.0599999750595726,1.0473548877903578,1.049763407451323,1.0483348017463912,1.0430307912316066,1.043301262714691,1.0362696983239545,1.0411867172015272,1.0471568897535461,1.0472345760268114,1.0566890044821717,1.0599981250553925,1.0460707565502796,1.0471168355435214,1.0528147606243712,1.0451417427074812,1.0416486365596784,1.033250283574787,1.0298413255490404,1.039470669459047,1.0386028712868205,1.0397853752249295,1.0467426379844447,1.029313907556393,1.0564254022803736,1.0389792304533727,1.0384758966619878,1.0161693647336272,0.9921306204206034,1.0042091862794658
18.25,1.0322126406989853,1.0387663240687655,1.0363560739495103,1.0599999167655452,1.0571971601378585,1.0539970175626412,1.0512001642197415,1.0402995285462493,1.059999975854451,1.0498047539493036,1.0457815240490969,1.0501071103169073,1.0368940664917572,1.047053009656649,1.0486186711320686,1.046035417841774,1.0599997190806196,1.050974500088717,1.048495889688976,1.0357404152342917,1.0341149818184692,1.0385437295208984,1.0519481972538782,1.0496715584156238,1.0599999865498608,1.0254929226425218,1.045283088598295,1.038648085632389,1.038360262527063,1.0322047355822879,1.043065955987497,1.0445716175793143,1.046742478356297,1.0562297644404375,1.053734977602428,1.0545542580147445,1.059999901351972,1.015940450742317,1.0409688333204077,1.0395396685518181,1.0319240637906613,1.0390199764108716,1.0433942570070283,1.0399759730587503,1.0358423811942208,1.0428131888905414,1.0429521098970451,1.0514795465035163,1.0512861709052188,1.0402473409722217,1.0255671946086662,1.0195475009473631,1.0206262901361098,1.0359787389081532,1.0329169724418703,1.032959772373386,1.0328749331535165,1.0263218823535074,1.0493072867563868,1.0441426448475606,1.0492924317255754,1.043385396573745,1.018726276274902,1.0251219151117776,1.017187891072582,1.059999989965856,1.045027412745704,1.0161855220713139,1.0599999815763705,1.0382320954815933,1.0407449483385842,1.0439375211977435,1.0417561785594969,1.0167263671590658,1.0203982497005906,1.0120885780472313,1.0502717083897677,1.0465940580977184,1.0496842480663309,1.0599999468665504,1.0118188662118546,1.046701339780934,1.0489209899564051,1.0514974194927618,1.0569672125773037,1.051489014262167,1.0599352261692112,1.047099057651522,1.0599999892061998,1.0487304196341551,1.0508899203452904,1.0501073957645972,1.0448541897882426,1.0449582769990748,1.0382642337479253,1.0434783721578917,1.0486018694919592,1.0475886012105247,1.0569571393481456,1.0598663064565688,1.047560795300415,1.048844301508352,1.0526498025979805,1.0455805101711906,1.042456532788956,1.0348550151195954,1.0316820888470224,1.040195382151159,1.0392624537472213,1.0398521410482806,1.0462989696836833,1.0289170764107074,1.055634956896344,1.039729144626267,1.0392836328072375,1.016430493879244,0.9937473178103035,1.008496203196487
18.333333333333332,1.0322126406989853,1.038440786709645,1.0363668536869999,1.0599999167655452,1.0571861417832882,1.0539970175626412,1.0512527885380438,1.0402995285462493,1.0599999758544507,1.0498047539493036,1.0453904648157906,1.050107110316907,1.0363601977579073,1.0473580303824963,1.0486186711320686,1.0463331903327018,1.060031275374189,1.050974500088717,1.048495889688976,1.0350928628335372,1.0335780870430278,1.038133373047919,1.0519561854249002,1.0496715584156238,1.0599999865498608,1.0254929226425218,1.045283088598295,1.0381571263332148,1.0379833746572713,1.0322421124345593,1.043065955987497,1.0445716175793143,1.0471433292975072,1.0562297644404375,1.053772232758367,1.0545542580147445,1.0600090470569858,1.0160217949587933,1.040998112046537,1.0395396685518181,1.0324939480271402,1.0390199764108716,1.0439681198885997,1.0403977580315893,1.0359749018088797,1.0428131888905414,1.042462381345083,1.0514731978949572,1.0512861709052188,1.0406970153543424,1.026128307898667,1.0202927271168676,1.0211626795622386,1.0359787389081532,1.0329169724418703,1.032959772373386,1.0330736335012065,1.0265826031899667,1.0493072867563868,1.0443289394207718,1.0492924317255754,1.043385396573745,1.0188643206676904,1.02522697638588,1.017187891072582,1.059999989965856,1.0448970460756093,1.016166765298399,1.0599999815763705,1.0382320954815933,1.0407432801367298,1.0439375211977435,1.0417561785594969,1.0167263671590658,1.0203812960622318,1.0120885780472313,1.0502717083897677,1.0468677177075691,1.0500330362471815,1.0599999468665504,1.0117992793504953,1.046060441278395,1.0482598766887015,1.0512884606076365,1.0569672125773037,1.0521745933706477,1.0599352261692112,1.0475203597265554,1.0599999892061998,1.0487304196341551,1.0508899203452904,1.0501073957645972,1.0450267703252731,1.0452334446342728,1.0389858654714488,1.0437613594134374,1.0488757756462586,1.0478828804256903,1.0569571393481456,1.0598663064565688,1.04697260317694,1.048651547921172,1.0526498025979805,1.0455805101711906,1.042456532788956,1.035207756761193,1.0316820888470224,1.0400540580835547,1.039078100092488,1.0398521410482806,1.0462989696836833,1.0289170764107074,1.055634956896344,1.0399390118429765,1.0395094092178085,1.016430493879244,0.9938391540898418,1.0084518487621714
18.416666666666668,1.0322126406989853,1.038660499102942,1.0366304329086284,1.0599999167655452,1.0571806207642345,1.0539970175626412,1.0511990741518922,1.0402995285462493,1.059999975854451,1.0498047539493036,1.0457995727151557,1.0501071103169073,1.0376788949979607,1.0475457151088097,1.0486186711320686,1.0460405265792816,1.0599740786757028,1.050974500088717,1.048495889688976,1.0360960308217988,1.034893900132643,1.0394144100219993,1.0522320972592833,1.0496715584156238,1.0599999865498608,1.0254929226425218,1.045283088598295,1.0383943082173117,1.0382037819927434,1.0323662470251525,1.043065955987497,1.0445716175793143,1.047323860080848,1.0562297644404377,1.0537352743322037,1.0545542580147445,1.0600536417093516,1.0164060973580542,1.0413147034546748,1.0395396685518181,1.0328342354573625,1.0390199764108716,1.0435474801186488,1.0402009296745884,1.0360355079823473,1.0428131888905414,1.0430078684670714,1.0516981348205447,1.0512861709052188,1.0410624539475593,1.026205586180731,1.020066954512108,1.0208012748603532,1.0359787389081532,1.0329169724418703,1.032959772373386,1.0334372135465453,1.026900539186266,1.0493072867563868,1.0444057728233866,1.0492924317255754,1.043385396573745,1.0190515541152045,1.0253589638474543,1.017187891072582,1.059999989965856,1.0456181179375852,1.0161076111722915,1.0599999815763705,1.0382320954815933,1.0407518693021107,1.0439375211977435,1.0417561785594969,1.0167263671590658,1.0208931895945879,1.0120885780472313,1.0502717083897677,1.0468771973481172,1.049885193248691,1.0599999468665504,1.0118045464177248,1.0466909323637195,1.0487975321295282,1.051594087061483,1.0569672125773037,1.0525642692583954,1.0599352261692112,1.0470855766730653,1.0599999892061998,1.0487304196341551,1.0508899203452904,1.0501073957645972,1.0454804700199811,1.0458733575636765,1.0398286209641214,1.0442910933897602,1.0490355381754646,1.047530709430236,1.0569571393481456,1.0598663064565688,1.0474076982951055,1.0488442765364197,1.0526498025979805,1.0455805101711906,1.0424565327889561,1.0348855992176538,1.0316820888470224,1.0401386276415763,1.0391780516791886,1.0398521410482806,1.0462989696836833,1.0289170764107074,1.055634956896344,1.0398189913925084,1.0393613946838067,1.016430493879244,0.9951683910026917,1.008958847177408
18.5,1.0335773321526363,1.0392792259003185,1.03749658011312,1.0599999105512585,1.0571536553299166,1.0539693451787178,1.0511764965656587,1.040010067640445,1.0599999773018245,1.049527515204723,1.0458669375184015,1.0501284991591757,1.0375404964741823,1.0476362690135643,1.0490231457493935,1.0459794417207344,1.0599997794235119,1.0507057275681233,1.0486539443709868,1.0363634601267007,1.0351058919219844,1.0395087661252616,1.0523664056055568,1.0498408010319418,1.059999987413289,1.0254524101546567,1.0453991874704245,1.0390235646161032,1.0386223674901196,1.0323388394880377,1.0433243084805535,1.0449372085902258,1.0471852364202574,1.0561608552535398,1.0536516206221938,1.0543490113638094,1.0599999031207492,1.0160875865437053,1.041759183748167,1.0401833823522777,1.0333795660704863,1.0394971557608912,1.043365277050312,1.0402280595655682,1.0357058221861224,1.0428730093584486,1.0429706976381832,1.0517729789968275,1.051291774029626,1.0411500643184788,1.026274887767373,1.020326890325601,1.0216627719455238,1.03625903044693,1.0335233666765569,1.033389172444615,1.0337597107025747,1.0270476987467891,1.0497841115344444,1.0443873437279492,1.0492801819869988,1.043997470398518,1.019100708975555,1.0252566796462947,1.0169432826846156,1.0599999907698476,1.045704127602703,1.0159288758386618,1.0599999833416895,1.0386750556988584,1.041002548427028,1.0440283127249932,1.0418142817509906,1.0179032907053278,1.021873599295616,1.0144749828300552,1.0506253446157128,1.046999050074099,1.0499569141474085,1.0599999507529763,1.0116370667105357,1.0481011933190658,1.0503127827864387,1.0528805301547313,1.0580399648710295,1.0531088177956107,1.059760838724952,1.0475165242471804,1.059999989982948,1.0483696903114677,1.0506151633182137,1.050341374598193,1.0457008665193908,1.0459581897904167,1.0400466248465676,1.0447575282238621,1.0492257187419618,1.04817707214847,1.056616731248624,1.0594846020938855,1.0474758253488468,1.0490478997991943,1.0523801020772423,1.045613799795488,1.0424642730879097,1.0348454423378335,1.0321077501183737,1.0401832634955428,1.0392497096998912,1.0396674237009513,1.045904066092552,1.0291566394363836,1.055494939232596,1.039996757365254,1.0395234344556286,1.0161349571152722,0.9954361152803055,1.010627585821511
18.583333333333332,1.0335773321526363,1.0395431397246149,1.0372898853695636,1.0599999105512588,1.0571626160829661,1.0539693451787178,1.051205549785912,1.040010067640445,1.0599999773018245,1.049527515204723,1.0462023664005677,1.0501284991591757,1.0380180644599135,1.0476703621818095,1.0490231457493935,1.0461301068541307,1.0599734914739263,1.0507057275681233,1.0486539443709868,1.0367528000176132,1.0352824281900117,1.0396988490889512,1.0524134682706787,1.0498408010319418,1.059999987413289,1.0254524101546567,1.0453991874704245,1.0386503500731672,1.038730486521839,1.0323766538921741,1.0433243084805535,1.0449372085902258,1.047515309828282,1.0561608552535398,1.0536090959807054,1.0543490113638092,1.0599958541011474,1.0162198964615912,1.0415410765671627,1.0401833823522777,1.033445526047925,1.0394971557608912,1.0438130956502085,1.0407578913850173,1.036454337457454,1.0428730093584486,1.0434588385242816,1.0515843238079854,1.051291774029626,1.0411435581369108,1.0266212696894703,1.0206443914068635,1.021543156429489,1.03625903044693,1.0335233666765569,1.033389172444615,1.0336094079397846,1.02730578931726,1.0497841115344444,1.044541204796608,1.0492801819869988,1.043997470398518,1.0191517414062041,1.0252950083984604,1.0169432826846156,1.0599999907698476,1.0458617757834698,1.0159177897230711,1.0599999833416895,1.0386750556988584,1.0410011174167553,1.0440283127249932,1.0418142817509906,1.0179032907053278,1.0216978149929534,1.0144749828300552,1.0506253446157128,1.047205120091241,1.0501899120139537,1.0599999507529763,1.0116555337705824,1.0472403313705296,1.0498033942789926,1.0525787915299696,1.0580399648710295,1.0531887950524685,1.059760838724952,1.0477045987190823,1.059999989982948,1.0483696903114677,1.0506151633182137,1.050341374598193,1.0455473189905453,1.045907114787843,1.0399826235881169,1.0445647917144585,1.0492120178607747,1.047833102232306,1.056616731248624,1.0594846020938855,1.0479444460511524,1.0491619886428443,1.0523801020772423,1.045613799795488,1.0424642730879097,1.0350401440753736,1.0321077501183737,1.040056363834763,1.0390535981606248,1.0396674237009513,1.045904066092552,1.0291566394363836,1.055494939232596,1.0401289631759605,1.0396616264609502,1.0161349571152722,0.994360249138562,1.0104156001529836
18.666666666666668,1.0335773321526363,1.0393579777115125,1.0375347915963067,1.0599999105512585,1.0571311109181953,1.0539693451787178,1.0512140441286106,1.040010067640445,1.0599999773018245,1.049527515204723,1.0461329880165073,1.0501284991591757,1.0388352264787746,1.0475261377577305,1.0490231457493935,1.0462086844909764,1.0599300673641234,1.0507057275681233,1.0486539443709868,1.036885681621631,1.0358453654226085,1.0403945401655526,1.0525243278948773,1.0498408010319418,1.059999987413289,1.0254524101546567,1.0453991874704245,1.0392227888670647,1.0387294894153922,1.0324848554173147,1.0433243084805535,1.0449372085902258,1.0476212112333356,1.0561608552535398,1.0535343648038011,1.0543490113638094,1.0600265493422747,1.0165418609487018,1.0418269940934513,1.0401833823522777,1.0331769726787983,1.0394971557608912,1.0438597472689746,1.040567018642482,1.0365499922288108,1.0428730093584486,1.0432464566255553,1.0518202557155212,1.051291774029626,1.040997138666542,1.0267350305404483,1.0206060853384906,1.0210349002450947,1.03625903044693,1.0335233666765569,1.033389172444615,1.033727710589541,1.0276057633112121,1.0497841115344444,1.044582040647951,1.0492801819869988,1.043997470398518,1.0191309287311405,1.0252808205671664,1.0169432826846156,1.0599999907698476,1.0464602977314104,1.0158982008560733,1.0599999833416895,1.0386750556988584,1.0410117432525097,1.0440283127249932,1.0418142817509906,1.0179032907053278,1.0220921286161777,1.0144749828300552,1.0506253446157128,1.04726330682018,1.0502626075167445,1.0599999507529763,1.0116658905714158,1.048608503596256,1.0506294043707853,1.0529841618319038,1.0580399648710295,1.0528539423714076,1.059760838724952,1.0477829029414893,1.059999989982948,1.0483696903114677,1.0506151633182137,1.050341374598193,1.0459010615460451,1.0463451632416207,1.0402780480333436,1.0451635524312375,1.0495626243187808,1.0471660126316225,1.056616731248624,1.0594846020938855,1.047604758523347,1.0490911255981539,1.0523801020772423,1.045613799795488,1.0424642730879097,1.0351043303418879,1.0321077501183737,1.0402883933876834,1.0393677506491181,1.0396674237009513,1.045904066092552,1.0291566394363836,1.055494939232596,1.0401706105266428,1.0397058428210642,1.0161349571152722,0.9957719895552887,1.0108219376122738
18.75,1.034545183025245,1.0397002807812925,1.0388360934581875,1.0599999152555768,1.0571131482448692,1.0540804787370848,1.0514326863233343,1.039697082697749,1.059999982459119,1.0493646962408198,1.0459434996088752,1.0503293397453142,1.0377469285562093,1.0477143792680506,1.0492367428194291,1.046833183057689,1.0599998417237346,1.0505362919707957,1.0484996676890121,1.036888233144702,1.0362438855351863,1.0403746776538956,1.0525245842591249,1.049914079942681,1.0599999904408663,1.025509975287672,1.0454176668548805,1.038900884621596,1.0384430718512951,1.0324824358974085,1.0432130007919118,1.0448727761066328,1.0477360145851846,1.0562312712114341,1.0531374465049808,1.053662305827662,1.0599999419849007,1.0163220608114956,1.0423489503423429,1.0398785512443625,1.0328593707856961,1.0392961755544938,1.044843002424543,1.041508981939545,1.0365074892454804,1.0426991608831928,1.0427039887664864,1.0522284101232084,1.0511151865785446,1.040932552909003,1.0268806634045313,1.0213085683424308,1.0221628878140339,1.035829194147382,1.0330206559042119,1.0329480980448178,1.0339351319141779,1.0272289092995965,1.0491623615302585,1.0444604997111093,1.04911696555792,1.0442401173808917,1.0185577265012693,1.024819918640392,1.0164054343470235,1.0599999929116635,1.0458835640721476,1.0155454009038114,1.0599999872663446,1.0407607071509992,1.0422681091148602,1.044414397742921,1.0422507998599522,1.020495819196526,1.024844219819103,1.017333765219016,1.0508240838573175,1.0475492539206415,1.050700494817989,1.0599999605188075,1.0113976904485484,1.0484105750744188,1.0507744167997692,1.0538990806671027,1.0586974893537018,1.0531818185398214,1.059638715271382,1.0487319582028365,1.059999992337096,1.0484305436753927,1.050563952058631,1.0503088542046763,1.0460798564751157,1.0460075062374354,1.0400488781291708,1.045122522223224,1.0497131092420724,1.0484710762946223,1.0563396953425286,1.0590353256625082,1.0471539541570205,1.0490502712645682,1.051917538192285,1.0452746698465227,1.042293096124799,1.0354922229740222,1.0323559274105698,1.0398255324012866,1.0388158131594212,1.039083414341563,1.0451933495156829,1.0286518612833064,1.055322304055835,1.0403584024198207,1.0399357401499456,1.0157126969005486,0.9995687591208011,1.0141780528345237
18.833333333333332,1.034545183025245,1.040039351814593,1.038718976055545,1.0599999152555768,1.057131636638538,1.0540804787370848,1.0513787001270678,1.039697082697749,1.059999982459119,1.0493646962408198,1.0463090308709808,1.0503293397453144,1.0379381016459963,1.0477368123489421,1.049236742819429,1.0464718608467547,1.059912206261268,1.0505362919707957,1.0484996676890121,1.0373912155881586,1.0364963190317087,1.0404998376165,1.0525445547567898,1.049914079942681,1.0599999904408663,1.025509975287672,1.0454176668548805,1.0387259774060367,1.0386666275944934,1.0324316883468105,1.0432130007919118,1.0448727761066328,1.0476749468419984,1.0562312712114343,1.0530282612506425,1.053662305827662,1.0599784734087265,1.016253983403789,1.0422115489849402,1.0398785512443625,1.0329012247616585,1.0392961755544938,1.0444700614335554,1.0416391190375645,1.037431256221331,1.0426991608831928,1.043249421624559,1.0521232015906095,1.0511151865785446,1.0409491012536212,1.0263935251418665,1.020490026566102,1.021176010399623,1.035829194147382,1.0330206559042119,1.0329480980448178,1.0338654721143445,1.0269266395648158,1.0491623615302585,1.0444410079674573,1.04911696555792,1.0442401173808917,1.0185985418840657,1.0248329725907648,1.0164054343470235,1.0599999929116635,1.0458040791101268,1.0155562684811974,1.0599999872663446,1.0407607071509992,1.0422658857400073,1.044414397742921,1.0422507998599522,1.020495819196526,1.024686669463713,1.017333765219016,1.0508240838573175,1.0474431467108032,1.0504711845529817,1.0599999605188075,1.0113991692122646,1.0477623157952398,1.0504822517619474,1.0537209450521576,1.0586974893537018,1.0532348917204895,1.059638715271382,1.0482615794637642,1.059999992337096,1.0484305436753927,1.050563952058631,1.0503088542046763,1.0458492725268143,1.0457570292855616,1.0397507012870058,1.0446926200739235,1.0493590133512403,1.047584567471329,1.0563396953425286,1.0590353256625082,1.0477443133700055,1.0492109885861711,1.051917538192285,1.0452746698465227,1.042293096124799,1.0351067370554736,1.0323559274105698,1.0397699395891753,1.038707695118177,1.039083414341563,1.0451933495156829,1.0286518612833064,1.055322304055835,1.0401982486137566,1.0397509637791078,1.0157126969005486,0.9990238484683402,1.0139733594395173
18.916666666666668,1.034545183025245,1.0401195662698448,1.0388400592064024,1.0599999152555768,1.057111193077291,1.0540804787370848,1.0514149361579943,1.039697082697749,1.0599999824591189,1.0493646962408198,1.0465459560052472,1.0503293397453144,1.0390549826107807,1.0477821594704357,1.049236742819429,1.0467310075817464,1.0598998719399466,1.0505362919707957,1.0484996676890121,1.0379567748015612,1.0373167303451547,1.041403102506382,1.0527292089162763,1.049914079942681,1.0599999904408663,1.025509975287672,1.0454176668548805,1.0391955516484712,1.0388394773488165,1.0325494181222237,1.0432130007919118,1.0448727761066325,1.0477452626535415,1.0562312712114343,1.052999317570663,1.053662305827662,1.060003223431018,1.0165907729472785,1.0423656291634602,1.0398785512443625,1.0329839425191485,1.0392961755544938,1.0446224472368848,1.0411677800213535,1.0368357235641725,1.0426991608831928,1.0435203841578746,1.0522401828879901,1.0511151865785446,1.0410512218295354,1.0267626261033347,1.0208811201672539,1.0211409772474906,1.035829194147382,1.0330206559042119,1.0329480980448178,1.0340073248052777,1.0273921052980883,1.0491623615302585,1.0444693148343482,1.04911696555792,1.0442401173808917,1.018680509576917,1.0248924199317053,1.0164054343470235,1.0599999929116635,1.0464687390670895,1.015519279441122,1.0599999872663446,1.0407607071509992,1.0422757185161629,1.044414397742921,1.0422507998599522,1.020495819196526,1.0249798664223293,1.017333765219016,1.0508240838573175,1.0475285903249056,1.0506401513415224,1.0599999605188075,1.0114211676826825,1.048912560669911,1.051311808143879,1.0540543972474576,1.0586974893537018,1.0533176981493801,1.059638715271382,1.048570793038761,1.059999992337096,1.0484305436753927,1.050563952058631,1.0503088542046763,1.046228778713211,1.0463486117840324,1.0404298260260847,1.0453571022528414,1.0498217337187863,1.0473242105008775,1.0563396953425286,1.0590353256625082,1.047914940990417,1.0492985164899147,1.051917538192285,1.0452746698465227,1.042293096124799,1.0353883779814554,1.0323559274105698,1.0399177432335058,1.0389153317480584,1.039083414341563,1.0451933495156829,1.0286518612833064,1.055322304055835,1.0403137633476058,1.0398832088295291,1.0157126969005486,0.9997865021679219,1.0142240443533472
19.0,1.0334118184266239,1.0396727637936296,1.0383173151095115,1.059999899084168,1.057058429949662,1.0540841108814178,1.0514417342450095,1.03955465687724,1.05999998084585,1.0490909586689594,1.0464937513559287,1.050380852238601,1.0387920334645473,1.0477569824311852,1.0492605893336908,1.046801058474341,1.0599985305217323,1.0506386021853344,1.048462864175391,1.037955204059082,1.037414245297624,1.0414128454200287,1.0527759851915166,1.0499328197738855,1.0599999896563408,1.02544797284342,1.0458685304008566,1.0391242203985702,1.0391458615024438,1.0326306906938936,1.043694060023652,1.0451787006520872,1.0479455131451092,1.0562019569286356,1.0530426168749376,1.0535327439634778,1.059999939277706,1.0165398632508211,1.0427648753246146,1.0402197088067362,1.033183408896022,1.0395596060807166,1.0454856790995095,1.0433126308786902,1.038629028705242,1.0427245970037977,1.043420138291011,1.052458978229841,1.0512109290554796,1.0411958216253034,1.027481504193446,1.0218634728897606,1.0226937700381353,1.0361963579771887,1.0330539057027923,1.0334219764505177,1.0344595678975699,1.0279445000148193,1.0487161410001014,1.044349528905349,1.0488932740404686,1.0442262467460182,1.0183065670451026,1.0246290841765058,1.0163191911054132,1.0599999921757657,1.0463176132642231,1.0154569909973896,1.0599999858757212,1.041837504131986,1.0428679045160878,1.0446922188470404,1.042325035830405,1.023734476647894,1.027274218942137,1.020344623224583,1.0508870578755904,1.0476837125216478,1.0507730680533198,1.059999945182342,1.0113422971418513,1.0479941840962905,1.050827579890622,1.0542292537684756,1.0590229571979162,1.0534069858738988,1.0597166248934666,1.048775735852207,1.0599999919264833,1.0494488028025082,1.051226777763497,1.0511048437086523,1.0466791440419427,1.046301522121236,1.0402241145948914,1.0451499541149682,1.0497052794873445,1.0484650126595703,1.0563897085780762,1.058729514693211,1.0480506490031747,1.049911420270189,1.051740923208349,1.045032473956745,1.042092450933239,1.0352276651497525,1.0321899129356384,1.0397871744413043,1.0388036874247697,1.0394469650678235,1.0453679646641247,1.0295574948124038,1.05527115653775,1.0407280910621721,1.0403063298985207,1.0156070047358288,1.0005892400993777,1.0170112343396047
19.083333333333332,1.0334118184266239,1.0399602991036396,1.0384769995900107,1.059999899084168,1.0570750262394517,1.0540841108814178,1.0513425479958907,1.03955465687724,1.05999998084585,1.0490909586689594,1.046682591735045,1.050380852238601,1.038180749091691,1.0476699537457814,1.0492605893336908,1.0462117080458744,1.0599341972328693,1.0506386021853344,1.048462864175391,1.0384174717204346,1.0377174931327942,1.0413437146151763,1.0527057228735115,1.0499328197738855,1.0599999896563408,1.02544797284342,1.0458685304008566,1.0395878236085996,1.0394919228820476,1.0324781831204282,1.043694060023652,1.0451787006520872,1.0474699602900301,1.0562019569286352,1.0529428925343514,1.0535327439634778,1.0599832620554641,1.0161690749116192,1.042916220500581,1.0402197088067364,1.0330102646452062,1.0395596060807166,1.043882603170383,1.0413198359077958,1.0371471718190497,1.0427245970037977,1.0437132374867697,1.0526061149735928,1.0512109290554796,1.041121309267767,1.0263124653957205,1.020314151191581,1.02144758891533,1.0361963579771887,1.0330539057027923,1.0334219764505177,1.0345464059614229,1.0270690391681851,1.0487161410001014,1.0441360363881222,1.0488932740404686,1.0442262467460182,1.0182169212918688,1.0245406742805314,1.0163191911054132,1.0599999921757657,1.0457461465510132,1.0154987429557687,1.0599999858757212,1.041837504131986,1.0428625991069396,1.0446922188470404,1.042325035830405,1.023734476647894,1.0273645770498279,1.020344623224583,1.0508870578755904,1.0473009371778546,1.0502213078495697,1.059999945182342,1.0113029667606066,1.0486804350816188,1.051594012221771,1.0545906073608025,1.0590229571979162,1.0532080033185927,1.0597166248934666,1.0480281575787196,1.0599999919264833,1.0494488028025082,1.051226777763497,1.0511048437086523,1.0465862016464185,1.0459789916974571,1.0398441025291743,1.0449887824043553,1.0493518856854105,1.0476261777662257,1.0563897085780762,1.058729514693211,1.0485888297662467,1.050117596062062,1.051740923208349,1.045032473956745,1.042092450933239,1.0345298899629656,1.0321899129356384,1.0398809877471504,1.0389463114391992,1.0394469650678235,1.0453679646641247,1.0295574948124038,1.05527115653775,1.0403815036262591,1.0399242123247772,1.0156070047358288,1.0014350388138704,1.0171831402212432
19.166666666666668,1.0334118184266239,1.0400712634750122,1.0390832948662492,1.059999899084168,1.0570617909768532,1.0540841108814178,1.05135351077982,1.03955465687724,1.05999998084585,1.0490909586689594,1.046808965564368,1.050380852238601,1.038301198016267,1.0477365803646301,1.0492605893336908,1.0463639268819995,1.0599701115665465,1.0506386021853344,1.048462864175391,1.0393172864595857,1.0390562110981538,1.0423438447821909,1.0529138109040848,1.0499328197738855,1.0599999896563408,1.02544797284342,1.0458685304008566,1.0400444088640555,1.039689067716079,1.0326177031771455,1.043694060023652,1.0451787006520872,1.0474985864733823,1.0562019569286356,1.0530130671219102,1.0535327439634778,1.0600635791254571,1.0165302647737793,1.0435914612871229,1.0402197088067362,1.033130175361826,1.0395596060807166,1.0441454044428602,1.0415209345510161,1.0369219854313472,1.0427245970037977,1.0440706722886548,1.053141147716825,1.0512109290554796,1.0414233209986068,1.0265425632867105,1.0206906577608157,1.0219562786478633,1.0361963579771887,1.0330539057027923,1.0334219764505177,1.0351368737601063,1.0272100694220654,1.0487161410001014,1.0441319097085573,1.0488932740404686,1.0442262467460182,1.0183148466126433,1.0246179629309968,1.0163191911054132,1.0599999921757657,1.0457744920099818,1.0154562275130432,1.0599999858757212,1.041837504131986,1.0428750443094206,1.0446922188470404,1.042325035830405,1.023734476647894,1.0282772213024671,1.020344623224583,1.0508870578755904,1.047324676238973,1.0502752437935172,1.059999945182342,1.011315134554171,1.0497838160507313,1.0524782753256532,1.0552240657089444,1.0590229571979162,1.053335400225803,1.0597166248934666,1.0481534044414074,1.0599999919264833,1.0494488028025082,1.051226777763497,1.0511048437086523,1.0470671819309756,1.0463261808444897,1.040361268582463,1.0455300329850654,1.0496845656589762,1.0481231987005095,1.0563897085780762,1.058729514693211,1.0488642534460186,1.0503218351750703,1.051740923208349,1.045032473956745,1.042092450933239,1.0346559147702283,1.0321899129356384,1.040000436681075,1.0391239674105306,1.0394469650678235,1.0453679646641247,1.0295574948124038,1.05527115653775,1.0404220432676254,1.0399721770751236,1.0156070047358288,1.004587250691931,1.0181603308071687
19.25,1.0380271634371052,1.042058688040348,1.0417415177468825,1.0599999854371047,1.0571708176162424,1.054134092023063,1.0516240564705421,1.0393732706665366,1.0599999978580465,1.0490939358849807,1.0471035638691255,1.0508459290687282,1.0389194764934098,1.0481095985089677,1.049294062053072,1.0470537538820257,1.0599999513400815,1.0506796481884413,1.0487838040603112,1.0392821441099895,1.0388825131080721,1.042310122016564,1.0528498006066016,1.0498294877508696,1.0599999988547013,1.0255014794501052,1.0456367653439849,1.0398994914512918,1.039588126880493,1.0326308908987143,1.0436817846551658,1.0450392103183606,1.0475606736470917,1.0561737964455,1.0530711337630363,1.053602942463624,1.059999992499702,1.0165071025507846,1.0432143807074579,1.0400391814596863,1.0329113413533504,1.0390833112936502,1.0448837676757294,1.0422162658555982,1.0375257414102068,1.0433255700550377,1.0441084853269238,1.0530406834853694,1.0511739049347586,1.0415184539168574,1.0272408042704535,1.0215610320780542,1.0224510995812635,1.0362997807818346,1.0342895529691671,1.0340993555716216,1.0354002610143267,1.0280034238204194,1.0483318049359582,1.043808050611827,1.048583093856073,1.0436894748378642,1.0180031212414014,1.02433272972617,1.0160925893907582,1.0599999991615148,1.0458004543394928,1.0152953674813698,1.0599999983898787,1.0428236451916137,1.0434568858543523,1.0446810440626622,1.0425401147374458,1.0268045033436761,1.0297561034964275,1.0216457527011078,1.0509802601187288,1.0475317721757962,1.0506085571806716,1.0599999936069169,1.0112375071829804,1.0502555581032598,1.0529816152035565,1.0558171520662043,1.059856539285729,1.0539559250149022,1.05982654742477,1.048998779959653,1.0599999990944124,1.0489371218969084,1.0512169355397516,1.0519854920661371,1.0477304583446296,1.0469984696520338,1.041005429599414,1.0460564159425638,1.0501267259055953,1.0483657734391996,1.0564877953417946,1.059116458687819,1.0493254023175158,1.051026863824448,1.052077072866518,1.045333857237316,1.042353620251915,1.0353418649757,1.0322812031561703,1.0403983166593724,1.0395737688660143,1.0400068776486733,1.04588887282052,1.029808889079153,1.0552649906295588,1.0404286111744647,1.0399998683601874,1.0154260212018913,1.0039849648443193,1.019388076994406
19.333333333333332,1.0380271634371052,1.0423994912455419,1.04147858475552,1.0599999854371047,1.0571811674455533,1.054134092023063,1.051678781541824,1.0393732706665366,1.0599999978580465,1.0490939358849807,1.0474765125038223,1.0508459290687282,1.0391679463104568,1.0482084556776603,1.049294062053072,1.047394176594878,1.0600553304774194,1.0506796481884413,1.0487838040603112,1.0397717302903222,1.039083503211518,1.0424828441473242,1.0529325191860233,1.0498294877508696,1.0599999988547013,1.0255014794501052,1.0456367653439849,1.0397778323877713,1.0398216539560319,1.0327462978653046,1.0436817846551658,1.0450392103183606,1.0477920882695722,1.0561737964455,1.053200526371972,1.053602942463624,1.060016750943282,1.0167650857109367,1.0429262871854663,1.0400391814596863,1.033097596555914,1.0390833112936502,1.046180656321142,1.0443053531423778,1.039124092052474,1.0433255700550377,1.0448298095336075,1.052808552708295,1.0511739049347586,1.0416176416080938,1.0280052313029684,1.0226930021895402,1.0237095388924695,1.0362997807818346,1.0342895529691671,1.0340993555716216,1.0352723904631427,1.028434987349494,1.0483318049359582,1.0439115722273766,1.048583093856073,1.0436894748378642,1.01814484964468,1.0244497447930805,1.0160925893907582,1.0599999991615148,1.045806716800309,1.0152363915878004,1.0599999983898787,1.0428236451916137,1.0434603256852126,1.0446810440626622,1.0425401147374458,1.0268045033436761,1.0295620130020844,1.0216457527011078,1.0509802601187288,1.0477352746433275,1.0508998449267624,1.0599999936069167,1.011281667884026,1.0498834916835358,1.0528256792783817,1.0555895568318496,1.059856539285729,1.0541735127794118,1.05982654742477,1.049377481676344,1.0599999990944124,1.0489371218969084,1.0512169355397516,1.0519854920661371,1.0475404633618945,1.04694653397392,1.0410878146759235,1.045998431319836,1.0502589951698797,1.0494488875995283,1.0564877953417946,1.059116458687819,1.0499348638023915,1.051182913766799,1.052077072866518,1.045333857237316,1.042353620251915,1.0357503038287021,1.0322812031561703,1.0403345032826965,1.0394697023386132,1.0400068776486733,1.04588887282052,1.029808889079153,1.0552649906295588,1.0406149948293282,1.0402067058991598,1.0154260212018913,1.0025966089320637,1.0190852078208026
19.416666666666668,1.0380271634371052,1.0419265842713314,1.041760193428507,1.0599999854371047,1.0571715379740596,1.054134092023063,1.0515693918993647,1.0393732706665366,1.0599999978580463,1.0490939358849807,1.0468867435074145,1.0508459290687282,1.0383356492132705,1.0481298677618043,1.049294062053072,1.0467105441629112,1.0599837896947353,1.0506796481884413,1.0487838040603112,1.038944825632371,1.0385450747085987,1.0419550473798613,1.0528013138382493,1.0498294877508696,1.0599999988547013,1.0255014794501052,1.0456367653439849,1.039998255204515,1.0395203864353433,1.0326044712915785,1.0436817846551658,1.0450392103183606,1.0473874655110633,1.0561737964455,1.0530922939283658,1.053602942463624,1.0599979494151182,1.0164246822782355,1.0432264801514102,1.0400391814596863,1.0329500708714447,1.0390833112936502,1.044784874703498,1.0430432306876125,1.038603253528632,1.0433255700550377,1.043889568473189,1.0530657717179661,1.0511739049347586,1.0415743718026609,1.026862852419173,1.0210881829549276,1.0223851522811254,1.0362997807818346,1.0342895529691671,1.0340993555716216,1.035448658806181,1.0276759252859045,1.0483318049359582,1.0437298828106394,1.048583093856073,1.0436894748378642,1.018029275400434,1.0243470880461563,1.0160925893907582,1.059999999161515,1.0455078615985347,1.015296329782704,1.0599999983898787,1.0428236451916137,1.043458409299631,1.0446810440626622,1.0425401147374458,1.0268045033436761,1.0297318677753053,1.0216457527011078,1.0509802601187288,1.047370657174807,1.05033063227132,1.0599999936069167,1.0112300022230376,1.0503913513566947,1.052982651111936,1.055826342199064,1.059856539285729,1.0540043602567362,1.05982654742477,1.0485463939092152,1.0599999990944124,1.0489371218969084,1.0512169355397516,1.0519854920661371,1.0476371079512954,1.0468277743767325,1.040884847766863,1.0459306480573927,1.0499167070931572,1.0485423651555077,1.0564877953417946,1.059116458687819,1.049055567365547,1.0509310466337827,1.052077072866518,1.045333857237316,1.042353620251915,1.0349621775100188,1.0322812031561703,1.0404623546776677,1.039651069822096,1.0400068776486733,1.04588887282052,1.029808889079153,1.0552649906295588,1.0402468777214466,1.0397958220345913,1.0154260212018913,1.0041257006835556,1.0193746290166665
19.5,1.038231978970129,1.0423703638000348,1.0419298955034215,1.0599998978277947,1.0571907581437532,1.0541566052152653,1.0516023234040175,1.0393794423787217,1.0599999848797643,1.0490978670648625,1.0473816759962764,1.0509153817792813,1.0392725049691407,1.047974866785208,1.0493847723878518,1.0467348102113374,1.0599994070370333,1.0507851288676608,1.048904186048886,1.0397974507721788,1.0393361128024492,1.0426168803077176,1.0527881664315475,1.0497402596795051,1.059999991919855,1.025517559636604,1.04561514304639,1.0399658617994547,1.0397720577059506,1.032636787315746,1.0437092945089996,1.0448803404980704,1.047683700739621,1.0561041067582837,1.053217417101531,1.0538031700638237,1.059999940451819,1.0165075712526537,1.043355178289479,1.0401805837425464,1.0326681313552852,1.0392449482053323,1.044415266750596,1.0423287068858225,1.0379688600287997,1.0434835207066968,1.0444963002435506,1.0531558400041223,1.0512180105833846,1.0412868967553444,1.0270468129554389,1.0211033195433608,1.0221310615643058,1.036295427129918,1.0343209828702975,1.0341968709353817,1.0353941562525275,1.0279647507367775,1.0478219728995095,1.0436021764371788,1.0483801159539545,1.0434186282583409,1.0176295005378346,1.0240909044628888,1.0160587466123747,1.0599999940072857,1.0457416377042716,1.0152642647597168,1.0599999888346776,1.0426280611544438,1.0433144494532298,1.0446288978569054,1.042440840759249,1.0277330703640286,1.0303135560704708,1.0222307019248629,1.0508725771430383,1.0473867302713395,1.0503221047584153,1.0599999651277205,1.0112206696633796,1.0501402327795324,1.0529371722850085,1.0556388002753867,1.059576278440679,1.053286150051484,1.0597554700442595,1.0483670288517424,1.0599999940531757,1.0492808198385992,1.0515190851671044,1.0523501668284805,1.0478786406563974,1.0469410472947902,1.0405892198670892,1.0458664990594486,1.0498667813900915,1.0482492771371363,1.0566555642935718,1.05924618251485,1.0499091185168568,1.0514705833242748,1.0522107268413263,1.0452634379125174,1.0422962769762958,1.0348573733112092,1.0320530255946192,1.0405386238648449,1.039780913539425,1.0403928094655912,1.0462743731432735,1.0303004762232368,1.0552238939115246,1.04016529803887,1.0397152591717496,1.0153862692292004,1.0043939082783533,1.0199844451019522
19.583333333333332,1.038231978970129,1.0426545727788392,1.041916824363757,1.0599998978277947,1.0571819660183246,1.0541566052152653,1.0517020093649938,1.0393794423787217,1.0599999848797645,1.0490978670648625,1.0477256160812192,1.0509153817792813,1.039722945980133,1.048121966420911,1.0493847723878518,1.0473792763842666,1.0600472459317578,1.0507851288676608,1.048904186048886,1.0405148062902347,1.040030941948529,1.0432343147425247,1.0529706292606869,1.0497402596795051,1.059999991919855,1.0255175596366042,1.04561514304639,1.040223753518412,1.0400582208275604,1.0328163391606973,1.0437092945089996,1.0448803404980704,1.0478372007299115,1.0561041067582837,1.0533194514616795,1.0538031700638237,1.0600353304969832,1.016961108306659,1.0433460194737239,1.0401805837425464,1.0329476444563797,1.0392449482053323,1.0460904890660303,1.0443793199777274,1.0394893082510388,1.0434835207066968,1.0451903469884807,1.0531558255683318,1.0512180105833846,1.0415439258890427,1.0279659555112468,1.0225000249213592,1.0233179654450992,1.036295427129918,1.0343209828702975,1.0341968709353817,1.0355282175957174,1.028547712564962,1.0478219728995095,1.0436698525917192,1.0483801159539545,1.0434186282583409,1.0178304719518638,1.024245360547406,1.0160587466123747,1.0599999940072857,1.0459077149554044,1.0151786644864653,1.0599999888346776,1.0426280611544438,1.0433230077480158,1.0446288978569054,1.042440840759249,1.0277330703640286,1.0305127868244468,1.0222307019248629,1.0508725771430383,1.0476162380143446,1.0507672132591828,1.0599999651277205,1.0112695281251667,1.050670766418842,1.0533716249371536,1.0557438949775486,1.059576278440679,1.0536050100848502,1.0597554700442595,1.0491278493198612,1.0599999940531757,1.0492808198385992,1.0515190851671044,1.0523501668284803,1.047971060809464,1.0471900554841769,1.041093212355754,1.0462343308099646,1.0503535426837545,1.0490757953211556,1.0566555642935718,1.05924618251485,1.050430648686004,1.051642339948078,1.0522107268413263,1.0452634379125174,1.0422962769762958,1.0355881661263182,1.0320530255946192,1.0406042818370054,1.0398599683531309,1.0403928094655912,1.0462743731432735,1.0303004762232368,1.0552238939115246,1.0404698046080978,1.0400642954441475,1.0153862692292004,1.004280856790228,1.0201107327474714
19.666666666666668,1.038231978970129,1.04244697305871,1.0417105550027705,1.0599998978277947,1.0571972719133,1.0541566052152653,1.0516398858235534,1.0393794423787217,1.0599999848797645,1.0490978670648625,1.047468653985167,1.0509153817792813,1.039369875985444,1.0479117165469078,1.0493847723878518,1.0469772367064496,1.0600725163005429,1.0507851288676608,1.048904186048886,1.0397896138806677,1.039171266293875,1.0425353424287873,1.0527883605858626,1.0497402596795051,1.059999991919855,1.0255175596366042,1.04561514304639,1.0400274512224426,1.0398517110111334,1.0327136276046764,1.0437092945089996,1.0448803404980704,1.0474887333668252,1.0561041067582835,1.0533741671415566,1.0538031700638237,1.0600026557193685,1.0166467408786892,1.0431027308679448,1.0401805837425464,1.0325584874348228,1.0392449482053323,1.0457276586494884,1.044810773115464,1.0399657757748084,1.0434835207066968,1.04473569882661,1.052973446687927,1.0512180105833846,1.0411574848233338,1.0274841728323663,1.0219546481110267,1.0234481704378793,1.0362954271299178,1.0343209828702975,1.0341968709353817,1.0351958472788563,1.0282264877048737,1.0478219728995095,1.0435091546036135,1.0483801159539545,1.0434186282583409,1.0176663122341296,1.0241314410081552,1.0160587466123747,1.0599999940072857,1.0457862285427573,1.015225740328553,1.0599999888346776,1.0426280611544438,1.0433182895967086,1.0446288978569054,1.042440840759249,1.0277330703640286,1.0301277180837969,1.0222307019248629,1.0508725771430383,1.0473561604612607,1.050391427764856,1.0599999651277205,1.0112689853470438,1.05004342821242,1.0528182202027399,1.0554531358619428,1.059576278440679,1.0531485251323138,1.0597554700442595,1.0486196499365465,1.0599999940531757,1.0492808198385992,1.0515190851671044,1.0523501668284803,1.0476229349809605,1.0467174135506923,1.0402409462684374,1.0455698679782837,1.0498275491713276,1.049578025172425,1.0566555642935718,1.05924618251485,1.0500185644536402,1.0514653212877745,1.0522107268413263,1.0452634379125174,1.0422962769762958,1.0351480471047398,1.0320530255946192,1.0405745833644215,1.0398128093342247,1.0403928094655912,1.0462743731432735,1.0303004762232368,1.0552238939115246,1.040234910011943,1.0398062590428017,1.0153862692292004,1.0031429388969006,1.0197373000685768
19.75,1.040184634589831,1.0435451111980947,1.0433824642592808,1.0599998055907425,1.0571570009927347,1.0542756361607473,1.051837643997412,1.0390139971381993,1.059999983763444,1.0486936465894448,1.0478524966879,1.051122469310316,1.0396810160400192,1.0484423946570756,1.0494512252455497,1.0473999401505483,1.0599982079355523,1.0507198669332545,1.048972420689395,1.0408902755478464,1.0406069187106501,1.0436993396016785,1.0533443850684905,1.050181203610221,1.0599999915952756,1.0254729977909527,1.0460408259099372,1.0408059314628466,1.0405014732998743,1.0328898915264109,1.044089901642621,1.0453868695597235,1.0481507913041395,1.0561658208965068,1.0528604952458567,1.0532309630787882,1.0599999512868135,1.016869702157408,1.0436032496929941,1.0401154888306348,1.0332049185742451,1.0393717903943236,1.0459877623216505,1.044437598229899,1.0395549678002907,1.0437670208806837,1.0450884703153058,1.053421928911969,1.0511786955548428,1.0420691187837037,1.028608626606783,1.0231281051451757,1.0240903000000825,1.0369259875003414,1.035504013246228,1.0352220596052122,1.0365393471230138,1.0293127617574378,1.0478846830428712,1.0439621356910667,1.0483978310281048,1.0441902005373944,1.017837471325054,1.0242246913603186,1.0160744205427572,1.0599999936135225,1.0461630299337727,1.0152497160107925,1.0599999884431013,1.0435258148423372,1.0440833450717444,1.0452292672017016,1.0430799787555052,1.030372499087027,1.0323539578725878,1.0239271906471092,1.0512735671468942,1.048074076545507,1.0510894223679068,1.0599999455838505,1.0112046475321803,1.051742341123088,1.0544435040419757,1.0565123929211648,1.0599012455623562,1.0539997675428239,1.0594005130166968,1.0492525129304218,1.059999993683817,1.0495840787343642,1.051783224160456,1.0531385437245528,1.0488708656006944,1.0478226298391198,1.0421119466948876,1.0472295098634516,1.0508023286278068,1.0490710053106298,1.056422259314809,1.0587929938828826,1.0506106322677473,1.0522932870356851,1.0518433678212422,1.045313398594714,1.0424704618682814,1.0356982634622598,1.0329218471776207,1.040688222090571,1.039911556022953,1.0402324143575161,1.0458069477403833,1.030160780775938,1.0550923511182622,1.0409548190413132,1.0405311493877147,1.0153711075913074,1.0058535194949136,1.0220686481725947
19.833333333333332,1.040184634589831,1.0437286092827953,1.0433496054828608,1.0599998055907425,1.0571700311893544,1.0542756361607473,1.0518155806848124,1.0390139971381993,1.059999983763444,1.0486936465894448,1.0480869207533559,1.051122469310316,1.0400455251525236,1.0484984112124793,1.0494512252455497,1.0472780027178994,1.0600070061825242,1.0507198669332545,1.048972420689395,1.0412595329950864,1.040909377319802,1.0439663181265892,1.0534020585264825,1.050181203610221,1.0599999915952756,1.0254729977909527,1.0460408259099372,1.0407825149301377,1.0406364979301865,1.0328935585241885,1.044089901642621,1.0453868695597235,1.0478993932842808,1.0561658208965068,1.052904067320205,1.0532309630787882,1.0599958405547296,1.0168792287709274,1.0435610999326959,1.0401154888306348,1.033310995381361,1.0393717903943236,1.046048261807045,1.044979333590562,1.040028586511623,1.0437670208806837,1.0454354372761683,1.0533883709370007,1.0511786955548428,1.0421536841284769,1.0285093105045824,1.023063336270879,1.0243356900704552,1.0369259875003414,1.035504013246228,1.0352220596052122,1.0365580764418227,1.029307055468096,1.0478846830428712,1.043848129562657,1.0483978310281048,1.0441902005373944,1.0178920811836192,1.0242620152606414,1.0160744205427572,1.0599999936135225,1.0463025000950084,1.015234402515323,1.0599999884431013,1.0435258148423372,1.0440839211280186,1.0452292672017016,1.0430799787555052,1.030372499087027,1.0323478503524093,1.0239271906471092,1.0512735671468942,1.047924393801077,1.0509121375946548,1.0599999455838505,1.0112204169073926,1.0515312783738855,1.0543783903743245,1.0564613554383346,1.0599012455623562,1.054121475421262,1.0594005130166968,1.0490682309197068,1.059999993683817,1.0495840787343642,1.051783224160456,1.0531385437245528,1.0488237055271663,1.0477931685632722,1.0420714585478255,1.047001525364142,1.0506359479508953,1.0494518654082585,1.056422259314809,1.0587929938828826,1.0509488789168462,1.0523994062533277,1.0518433678212422,1.045313398594714,1.0424704618682814,1.0355738086608737,1.0329218471776207,1.0406721932317404,1.0398793840182543,1.0402324143575161,1.0458069477403833,1.030160780775938,1.0550923511182622,1.0408536851407317,1.040425212138896,1.0153711075913074,1.005702336413047,1.0220278595167986
19.916666666666668,1.040184634589831,1.0436344256227488,1.043102348478978,1.0599998055907425,1.0571612303273297,1.0542756361607473,1.0518416075510626,1.0390139971381993,1.059999983763444,1.0486936465894448,1.0480421110066607,1.051122469310316,1.0404106542045404,1.0484087033998697,1.0494512252455497,1.0474320714667396,1.060038091130858,1.0507198669332545,1.048972420689395,1.0409443846702486,1.0405344997346422,1.0438316437188078,1.0533674461613178,1.050181203610221,1.0599999915952756,1.0254729977909527,1.0460408259099372,1.0409862070282119,1.0406129705049174,1.0329116867020047,1.044089901642621,1.0453868695597235,1.0478996510289824,1.0561658208965068,1.0529464631511307,1.0532309630787882,1.059981741492192,1.0168942648170087,1.0432974438584894,1.0401154888306348,1.0331481287331503,1.0393717903943236,1.0462242554671148,1.0449463854056225,1.03966828402913,1.0437670208806837,1.0452872863171871,1.05318246113082,1.0511786955548428,1.0419398303801575,1.0287946260259138,1.0234806058443704,1.0247823306342958,1.0369259875003414,1.035504013246228,1.0352220596052122,1.0362841994937466,1.0295781716530472,1.0478846830428712,1.043848536112302,1.0483978310281048,1.0441902005373944,1.0178487289267337,1.0242397820336548,1.0160744205427572,1.0599999936135225,1.0465909041636612,1.0152313824917623,1.0599999884431013,1.0435258148423372,1.0440857112099213,1.0452292672017016,1.0430799787555052,1.030372499087027,1.0320530969766495,1.0239271906471092,1.0512735671468942,1.0479658064850519,1.0510110121275489,1.0599999455838505,1.011236780318748,1.0520110998370877,1.0546400862070384,1.056410764357269,1.0599012455623562,1.0539261055018656,1.0594005130166968,1.0492757356415798,1.059999993683817,1.0495840787343642,1.051783224160456,1.0531385437245528,1.048786969094278,1.047920673931384,1.0421067447199,1.0472025622457968,1.0508061813793215,1.0498324398227943,1.056422259314809,1.0587929938828826,1.0507623305417244,1.0523027311447606,1.0518433678212422,1.045313398594714,1.0424704618682814,1.0357569669383864,1.0329218471776207,1.0407420489737123,1.0399846359734408,1.0402324143575161,1.0458069477403833,1.030160780775938,1.0550923511182622,1.040923985717217,1.0405070836094976,1.0153711075913074,1.0044214095094908,1.0216888955223482
20.0,1.042077674407228,1.0447321246387116,1.0447183207800486,1.0599997383569397,1.0572049958739493,1.0543508770250472,1.0519261955694823,1.038904860790437,1.0599999846214936,1.0485969473100138,1.0482210787099335,1.0513317807473217,1.0391412160387952,1.04872485797803,1.049519444241757,1.0473412197124563,1.0599998616989914,1.0507372755444757,1.0491395011422489,1.0416853327752296,1.0412485111967036,1.0439341308330128,1.0534556843083116,1.0502799657659012,1.0599999920377177,1.025506856704639,1.0460115005962578,1.0411923560446263,1.0407637335803361,1.0329401770978286,1.0439558147592054,1.0453936328772537,1.0482431227004627,1.0561328093865663,1.0530292387172644,1.0533425723852987,1.0599999511821212,1.01688980823115,1.0435657077298914,1.0398131829504336,1.0331562430669161,1.039290515024069,1.045859678083371,1.0448520596534083,1.0397634403744858,1.0440161446281344,1.0456421551731965,1.053525170142512,1.0510606561003126,1.0424199865056683,1.0288681226714753,1.0234591310372376,1.0249621481650673,1.037370945873741,1.036472177538494,1.036020695464568,1.0372884029662681,1.0295797923387788,1.047984249220588,1.0440727206496623,1.0484129854636355,1.0445472234322755,1.0179929579606042,1.0243432043825007,1.0161904956910732,1.0599999940840457,1.045747595301038,1.0153555899358908,1.0599999891598564,1.0435504596123704,1.0441319811285392,1.0452914685768997,1.0431503336675585,1.0317907068497747,1.032968754128348,1.0226112447361029,1.0513633384016086,1.0481326252423149,1.0510320783159017,1.0599999573756231,1.011261483020531,1.0527806619585525,1.055410485634777,1.0568350922521421,1.0597648102709134,1.054101123576667,1.059274861409778,1.048927693896164,1.059999994061719,1.0496042164424955,1.0519673061996206,1.053863602249292,1.0494573120306159,1.048140435892865,1.0427028866219712,1.0478114641233984,1.0510071210426988,1.0497610253571867,1.0565127997167219,1.05893216232997,1.0516490195533592,1.0531569151170117,1.0518726832092775,1.0455661843052588,1.04273601624356,1.0357900384749557,1.033560426779827,1.0409325043991313,1.0401530738917582,1.0402200906164727,1.0457324526792198,1.0294059510055922,1.0550269702285044,1.0408577761740754,1.0404138030554861,1.015501792774511,1.0068639899442178,1.0218906495172615
20.083333333333332,1.042077674407228,1.0447912195299425,1.0445018708753002,1.0599997383569397,1.0571918244222174,1.0543508770250472,1.0519538868912495,1.038904860790437,1.0599999846214936,1.0485969473100138,1.0485737999886298,1.0513317807473217,1.0411764226938267,1.0487579560457416,1.049519444241757,1.0475088707235614,1.0600019643943381,1.0507372755444757,1.0491395011422489,1.0420668054836966,1.0417788267980657,1.0448765822228687,1.0536516389690658,1.0502799657659012,1.0599999920377177,1.025506856704639,1.0460115005962578,1.0412108260795887,1.0407995611416365,1.0330721125866698,1.0439558147592054,1.0453936328772537,1.0484159808777023,1.0561328093865663,1.0530712950470906,1.0533425723852987,1.0599969680589678,1.0172555743488518,1.0433572119601229,1.0398131829504336,1.0332285775296401,1.039290515024069,1.046418442977157,1.0455981594193406,1.0402546157993329,1.0440161446281344,1.0459124857292406,1.0533352142984165,1.0510606561003126,1.0423996677857021,1.029632139571171,1.0242792553313418,1.0255685795017382,1.037370945873741,1.036472177538494,1.036020695464568,1.0371244750396882,1.0304960417139613,1.047984249220588,1.0441537422789924,1.0484129854636355,1.0445472234322755,1.0180921713822373,1.0244289008737626,1.0161904956910732,1.0599999940840457,1.0470216379539048,1.0152937652443084,1.0599999891598564,1.0435504596123704,1.0441387868474261,1.0452914685768997,1.0431503336675585,1.0317907068497747,1.0328683415633786,1.0226112447361029,1.0513633384016086,1.0482703367553001,1.0511999491487913,1.0599999573756231,1.0113060436375128,1.0529421754584054,1.0554486960949814,1.056702177197545,1.0597648102709134,1.0541713482359913,1.059274861409778,1.0491191251113414,1.059999994061719,1.0496042164424955,1.0519673061996206,1.053863602249292,1.0496838735545975,1.048772488564861,1.0432453418304348,1.0481382427923838,1.0512693826712651,1.0501411826527427,1.0565127997167219,1.05893216232997,1.051755817721466,1.0531631477391799,1.0518726832092775,1.0455661843052588,1.04273601624356,1.0360261307604377,1.033560426779827,1.0409684154584888,1.04018532599176,1.0402200906164727,1.0457324526792198,1.0294059510055922,1.0550269702285044,1.0409603481643723,1.0405249718352474,1.015501792774511,1.0057655919266093,1.0216902734772906
20.166666666666668,1.042077674407228,1.0447927399861936,1.0447109920183855,1.0599997383569397,1.057186395624106,1.0543508770250472,1.0519366345449475,1.038904860790437,1.0599999846214936,1.0485969473100138,1.048553851665066,1.0513317807473217,1.041043830192532,1.04869355870493,1.049519444241757,1.047433912106566,1.0600089668256956,1.0507372755444757,1.0491395011422489,1.0422631965512756,1.042115767942576,1.045084169453555,1.0536784028664177,1.0502799657659012,1.0599999920377177,1.025506856704639,1.0460115005962578,1.0415586675091544,1.0408929388704737,1.0330881635276241,1.0439558147592054,1.0453936328772537,1.04819342178425,1.0561328093865663,1.0530998634915336,1.0533425723852987,1.0600159371156241,1.017293711578301,1.0435861708670509,1.0398131829504336,1.0331112701737766,1.039290515024069,1.0464110942076674,1.0458426462494954,1.0404451149433982,1.0440161446281344,1.0459370735913025,1.0535325667575703,1.0510606561003126,1.0423842728172696,1.0294405176116899,1.0241181858738835,1.025655224133414,1.037370945873741,1.036472177538494,1.036020695464568,1.0372823846288417,1.0303556166595411,1.047984249220588,1.0440474829619686,1.0484129854636355,1.0445472234322755,1.0180822459205807,1.02442086657087,1.0161904956910732,1.0599999940840457,1.0469356652208395,1.0152836835629646,1.0599999891598564,1.0435504596123704,1.0441424451172212,1.0452914685768997,1.0431503336675585,1.0317907068497747,1.0331503587307573,1.0226112447361029,1.0513633384016086,1.0481365444264856,1.0510545540324028,1.0599999573756231,1.0113084258864657,1.053601413278629,1.055930161689466,1.0569826318879787,1.0597648102709134,1.0540268188062034,1.059274861409778,1.0489973616308292,1.059999994061719,1.0496042164424952,1.0519673061996206,1.053863602249292,1.049770056247689,1.0487461657548909,1.0431670711361074,1.0482050146957669,1.0512668302054948,1.0503542592427528,1.0565127997167219,1.05893216232997,1.0517735066283966,1.0532059622908978,1.0518726832092775,1.0455661843052588,1.04273601624356,1.0359249563536896,1.033560426779827,1.0410817526765368,1.0403435514099937,1.0402200906164727,1.0457324526792198,1.0294059510055922,1.0550269702285044,1.0408797006206014,1.040441985045515,1.015501792774511,1.0068689789991982,1.0220001488438202
20.25,1.0429339968655258,1.0453313091207188,1.0451825915533477,1.0599994979940586,1.0571719039944594,1.0543524223765453,1.052016596797501,1.0387227776498942,1.0599999869292165,1.0483734165984533,1.0487480293181741,1.051409967727097,1.040967287916145,1.0487434512406364,1.049516580443414,1.047770985116246,1.0599998283572154,1.0507090403309265,1.0491791109203024,1.0425031161666771,1.0422151641862365,1.045107888057464,1.0538065438587834,1.0505198364619424,1.059999993319814,1.0254622009846237,1.046292613519549,1.0419174643678404,1.0416336555747123,1.0330841881603932,1.044656605276039,1.0456883721580545,1.0482682239320262,1.0561755497472176,1.0527221685437385,1.0529670036773044,1.0599999636697872,1.0171261317004008,1.043860096448091,1.0403272322118662,1.0335207563180182,1.0394649439536205,1.0467033665769074,1.045659174189977,1.040482987001439,1.0443880589043881,1.0462889119394783,1.0537666663739418,1.0513105237938252,1.042627946709531,1.0297862250518934,1.0245051688132356,1.0255339890405628,1.0375403168550363,1.036750099762745,1.0363794488792715,1.0375475979307767,1.0306444456911006,1.0475274213532493,1.0439098701055456,1.0482159842158352,1.0445775910357982,1.0176924284894397,1.0241116395486671,1.016046319540467,1.0599999950112944,1.0467735852868658,1.0152413494744459,1.05999999049146,1.043985500938414,1.0445655472946542,1.0456478582397568,1.0435966512905384,1.033942484738588,1.0347997200275034,1.0268920583357652,1.0515161071221983,1.048362194921439,1.051384951109741,1.0599999523382144,1.0112049836667991,1.0535806605239983,1.0561620405637062,1.0571389048002382,1.059891720067394,1.0541219036993896,1.0593642799366194,1.049509066433586,1.0599999949355916,1.0496894353698516,1.052082667217631,1.0544063099109493,1.0500635131819955,1.048818722511723,1.043284618610699,1.0483868892015498,1.0514774317996347,1.0496961849083468,1.056311266164013,1.0586316959154978,1.0521510463412425,1.0536911209951387,1.051902741757994,1.0454467045235125,1.042721806299699,1.0361956888141557,1.03361113627575,1.0413666805889261,1.0407532774755464,1.0410917446402408,1.0463689818543438,1.0315357437191914,1.0549742632352472,1.0413250932906004,1.0409088625060305,1.0153682890252977,1.006732746228243,1.0248604524223883
20.333333333333332,1.0429339968655258,1.0453216345018834,1.0452064110070933,1.0599994979940586,1.0571611591839074,1.0543524223765453,1.0520151368466315,1.0387227776498942,1.0599999869292165,1.048373416598453,1.0487537086020264,1.051409967727097,1.0410842238061213,1.0489110177767167,1.049516580443414,1.047785184493186,1.0600722843644803,1.0507090403309265,1.0491791109203024,1.0426517708353187,1.0424640595616177,1.0453915777335394,1.0539316992940955,1.0505198364619424,1.0599999933198139,1.0254622009846237,1.046292613519549,1.0420117776469833,1.041644957441036,1.0332305736964889,1.044656605276039,1.0456883721580545,1.048753040509124,1.0561755497472176,1.0529236253727372,1.0529670036773044,1.0600529953682347,1.0174367376653053,1.0439120869466725,1.0403272322118662,1.0338319601312649,1.0394649439536205,1.047330285895311,1.0471440626814859,1.041149614168254,1.0443880589043881,1.0464463705706488,1.0537876397438446,1.0513105237938252,1.0429040716225,1.0306255935368294,1.025588304772593,1.027165494585255,1.0375403168550363,1.036750099762745,1.0363794488792715,1.0377016639047667,1.0311597478647878,1.0475274213532493,1.0441216844699859,1.0482159842158352,1.0445775910357982,1.0178606815871691,1.02426030277567,1.016046319540467,1.0599999950112944,1.046901434443358,1.0151587636121755,1.05999999049146,1.043985500938414,1.044573030366707,1.0456478582397568,1.0435966512905384,1.033942484738588,1.0349591375677585,1.0268920583357652,1.0515161071221983,1.048609692692785,1.0515455712336887,1.0599999523382144,1.01121773631739,1.0540609025928587,1.0564612594304865,1.0572444434931825,1.059891720067394,1.0544884367351328,1.0593642799366194,1.0494729498855406,1.0599999949355916,1.0496894353698516,1.052082667217631,1.0544063099109493,1.050289915254383,1.0492093306688857,1.044000745506125,1.0489783410781335,1.051783562517993,1.0513213988672123,1.056311266164013,1.0586316959154978,1.0521572464717874,1.0537071556009954,1.051902741757994,1.0454467045235125,1.042721806299699,1.0362274896290673,1.03361113627575,1.0413892892983148,1.0407913954634433,1.0410917446402408,1.0463689818543438,1.0315357437191914,1.0549742632352472,1.0413946143405404,1.0409673360212495,1.0153682890252977,1.0067727260471058,1.0249963366652746
20.416666666666668,1.0429339968655258,1.0451752207056197,1.0453392929332483,1.0599994979940586,1.0571548116509342,1.0543524223765453,1.0520313786508766,1.0387227776498942,1.0599999869292165,1.048373416598453,1.0486250115906928,1.051409967727097,1.04116982442451,1.0489111886308853,1.049516580443414,1.0478715914029422,1.0600378215170607,1.0507090403309265,1.0491791109203024,1.0424983559671748,1.0424717835131028,1.0454327765213727,1.0539232631667521,1.0505198364619424,1.059999993319814,1.0254622009846237,1.046292613519549,1.041804089596799,1.041474848710862,1.0331975862562892,1.044656605276039,1.0456883721580545,1.0488340304942858,1.0561755497472176,1.0528185552861087,1.0529670036773044,1.060044487888079,1.0173950251865629,1.0440602402346564,1.0403272322118662,1.0338310592714828,1.0394649439536205,1.0470133730005444,1.0460730590369132,1.0403811255040551,1.0443880589043881,1.0461519377611965,1.0538957277576908,1.0513105237938252,1.0429212318905408,1.0305236212105207,1.0253435648842644,1.0264294289979088,1.0375403168550363,1.036750099762745,1.0363794488792715,1.0377911441414625,1.0311491793539669,1.0475274213532493,1.0441614808049011,1.0482159842158352,1.0445775910357982,1.0178123962841519,1.0242182080935385,1.016046319540467,1.0599999950112944,1.0470171794422958,1.0151895769814236,1.05999999049146,1.043985500938414,1.0445703134091222,1.0456478582397568,1.0435966512905384,1.033942484738588,1.035082941694738,1.0268920583357652,1.0515161071221983,1.0486649215710562,1.05164197676253,1.0599999523382144,1.0112000759234272,1.0537488466221483,1.056183572347299,1.0572353809549897,1.059891720067394,1.0544888830115053,1.0593642799366194,1.0496221191787953,1.0599999949355916,1.0496894353698516,1.052082667217631,1.0544063099109493,1.0504155197600857,1.049302154762872,1.0440583176459146,1.0489878956499186,1.0518250288389492,1.0504484416716713,1.056311266164013,1.0586316959154978,1.0518993058466188,1.0536431361924565,1.051902741757994,1.0454467045235125,1.042721806299699,1.0363170463712377,1.03361113627575,1.0413350036017293,1.0407204095809583,1.0410917446402408,1.0463689818543438,1.0315357437191914,1.0549742632352472,1.0414544766802931,1.0410331846794902,1.0153682890252977,1.0074869785043283,1.0251601353580164
20.5,1.0441267840299282,1.0458938914086484,1.0458223526808563,1.0599810626701582,1.0571580659271678,1.0543860970754622,1.052009116377194,1.0386125356290279,1.0599999822890456,1.048220654237545,1.0489172708506898,1.0514199411719787,1.0414516996021832,1.0488123901828657,1.0496379125391018,1.0475796246615485,1.0599998229629601,1.050645616592052,1.0492930960688571,1.0428544921737137,1.0425454412181219,1.0454794879135276,1.0539258033906245,1.0506182248148206,1.0599999908254532,1.0255291690095267,1.046227766347232,1.0422643440607866,1.0418741850812037,1.0331836599288091,1.0447630787014837,1.045682047556634,1.0486524919981532,1.0561176201128055,1.0528220254995626,1.0529662773693376,1.059999947878197,1.0172185315006126,1.0440186794189918,1.0406785662609392,1.0339582812156687,1.0399291975294953,1.0465728895248505,1.046036794311875,1.0404964143710391,1.0446096080540468,1.046545559943252,1.053777490490574,1.0513362878530446,1.042735087799445,1.030315468467064,1.0250365720286445,1.0264446567863565,1.0376660755135059,1.0369919557722753,1.0366093910949246,1.0376794987358062,1.0311356982114555,1.0474556652999245,1.0441584078526143,1.0482036826975434,1.0452259981787841,1.0176797253930763,1.0241136694110617,1.0160276885959032,1.0599999932664128,1.0473292811564345,1.0152320127751666,1.059999987662593,1.043902311486114,1.0445105111070072,1.0456306164040086,1.0435627712074844,1.0344537270612608,1.035128314759968,1.027805600500927,1.05164089782018,1.0485878342758264,1.0514601349643338,1.0599999319242595,1.0111965051835767,1.0544974777728053,1.05683342531132,1.057142505921107,1.0596165439244392,1.0539077691058614,1.0590973293611197,1.0491640816410956,1.0599999932492503,1.0494243906062783,1.0519513482155032,1.0546549176666566,1.0503887550716662,1.0492326710915103,1.0438552944127353,1.0490521303124307,1.0517317008005012,1.0504735727123233,1.0561211730793731,1.0584549701251669,1.0523638957108146,1.0539286937119854,1.0518359570404476,1.045460254680716,1.0428217874998251,1.0361611626196328,1.0342060343294437,1.0415908374455165,1.0410328652029983,1.0412709919544527,1.0464160928594426,1.032004137795029,1.054871928320615,1.0412571561183357,1.0408147999517563,1.0153671383905452,1.0063453430419598,1.0254318939662197
20.583333333333332,1.0441267840299282,1.0458603432894573,1.0459672064504832,1.0599810626701582,1.0571148184946868,1.0543860970754622,1.051990022643479,1.0386125356290279,1.0599999822890456,1.0482206542375452,1.048928979314922,1.0514199411719787,1.0416922505871766,1.0488063246721984,1.0496379125391018,1.047524641638773,1.0599941404172855,1.050645616592052,1.0492930960688571,1.0430370423816777,1.0429039342158857,1.0458195140542323,1.053991489261755,1.0506182248148206,1.0599999908254532,1.0255291690095267,1.046227766347232,1.0419411436576624,1.0417552150335352,1.0332255965340746,1.0447630787014837,1.045682047556634,1.048904060539057,1.0561176201128055,1.0528070996686023,1.0529662773693376,1.0600355860210442,1.017361340919523,1.0442023006650816,1.0406785662609392,1.033944974276327,1.0399291975294953,1.046313520347724,1.0455782429935023,1.0400305549485707,1.0446096080540468,1.046504542064001,1.0539056299581846,1.0513362878530446,1.0427496526234072,1.0303881572803046,1.0249760648550845,1.0262870184928534,1.0376660755135059,1.0369919557722753,1.0366093910949246,1.0377892877991886,1.0312394960892382,1.0474556652999245,1.0442674050452314,1.0482036826975434,1.0452259981787841,1.0176522441909917,1.024099986858885,1.0160276885959032,1.0599999932664128,1.0474944084409283,1.0152251107700996,1.059999987662593,1.043902311486114,1.0445108039929432,1.0456306164040086,1.0435627712074844,1.0344537270612608,1.0353367363965358,1.027805600500927,1.05164089782018,1.0486851627080978,1.0514928284225478,1.0599999319242595,1.0111609884162212,1.0539395279055401,1.056456288465021,1.057114679660002,1.0596165439244392,1.0538864057416553,1.0590973293611197,1.0490592839077832,1.0599999932492503,1.0494243906062783,1.0519513482155032,1.0546549176666566,1.0505197439218872,1.0493124773894444,1.0438677116439257,1.0490095991863078,1.0516631615068972,1.0502921754270453,1.0561211730793731,1.0584549701251669,1.0523344989629337,1.0539494245724668,1.0518359570404476,1.045460254680716,1.0428217874998251,1.0360626824237602,1.0342060343294437,1.0414839005847247,1.0408889883988883,1.0412709919544527,1.0464160928594426,1.032004137795029,1.054871928320615,1.0412569990553107,1.0408028572304933,1.0153671383905452,1.0139989260540765,1.025658470001425
20.666666666666668,1.0441267840299282,1.0458262540128256,1.0458961425805722,1.0599810626701582,1.0571091691890135,1.0543860970754622,1.052058383008642,1.0386125356290279,1.0599999822890456,1.048220654237545,1.048822815554059,1.0514199411719787,1.0412126103169614,1.0489994149125188,1.0496379125391018,1.0479614191335644,1.060046108097792,1.050645616592052,1.0492930960688571,1.0428720136251937,1.0426752146881022,1.0455874284628526,1.0540223865017082,1.0506182248148206,1.0599999908254532,1.0255291690095267,1.046227766347232,1.0421742339994886,1.0417972570045282,1.033290150509958,1.0447630787014837,1.045682047556634,1.0486691634740344,1.0561176201128055,1.052901308124644,1.0529662773693376,1.0600370813298954,1.017487122302302,1.0441162738528664,1.0406785662609392,1.034306857927994,1.0399291975294953,1.0475235690381228,1.0472035336677716,1.0412447135334402,1.0446096080540468,1.0465485601183528,1.0538570837990098,1.0513362878530446,1.0430429791467957,1.0307231458413946,1.0257561653001261,1.027194571979436,1.0376660755135059,1.0369919557722753,1.0366093910949246,1.0378871898857476,1.0313279520457461,1.0474556652999245,1.044161776528699,1.0482036826975434,1.0452259981787841,1.01779673092266,1.0242008513654832,1.0160276885959032,1.0599999932664128,1.047236095711053,1.0151833595045052,1.059999987662593,1.043902311486114,1.0445161139221193,1.0456306164040086,1.0435627712074844,1.0344537270612608,1.0353202350049162,1.027805600500927,1.05164089782018,1.0486761606532382,1.0516763904568802,1.0599999319242595,1.0111874694007783,1.0544275610840235,1.056715208396631,1.0571492002560212,1.0596165439244392,1.0543115062823547,1.0590973293611197,1.0495972874218258,1.0599999932492503,1.0494243906062783,1.0519513482155032,1.0546549176666566,1.050502215706383,1.0493658534831,1.0442490396029283,1.0491880568350194,1.0519528793844397,1.0510888646074161,1.0561211730793731,1.0584549701251669,1.0522525277813695,1.0539079485789926,1.0518359570404476,1.045460254680716,1.0428217874998251,1.0365473190998917,1.0342060343294437,1.0415657006343695,1.0409998811378534,1.0412709919544527,1.0464160928594426,1.032004137795029,1.054871928320615,1.0414113852057203,1.0409949370278955,1.0153671383905452,1.013734362955681,1.0256087870652213
20.75,1.043097860185964,1.0448814610498518,1.044801480926156,1.0586245957464986,1.0559953899107901,1.0532689466156162,1.0509728962657983,1.0383233858898933,1.0599999880958002,1.0482059025982398,1.0478653184345226,1.0505080219496448,1.0405832021499275,1.0483427420891944,1.0495474425854519,1.0469949454339462,1.0598930809195823,1.0504620841821888,1.0491168998553384,1.0427482376974038,1.042562972402514,1.0455631750196912,1.0540492199076774,1.0506624134701974,1.0599999941690006,1.025585482184933,1.0461795252886994,1.042187700156817,1.0417766215935935,1.0332157462028753,1.044721519723443,1.045781133085966,1.0490198907724166,1.0560942975199332,1.052763172658,1.0528193166981736,1.0599999711393193,1.0173466155326683,1.0441939532184712,1.0408803539754823,1.0346185218987742,1.0402900906136077,1.046699599006742,1.0461522861197015,1.0402233352907373,1.0445043471791127,1.046441226211799,1.0537753263478216,1.0513248578423282,1.0430843511096133,1.0308476638970407,1.0256513107468457,1.027124122322607,1.037724608737555,1.0371038402803092,1.0366901908927921,1.037903809279571,1.031469581914963,1.0478863378828487,1.0446759079863095,1.0484418092313512,1.0458583967109627,1.0180217431757097,1.0243442256795092,1.0159890475683915,1.0599999956322064,1.047631002982847,1.0151424843634027,1.059999991924032,1.0440495519683277,1.0446443605269051,1.0456868790106852,1.0436961124476587,1.03441570865207,1.035217001801865,1.0279128608760555,1.051840626371054,1.0489858123566556,1.051785978331262,1.0599999599792527,1.0111162760733219,1.0547227983222343,1.0568811911609584,1.0569051297804628,1.0591960365578181,1.053974189874078,1.058681111400964,1.049096182709887,1.0599999953482093,1.0490364464364728,1.0516208733068995,1.0545794324700493,1.0505403811542964,1.049501769307334,1.0445635725146327,1.0495921501390573,1.0520278364583617,1.0508747379368473,1.0558142155261003,1.0581312560183223,1.0520787614486578,1.0537987829104651,1.0515524769265145,1.0454376506436336,1.0428291766242226,1.0362611359073988,1.0345489770269187,1.0414174998671795,1.0407983910834917,1.0408832654021012,1.0459407566516035,1.0315903189656581,1.0548276762592885,1.0413914709108647,1.0409344888673484,1.0152607033963665,1.0125154270930354,1.0255529304993083
20.833333333333332,1.043097860185964,1.0449382990174862,1.0449227930447842,1.0586245957464986,1.0559938701246774,1.0532689466156162,1.051005429106185,1.0383233858898933,1.0599999880958004,1.0482059025982398,1.0479438898433853,1.0505080219496448,1.0407296001312925,1.0483139708894178,1.0495474425854519,1.0472001523951258,1.0598683973936487,1.0504620841821888,1.0491168998553384,1.0429758249365741,1.042857134711763,1.04577964564986,1.0540727004235906,1.0506624134701974,1.0599999941690006,1.025585482184933,1.0461795252886994,1.0422036728938153,1.0418255501682054,1.0332064354656267,1.044721519723443,1.045781133085966,1.0488363082402181,1.0560942975199332,1.052684895306728,1.0528193166981736,1.0599925718808063,1.0173621119688796,1.044320056158265,1.0408803539754823,1.0345681889815928,1.0402900906136077,1.0468509907788244,1.0458687477637838,1.0401926691513428,1.0445043471791127,1.0465176862071015,1.0538837184283798,1.0513248578423282,1.0430775887451427,1.0307094352757675,1.025520339925938,1.0266010467147488,1.037724608737555,1.0371038402803092,1.0366901908927921,1.0379888081239523,1.0314132632614097,1.0478863378828487,1.044594606641873,1.0484418092313512,1.0458583967109627,1.0179987395203285,1.0243162416771592,1.0159890475683915,1.0599999956322064,1.0476768265047174,1.015153517874903,1.059999991924032,1.0440495519683277,1.0446440078501342,1.0456868790106852,1.0436961124476587,1.03441570865207,1.0353762735016026,1.0279128608760555,1.051840626371054,1.0489384501043395,1.0518526496563252,1.0599999599792527,1.0111194583628977,1.0546698042600644,1.056877209210258,1.0569705023040539,1.0591960365578181,1.0539098433299199,1.058681111400964,1.0493690733673366,1.0599999953482093,1.0490364464364728,1.0516208733068995,1.0545794324700493,1.050570382336358,1.0494619543268358,1.0444432283098333,1.0494645030762413,1.0520572356057662,1.0502295855658803,1.0558142155261003,1.0581312560183223,1.0521878234152893,1.0538524372341558,1.0515524769265145,1.0454376506436336,1.0428291766242226,1.0364790215072481,1.0345489770269187,1.0414235769185742,1.040801719788245,1.0408832654021012,1.0459407566516035,1.0315903189656581,1.0548276762592885,1.0414569000309362,1.0410198292273993,1.0152607033963665,1.0130950016528386,1.0257294545130953
20.916666666666668,1.043097860185964,1.045026479013718,1.0448225227536627,1.0586245957464986,1.0559867867195143,1.0532689466156162,1.0510356434512031,1.038323385889893,1.0599999880958004,1.0482059025982398,1.0480200134736959,1.0505080219496448,1.0406704429087867,1.0483300480509679,1.0495474425854519,1.047381697395427,1.0598748162547458,1.0504620841821888,1.0491168998553384,1.0430823842997923,1.0428701578464998,1.0457856652258208,1.0541035576142868,1.0506624134701974,1.0599999941690006,1.025585482184933,1.0461795252886994,1.042359990266066,1.041937487779122,1.0332741023563996,1.044721519723443,1.045781133085966,1.0490526385393528,1.0560942975199332,1.0527213087978502,1.0528193166981736,1.060004664246525,1.017521867816324,1.0442151599204852,1.0408803539754823,1.034599291393883,1.0402900906136077,1.04748946924574,1.046831268247079,1.0410393255897892,1.0445043471791127,1.0467452749025292,1.0538068745915103,1.0513248578423282,1.0430900878289484,1.0310882373483514,1.026035202777762,1.027031127167833,1.037724608737555,1.0371038402803092,1.0366901908927921,1.0379356698164106,1.0316004340593175,1.0478863378828487,1.0446934625934046,1.0484418092313512,1.0458583967109627,1.0180627667529343,1.0243687299026787,1.0159890475683915,1.0599999956322064,1.0476040193765936,1.0151254939907024,1.059999991924032,1.0440495519683277,1.044648890631805,1.0456868790106852,1.0436961124476587,1.03441570865207,1.0353211174860415,1.0279128608760555,1.051840626371054,1.0490944001109657,1.052048778687018,1.0599999599792527,1.0111414130952159,1.0550211946682424,1.0571327391690493,1.056990062949315,1.0591960365578181,1.053945119243451,1.058681111400964,1.0495835231406558,1.0599999953482093,1.0490364464364728,1.0516208733068995,1.0545794324700493,1.0505310921056732,1.0495019552916216,1.0445878479682613,1.0496895044779153,1.0522625937625265,1.0505260226364324,1.0558142155261003,1.0581312560183223,1.052334245863188,1.0538824860732001,1.0515524769265143,1.0454376506436336,1.0428291766242226,1.036688987065794,1.0345489770269187,1.0414728308718788,1.0408630603691702,1.0408832654021012,1.0459407566516035,1.0315903189656581,1.0548276762592885,1.0415746723273507,1.0411469084943468,1.0152607033963665,1.012573558036259,1.025634757421907
21.0,1.043140044550509,1.0446749515550817,1.0446121115198534,1.0581672188090478,1.0555765900448388,1.0528634447514122,1.0506106846966679,1.0381040338221101,1.0599999875955466,1.0480836870727916,1.0476252226590335,1.0501092659268165,1.0411652300089078,1.0480811471325158,1.0494347751043471,1.046931536234305,1.0597832182116795,1.0504065922939692,1.0490607270386094,1.0429726101389216,1.042934708131098,1.0461418413146972,1.0543058418692195,1.0508342721748423,1.0599999940877356,1.0255673005726698,1.0465765256271258,1.042732205034717,1.0422496957974632,1.0333018144299149,1.0451451695958809,1.046101806593193,1.049122545326639,1.0561342274860732,1.0525665762015168,1.052550537768644,1.0599999725565274,1.0175553161593431,1.0443756179874988,1.0412190177656646,1.0350578281472267,1.0405415078259126,1.047729093348494,1.047807705209915,1.0419210650417192,1.0448265824584566,1.046713266642804,1.0539557330091374,1.051503278555709,1.0434134789921437,1.0317454204534562,1.0266982922155876,1.0279680212449762,1.0381309904651939,1.0374903871417316,1.0371116609762105,1.0382619670066253,1.0323820162370625,1.0477431766068837,1.0447416262214797,1.0483872460848123,1.0460841891973283,1.0179894140235661,1.024318553572073,1.015972226518493,1.059999995531624,1.0483137499873654,1.0151024586238762,1.0599999917956606,1.0443571194910415,1.04496679556532,1.04603122576275,1.0440264248855198,1.035167733534739,1.0360035141680601,1.0301664523651217,1.0520075143027152,1.0492707139962048,1.052122355396366,1.0599999487011762,1.0110959741910728,1.0553066988640905,1.0573540318136374,1.0571417827632408,1.059355495701903,1.0542458513094417,1.058783630599453,1.0495173660140396,1.0599999954010515,1.0496298463519629,1.052004230985804,1.054765148609418,1.0508742797048691,1.0499897423515026,1.0451629478564788,1.0501224825779882,1.0524195842904474,1.051032182420107,1.0558482470312778,1.057953531546375,1.052109156335621,1.0539297204954439,1.051566428791801,1.0454917000437625,1.042955090207475,1.0366789338863687,1.0348423075164774,1.041727921295267,1.0411602400746593,1.0412740603327562,1.0461459979767553,1.0326918453668914,1.0546615163301998,1.0418904336976285,1.041455378390459,1.015209766024188,1.0118891910013246,1.0270064784092001
21.083333333333332,1.043140044550509,1.0448473984971594,1.0449216574148554,1.0581672188090478,1.05554179847154,1.0528634447514122,1.0506005747376714,1.0381040338221101,1.0599999875955466,1.0480836870727916,1.0478701196401539,1.0501092659268165,1.0416493046721278,1.0481057741927466,1.0494347751043471,1.0469634176063136,1.0598205422853455,1.0504065922939692,1.0490607270386094,1.0437639699453525,1.0439677441192137,1.0469914020864468,1.0544794799821717,1.0508342721748423,1.0599999940877356,1.0255673005726698,1.0465765256271258,1.0427926420879965,1.0423895089506796,1.0333974087737845,1.0451451695958809,1.046101806593193,1.049001981613482,1.0561342274860732,1.0526670860414065,1.052550537768644,1.060052572432404,1.01781758685173,1.044735439517904,1.0412190177656646,1.0351156372891328,1.0405415078259126,1.0480463740328372,1.0485150296982584,1.042191316166744,1.0448265824584566,1.047111864730789,1.054237892073129,1.051503278555709,1.0435641356631715,1.0319222346225763,1.0270207070704152,1.0286590543908005,1.0381309904651939,1.0374903871417316,1.0371116609762105,1.0385725874485285,1.032567055304855,1.0477431766068837,1.0446775199434062,1.0483872460848123,1.0460841891973283,1.0180474030827653,1.024368757193673,1.015972226518493,1.059999995531624,1.0485420066725464,1.0150483718408005,1.0599999917956606,1.0443571194910415,1.0449721333824311,1.04603122576275,1.0440264248855198,1.035167733534739,1.0365173401268495,1.0301664523651217,1.0520075143027152,1.0492084481874229,1.0520584662760848,1.0599999487011762,1.0110955522574385,1.055407186399934,1.0575390891726881,1.0573823648271607,1.059355495701903,1.05429966475452,1.058783630599453,1.049486931567048,1.0599999954010515,1.0496298463519627,1.052004230985804,1.054765148609418,1.0511018399986196,1.0501282914799355,1.0452756410862798,1.050124759463842,1.052420115545613,1.0518070810699274,1.0558482470312778,1.057953531546375,1.0524781128745513,1.0541139127660895,1.051566428791801,1.0454917000437625,1.042955090207475,1.036684583863083,1.0348423075164774,1.0417264617467585,1.0411591629840757,1.0412740603327562,1.0461459979767553,1.0326918453668914,1.0546615163301998,1.041858820878191,1.0414251999472226,1.015209766024188,1.018441513924926,1.0275301203174756
21.166666666666668,1.043140044550509,1.044774656055919,1.0451608098799876,1.0581672188090478,1.0555248986990302,1.0528634447514122,1.0506160296285267,1.0381040338221101,1.0599999875955466,1.0480836870727916,1.0477186957382219,1.0501092659268165,1.0411155597766801,1.048163534070856,1.0494347751043471,1.0470689552368455,1.0598066237949013,1.0504065922939692,1.0490607270386094,1.043795441106423,1.044152857564522,1.0470186247068212,1.0545080667215356,1.0508342721748423,1.0599999940877356,1.0255673005726698,1.0465765256271258,1.0430746677108904,1.0424105832453323,1.0334224144713973,1.0451451695958809,1.046101806593193,1.0490822537615299,1.0561342274860732,1.052646249162272,1.052550537768644,1.0600754618384363,1.0178940925691666,1.0450067490702222,1.0412190177656646,1.0352261160932006,1.0405415078259126,1.048139458515016,1.048395587801186,1.0421094220209488,1.0448265824584566,1.0470161075012985,1.0544627608692272,1.051503278555709,1.0437389475484526,1.0319227471134904,1.0270486477456142,1.0285241275059411,1.0381309904651939,1.0374903871417316,1.0371116609762105,1.0388370201563335,1.0324562012065874,1.0477431766068837,1.04471388709851,1.0483872460848123,1.0460841891973283,1.0180912668907462,1.0243959603869606,1.015972226518493,1.059999995531624,1.0482466994870585,1.0150375546798274,1.0599999917956606,1.0443571194910415,1.0449756908903942,1.04603122576275,1.0440264248855198,1.035167733534739,1.0368310671081853,1.0301664523651217,1.0520075143027152,1.0492692902392347,1.052153942320868,1.0599999487011762,1.0110842027109408,1.0561275263705632,1.058025949891363,1.0576867632628197,1.0593554957019031,1.0544300884532944,1.058783630599453,1.0496281493956718,1.0599999954010515,1.0496298463519629,1.052004230985804,1.054765148609418,1.051283554549021,1.0502390845844067,1.0455917356770361,1.0505077957331612,1.0526648087185575,1.0515994912577322,1.0558482470312778,1.057953531546375,1.0523601870236998,1.0541165752433124,1.051566428791801,1.0454917000437625,1.042955090207475,1.0367894118741816,1.0348423075164774,1.0418169122792904,1.0412917869443792,1.0412740603327562,1.0461459979767553,1.0326918453668914,1.0546615163301998,1.0419193263163842,1.0414922304794332,1.015209766024188,1.0196073136754125,1.0278732773371684
21.25,1.0439280305050012,1.0445375085023716,1.0450078143526929,1.0563405603188818,1.0540862155124695,1.051418024411301,1.0493640902388006,1.0376029813972194,1.0599999111203688,1.0481901011241908,1.0466127101723894,1.0491409284797972,1.0401998074855725,1.0472993161451631,1.0488443477383673,1.0462825745049107,1.05921281037166,1.049760126034049,1.0486005367898399,1.0434266790082116,1.0437429081963063,1.0467352004120434,1.0544144556556947,1.050843252287358,1.0599999618952243,1.0257262446622137,1.0463662466573604,1.0428349111363087,1.0421638594943203,1.033160887457882,1.0448309848007884,1.0458945130349488,1.0489390822735918,1.0561479664792421,1.0524786135283695,1.0524124636294983,1.0599998112781697,1.0176571454874754,1.0448879662539174,1.0412631120221951,1.0352443925434067,1.0404839639690695,1.0481588971331288,1.0482449721155305,1.0421651270556376,1.0450515132330016,1.047028463371675,1.054350769939742,1.051436230173467,1.0437154273329223,1.032143478418086,1.0272241950775436,1.028426656442206,1.0382537429776948,1.037723291455295,1.037385221823591,1.0388888230885664,1.0327197330997304,1.0475434903558039,1.044658255888566,1.0482042342668205,1.0461026217034164,1.0178515397589702,1.0241632117218882,1.015804640774549,1.0599999700515432,1.0483047309706224,1.0148461145752472,1.0599999438892704,1.0448517993205944,1.0454401216814333,1.0462787722421072,1.0445194342649924,1.0371922697220706,1.0378785112458802,1.031723866306625,1.0522154196508713,1.0495584413260366,1.0524226339455558,1.059999373409335,1.0109184169883694,1.056314702572126,1.058187145616919,1.057531647338533,1.0591340188044789,1.054158774757777,1.0584233429467333,1.049684489444698,1.0599999712273855,1.0495592416808135,1.0520521901916433,1.055245070062618,1.0515962322714214,1.0504859457440185,1.0458829388399289,1.0508340161412444,1.0528611832373265,1.0512037720706138,1.0557352582884603,1.0578246288520263,1.0526110266700222,1.054503420453673,1.0514614274864413,1.0455300888044607,1.0430538338142743,1.0369714827767116,1.0350888048404283,1.041885053609055,1.0413434400359878,1.0412919583107378,1.0460287912872759,1.0326793764823092,1.0539909618131096,1.0417835115733485,1.0413587498849644,1.014886281877878,1.0180237364157017,1.0290779232057787
21.333333333333332,1.0439280305050012,1.0445270648289042,1.0450789754573748,1.0563405603188816,1.054083175461529,1.051418024411301,1.049375551659065,1.0376029813972194,1.0599999111203686,1.0481901011241905,1.046659993629701,1.0491409284797972,1.0405913238030935,1.0474128145933164,1.0488443477383673,1.046364516394612,1.059231512756293,1.049760126034049,1.0486005367898399,1.0435819578079903,1.0440241414201643,1.047059464053479,1.0545040393452303,1.050843252287358,1.0599999618952243,1.0257262446622137,1.0463662466573604,1.042799520613181,1.0421424400060406,1.0332064608973914,1.0448309848007884,1.0458945130349488,1.0489074624850272,1.0561479664792421,1.0525287805045613,1.0524124636294983,1.0600070009600824,1.0177750434175865,1.0449710416684872,1.0412631120221951,1.0354590275677804,1.0404839639690695,1.0484690102213068,1.048741085875889,1.0424311623278735,1.0450515132330016,1.0470817125034066,1.0544090259680616,1.051436230173467,1.0439093202442997,1.0323840699350062,1.027575904355229,1.0288733589026524,1.0382537429776948,1.037723291455295,1.037385221823591,1.0390282612244928,1.0329553296108518,1.0475434903558039,1.0446434250448446,1.0482042342668205,1.0461026217034164,1.0179321415280151,1.0242240968290428,1.015804640774549,1.0599999700515432,1.0485720337315914,1.0148149969487876,1.0599999438892704,1.0448517993205944,1.0454425198148005,1.0462787722421072,1.0445194342649924,1.0371922697220706,1.0380364665239634,1.031723866306625,1.0522154196508713,1.0495649564565332,1.0524569192274416,1.059999373409335,1.0109291823649413,1.0563216774378412,1.0581619768903872,1.0575577335051138,1.0591340188044789,1.0544088637994666,1.0584233429467333,1.0497766414915877,1.0599999712273855,1.0495592416808135,1.0520521901916433,1.055245070062618,1.0517539614472398,1.0507179876238488,1.0462248689958131,1.0509502707997387,1.0529596473215452,1.0516209268242487,1.0557352582884603,1.0578246288520263,1.052604902110404,1.0545159163351763,1.0514614274864413,1.0455300888044607,1.0430538338142743,1.0370708084470948,1.0350888048404283,1.0418795192621633,1.041333881232794,1.0412919583107378,1.0460287912872759,1.0326793764823092,1.0539909618131096,1.0418112153394148,1.041392815374153,1.014886281877878,1.0182795146991317,1.0292484301322342
21.416666666666668,1.0439280305050012,1.0446362629166,1.0449228791985135,1.0563405603188818,1.0540811898470077,1.051418024411301,1.0494435970053944,1.0376029813972194,1.0599999111203686,1.0481901011241908,1.046727804963527,1.0491409284797972,1.0403358406848486,1.047313062203125,1.0488443477383673,1.046788340669199,1.059271488639199,1.049760126034049,1.0486005367898399,1.043609923032262,1.0438685422433682,1.0468728106072074,1.0544723552931294,1.050843252287358,1.0599999618952243,1.0257262446622137,1.0463662466573604,1.0430063230711788,1.0422871486567595,1.0332570713334233,1.0448309848007884,1.0458945130349488,1.0488519840403911,1.0561479664792421,1.0525909370548765,1.0524124636294983,1.0600074513794382,1.017870020071018,1.0447909747493251,1.0412631120221951,1.0352777479678186,1.0404839639690695,1.0495730985143767,1.0501493461128517,1.0435714413528225,1.0450515132330016,1.0473037321082908,1.0542884888764799,1.051436230173467,1.0437357801834999,1.0327403381915523,1.028282430956733,1.0295489112050809,1.0382537429776948,1.037723291455295,1.037385221823591,1.038853524351845,1.0330776136708082,1.0475434903558039,1.044617120169938,1.0482042342668205,1.0461026217034164,1.0179266166098313,1.0242258378584463,1.015804640774549,1.0599999700515432,1.048356827102096,1.0147943650023554,1.0599999438892704,1.0448517993205944,1.0454452378778778,1.0462787722421072,1.0445194342649924,1.0371922697220706,1.0378960566810664,1.031723866306625,1.0522154196508713,1.0496412262345662,1.052702932538436,1.059999373409335,1.0109629365552573,1.0565972352552269,1.0583699406284397,1.057529258507769,1.0591340188044789,1.054189945086094,1.0584233429467333,1.0502957370833703,1.0599999712273855,1.0495592416808135,1.0520521901916433,1.055245070062618,1.0515407362164626,1.050491182035743,1.0459252105284973,1.0508793375838357,1.0531127763905936,1.0521427049256276,1.0557352582884603,1.0578246288520263,1.0527814371523578,1.0545452116937775,1.0514614274864413,1.0455300888044607,1.0430538338142743,1.0375338902435365,1.0350888048404283,1.0419419640835295,1.0414130534075865,1.0412919583107378,1.0460287912872759,1.0326793764823092,1.0539909618131096,1.041991237475581,1.0416058767169811,1.014886281877878,1.0176818922075133,1.0290674893710805
21.5,1.0440710644839835,1.0444582106347309,1.0449603475088758,1.0556602385700662,1.0534965901188296,1.0509149795203439,1.0489676864190087,1.0373084093492664,1.059999988060746,1.0480844780694303,1.0463256947282713,1.0486997276018597,1.0402557303378241,1.0470812278506976,1.0486368334886564,1.0464285428042959,1.0590155492040945,1.0494882745547427,1.0483945921330826,1.043806174532326,1.0442816509902932,1.047318728805573,1.0547384360984096,1.0511583381622653,1.059999994991139,1.025766055790968,1.046607696375257,1.0432270802649193,1.0425274190995266,1.0332232752646677,1.0450424229777047,1.04616583279872,1.0491210241562263,1.0562282602570414,1.052193660147849,1.0519874265635283,1.0599999775560154,1.0178613941759702,1.0450494356751376,1.041354097252074,1.035661801522656,1.0406671636906693,1.0494641786157344,1.0497067775720161,1.0432651295199187,1.0452273012414321,1.0473694634763415,1.0545209404177576,1.0515004652657647,1.044170515174022,1.0333002363351773,1.0287443052324108,1.029718367591118,1.0386546571034416,1.0381598268236798,1.0379045203422717,1.039457299612191,1.0336963070465368,1.047635102848518,1.0449535797842202,1.0482787459916425,1.0466384383183491,1.0179905843918393,1.0242534748021532,1.0157763286721475,1.0599999963661833,1.0488076839051113,1.014821712899573,1.0599999933666202,1.045374929205843,1.0459583153750611,1.0467325740227365,1.0450450298327956,1.0386621276857582,1.0391077794985055,1.0334171286713494,1.052497419956958,1.0500703678818746,1.0530532166214117,1.059999911045979,1.0109037780682728,1.057066073486444,1.0588447081337033,1.0578044774900606,1.059138258084334,1.0545213202288668,1.0584570616029623,1.0503999807468005,1.0599999963894537,1.049760754498748,1.0522050157708933,1.0556463118508126,1.05215353581405,1.0510701761634726,1.046789785334785,1.051622645261677,1.0534970197011229,1.0516856863264537,1.0556346474264204,1.0575989088201971,1.0529467983888647,1.054907387397093,1.0514072252775823,1.045717366036117,1.043457034528102,1.037944597257775,1.0358353615288873,1.042265072262521,1.041705984880323,1.0415215486115927,1.0460515984573266,1.0332021957174216,1.053711155335596,1.0423311814507579,1.0419386241061406,1.014863464768614,1.017989351739202,1.0306344755793475
21.583333333333332,1.0440710644839835,1.044343646864846,1.0451291125486974,1.0556602385700662,1.0534828214133862,1.0509149795203439,1.0489144101725472,1.0373084093492664,1.0599999880607307,1.0480844780694303,1.0462061628936772,1.0486997276018597,1.0401926023591308,1.0470999741219105,1.0486368334886564,1.0461370368007665,1.0590168582754935,1.0494882745547427,1.0483945921330826,1.0437546453903934,1.0444000966245928,1.047411273410774,1.054755118577891,1.0511583381622653,1.059999994991139,1.025766055790968,1.046607696375257,1.0431427829848134,1.0424147464755742,1.0332071344749136,1.0450424229777047,1.04616583279872,1.0489488828011362,1.0562282602570414,1.0522123454706551,1.0519874265635283,1.0600144790673114,1.0178286881148009,1.045241698142924,1.041354097252074,1.0357000134675427,1.0406671636906693,1.0490227603920412,1.0495526045414092,1.0431379379588446,1.0452273012414321,1.047168949826838,1.0546696106759368,1.0515004652657647,1.0442476552634554,1.0329795899344878,1.0283069618619387,1.0296297478971639,1.0386546571034416,1.0381598268236798,1.0379045203422717,1.0396141684032485,1.0335207174831422,1.047635102848518,1.044871072616706,1.0482787459916425,1.0466384383183491,1.0179791449569116,1.0242438662704696,1.0157763286721475,1.0599999963661833,1.0488301384478071,1.014823477338685,1.0599999933666202,1.045374929205843,1.0459579323945702,1.0467325740227365,1.0450450298327956,1.0386621276857582,1.039297821901389,1.0334171286713494,1.052497419956958,1.0499101084988767,1.0527910074984015,1.059999911045979,1.0108782683626156,1.0568903609155242,1.0586826208578242,1.0578555274479804,1.059138258084334,1.0545643349213185,1.0584570616029623,1.0500108969343365,1.0599999963894537,1.049760754498748,1.0522050157708933,1.0556463118508126,1.0522408096722955,1.0510620034318263,1.046748277217192,1.0514776511185209,1.0532825922872426,1.0518148173788735,1.0556346474264204,1.0575989088201971,1.0527550301445656,1.054874362988628,1.0514072252775823,1.045717366036117,1.043457034528102,1.037607450623736,1.0358353615288873,1.04225055432541,1.0416875361094848,1.0415215486115927,1.0460515984573266,1.0332021957174216,1.053711155335596,1.0421622292914483,1.041749930165809,1.014863464768614,1.0210493783940227,1.0308642466337081
21.666666666666668,1.0440710644839835,1.0444619608741277,1.0451550816669812,1.0556602385700662,1.0534752268048884,1.0509149795203439,1.0489533090815604,1.0373084093492664,1.0599999880607307,1.04808447806943,1.0464012645407226,1.0486997276018597,1.0407409687266307,1.0470256740921164,1.0486368334886564,1.0463857246565929,1.0590320613239597,1.0494882745547427,1.0483945921330826,1.0441386218660238,1.0448391419432508,1.047852383919057,1.0548334782573279,1.0511583381622653,1.059999994991139,1.025766055790968,1.046607696375257,1.043262578647617,1.0425340973174853,1.0332777948362,1.0450424229777047,1.04616583279872,1.048990315832142,1.0562282602570414,1.0522545284292035,1.0519874265635283,1.0600246900627581,1.018013863787802,1.0452750192107707,1.041354097252074,1.0355718689905968,1.0406671636906693,1.049704703290167,1.0504269316974888,1.0438093039184577,1.0452273012414321,1.0474446636291572,1.054700184071519,1.0515004652657647,1.0441616874479727,1.033379098602647,1.028880086942366,1.0301164409389265,1.0386546571034416,1.0381598268236798,1.0379045203422717,1.0396054734798867,1.0338588729388543,1.047635102848518,1.0448889185778225,1.0482787459916425,1.0466384383183491,1.0179962192909238,1.0242645751691646,1.0157763286721475,1.0599999963661833,1.0491188394972755,1.0147917083813507,1.0599999933666202,1.045374929205843,1.0459620831171843,1.0467325740227365,1.0450450298327956,1.0386621276857582,1.0394151084270227,1.0334171286713494,1.052497419956958,1.0499942659457004,1.0529612760457772,1.059999911045979,1.0109103984214551,1.0571098162086823,1.0588690992808965,1.0579238817851617,1.059138258084334,1.0544043723162682,1.0584570616029623,1.0503089125820528,1.0599999963894537,1.049760754498748,1.0522050157708933,1.0556463118508126,1.052291171709589,1.0511503869913317,1.046725375020043,1.0515451784201222,1.0534350875588792,1.052165463715765,1.0556346474264204,1.0575989088201971,1.0529779252393514,1.0549542267920204,1.0514072252775823,1.045717366036117,1.043457034528102,1.0378894604402094,1.0358353615288873,1.0422893687958157,1.0417330519002477,1.0415215486115927,1.0460515984573266,1.0332021957174216,1.053711155335596,1.0422785865920323,1.0418838609598802,1.014863464768614,1.0211817582626062,1.0309421021515663
21.75,1.0445468473035735,1.0444486237353274,1.0452904528784959,1.0547597479859525,1.0527479380180895,1.0502420101977876,1.0483710331534661,1.037026940515707,1.0599999879938475,1.0479932538163172,1.0459445061013553,1.0482706682968868,1.0404442026068164,1.0468202724339892,1.0484519112694586,1.0460067624428473,1.0587941632893123,1.0492371065368222,1.048237191717319,1.0443122334751047,1.0451204037538004,1.0481211460740747,1.0549685070909787,1.0512754384087972,1.0599999953023427,1.0258470462832028,1.0466825597143932,1.0434809802515173,1.042741501335643,1.033257000385266,1.045175273642336,1.0462546325254796,1.0492536064329987,1.0561883741203753,1.0521806067781123,1.0518837894876172,1.0599999775226654,1.018002003613765,1.0456867822411136,1.0418228038679547,1.0362974534431075,1.0410092762098544,1.0497437508773677,1.0506164381523668,1.0439781525732554,1.045369961318045,1.0475569098006738,1.0548152314576953,1.0514965919769097,1.044474552002432,1.0338266910655918,1.0293072183603325,1.0304701384546766,1.0387775852605707,1.0383159240216973,1.0381070763452114,1.0399318524805559,1.0342298401143135,1.047429796553671,1.0449248945355243,1.0480576868896836,1.0468834246343526,1.0178485229288896,1.0240930758321192,1.0156055415077148,1.0599999967439846,1.0493153426336104,1.0145630929648348,1.0599999938249727,1.0456164308726479,1.046203867633462,1.0469441398834443,1.0452992687856855,1.0401319389074664,1.0406638730950688,1.0358590976566573,1.0526989080915068,1.0503475441136496,1.0532323907534795,1.0599998771900458,1.0107281972586404,1.0576873147788368,1.0593296617807837,1.0579941857090809,1.0589167436380407,1.0545011016431043,1.0581819504775294,1.0502534125055445,1.0599999966728875,1.0498773127697614,1.0522895675598187,1.0559516489064014,1.0527492563336414,1.0516108240914994,1.0475152135364632,1.0522392054387764,1.0537855069634532,1.052206924445214,1.0555143949354113,1.057370756729012,1.0531403790287257,1.0552369677970543,1.0513389478468727,1.0457464389231572,1.0436488945027524,1.038077507350714,1.0363034088452001,1.0425365325357048,1.0420022185804978,1.0417747160283728,1.0461257171074079,1.0339325709144078,1.0534162244839433,1.0424243563582787,1.0420209776439067,1.0145415194058647,1.0211288246594556,1.0328382986397064
21.833333333333332,1.0445468473035735,1.0444754228200805,1.0452895386533287,1.0547597479859525,1.0527332130920966,1.0502420101977876,1.0484361993374829,1.037026940515707,1.059999987993846,1.0479932538163172,1.0459904462373284,1.0482706682968868,1.0405928517272693,1.046782066409015,1.0484519112694586,1.0464076464618466,1.0588123728077214,1.0492371065368222,1.048237191717319,1.0444416656627689,1.0452856657529064,1.048297473720291,1.0550171807218989,1.0512754384087972,1.0599999953023427,1.0258470462832028,1.0466825597143932,1.04363641545813,1.0428030465463516,1.0333370556512111,1.045175273642336,1.0462546325254796,1.0494223958717406,1.0561883741203753,1.0522203808496853,1.0518837894876172,1.0600107920400494,1.0181989280390422,1.0456924266581193,1.0418228038679547,1.036233042301838,1.0410092762098544,1.0506795106858562,1.0516415684851341,1.0447707292896335,1.045369961318045,1.0476794882339726,1.0548274603673127,1.0514965919769097,1.0444339832754392,1.0343654068924684,1.0300951460471142,1.0310330135957475,1.0387775852605707,1.0383159240216973,1.0381070763452114,1.0399263682325284,1.03457082062911,1.047429796553671,1.045002163075036,1.0480576868896836,1.0468834246343526,1.017881618208875,1.0241254002669409,1.0156055415077148,1.0599999967439846,1.0494032918401242,1.0145288537233212,1.0599999938249727,1.0456164308726479,1.0462084859762306,1.0469441398834443,1.0452992687856855,1.0401319389074664,1.0407406658214484,1.0358590976566573,1.0526989080915068,1.0505313658671689,1.0535503003428928,1.0599998771900458,1.0107561287437932,1.0580648748630417,1.0595680434207801,1.0580669569236454,1.0589167436380407,1.0544189810161022,1.0581819504775294,1.0507548399847406,1.0599999966728875,1.0498773127697614,1.0522895675598187,1.0559516489064014,1.0527921045508661,1.0517034476015377,1.0476149871729041,1.0524653471274077,1.0540854942512097,1.0525318956361447,1.0555143949354113,1.057370756729012,1.05318668090171,1.0552527464060981,1.0513389478468727,1.0457464389231572,1.0436488945027524,1.038523377914266,1.0363034088452001,1.0425926410678097,1.0420748185407738,1.0417747160283728,1.0461257171074079,1.0339325709144078,1.0534162244839433,1.0426331111915692,1.0422566202224093,1.0145415194058647,1.0211186095640228,1.0328778402062664
21.916666666666668,1.0445468473035735,1.0445280162925752,1.0452692402908088,1.0547597479859525,1.0527449282724655,1.0502420101977876,1.0484285936440079,1.037026940515707,1.0599999879938462,1.0479932538163172,1.0460268762802785,1.0482706682968868,1.0404705598418307,1.0469909430516586,1.0484519112694586,1.0463647555260152,1.058809002405713,1.0492371065368222,1.048237191717319,1.0444916103517596,1.045276496140172,1.0482587639948766,1.0550576435084142,1.0512754384087972,1.0599999953023427,1.0258470462832028,1.0466825597143932,1.0434883482874828,1.0428101525730988,1.0333350802776247,1.045175273642336,1.0462546325254796,1.0491824893056194,1.0561883741203753,1.0522363935151209,1.0518837894876172,1.0600004536622076,1.0181954195276817,1.0456577360483463,1.0418228038679547,1.0366177625141444,1.0410092762098544,1.050974573142337,1.052489215061129,1.045720367905291,1.045369961318045,1.0477968449711683,1.0548013210083036,1.0514965919769097,1.0447426937534212,1.0342222687928488,1.030009598866171,1.0311104270229887,1.0387775852605707,1.0383159240216973,1.0381070763452114,1.0400485005576603,1.0344498633861556,1.047429796553671,1.0448958741348238,1.0480576868896836,1.0468834246343526,1.0179952913228916,1.0241958647862262,1.0156055415077148,1.0599999967439846,1.0493069096844931,1.0145100585905413,1.0599999938249727,1.0456164308726479,1.0462078342573553,1.0469441398834443,1.0452992687856855,1.0401319389074664,1.0407253193808936,1.0358590976566573,1.0526989080915068,1.0504070974312192,1.0534358088778522,1.0599998771900458,1.0107596244865968,1.0576733828541074,1.0592832241114472,1.0579490471392445,1.0589167436380407,1.0548759971296913,1.0581819504775294,1.0506872984364666,1.0599999966728875,1.0498773127697614,1.0522895675598187,1.0559516489064014,1.0527577873631722,1.0516890982559577,1.047813094334303,1.0522710969006441,1.0539735095661562,1.052681246169907,1.0555143949354113,1.057370756729012,1.0532723167487992,1.0552716466784624,1.0513389478468727,1.0457464389231572,1.0436488945027524,1.0384829275693166,1.0363034088452001,1.042555474197009,1.0420091809005776,1.0417747160283728,1.0461257171074079,1.0339325709144078,1.0534162244839433,1.0425746613513547,1.0421999756002465,1.0145415194058647,1.0210723086957725,1.0328498788200733
22.0,1.0437636139932982,1.0433705672928397,1.0442375207659351,1.0530944693577446,1.0512634989067513,1.0487582978738315,1.0469979265295979,1.0362942267339992,1.0599999281255799,1.0482723152422928,1.044638482660757,1.0467916598402265,1.039396991333018,1.0455429480484957,1.0471580792993929,1.0453219610018394,1.057747753471843,1.0479778931208727,1.0469621876822748,1.0437890255943119,1.0448794861259934,1.048144239369847,1.0551325351586796,1.0515142023183521,1.0599999765940613,1.026081537468295,1.0468263102093711,1.0436545415884642,1.0426759184168666,1.0329713426337526,1.0448787873827274,1.0462290034799298,1.0489438914656817,1.0564338886815576,1.0523305957032771,1.0519487512969068,1.05999995765248,1.0181591838712392,1.044860050528288,1.0404730829810194,1.035394063964845,1.0402666491393886,1.0518850189086535,1.053394827076168,1.0464029368936576,1.0456323792147033,1.0479898925224431,1.055033096827078,1.051657016919217,1.0450867656158644,1.035510057005849,1.0315102331034196,1.03247242160948,1.0396125071906785,1.0391522111680842,1.0390353912243515,1.0407640320998628,1.0356682561780373,1.04766107369349,1.0455214558477322,1.048430560406311,1.047558380413468,1.0181667933658805,1.0243745345001634,1.01565731573613,1.059999983454455,1.0498434988065086,1.0145952755731054,1.059999973834607,1.0462306431417938,1.046816538804047,1.0474910361596697,1.0459216692448894,1.0414269838267811,1.0416437534678937,1.0371131669532714,1.0528967098418602,1.0508506035055727,1.0538947357736619,1.0598585836173566,1.010701183185094,1.0584583537230583,1.059957214225002,1.0581487397108973,1.0588155521112292,1.054691440343987,1.0579688801679843,1.0511300731018438,1.0599999858992215,1.050626849284741,1.0527821798370567,1.0563498504578934,1.0532372147575415,1.0521331610951454,1.048380329043244,1.0530265605778752,1.0544234410026345,1.0528001654547823,1.0554627438212,1.0570648458781116,1.0534168204854932,1.0556061231192166,1.0512115991251034,1.0459212995670149,1.0443987707882758,1.0394868303393248,1.0372886248178208,1.0431284233220226,1.0425059999819555,1.0419260667209678,1.0460161555245993,1.0343237716408697,1.0521794628452386,1.042846260059982,1.042499634722884,1.014593565126033,1.0197761168663146,1.0339560683931328
22.083333333333332,1.0437636139932982,1.0435040655113637,1.0441863139004055,1.0530944693577446,1.0512426530903036,1.0487582978738315,1.0469880503612086,1.0362942267339992,1.05999992812558,1.0482723152422928,1.0448028532597722,1.0467916598402265,1.039639130970944,1.0456317242570836,1.0471580792993929,1.0452762619516303,1.0577360114934364,1.0479778931208727,1.0469621876822748,1.0440862878921715,1.0451418739796996,1.0483934235516705,1.055213318188118,1.0515142023183521,1.0599999765940613,1.026081537468295,1.0468263102093711,1.0438756506633817,1.0428330015881309,1.0330134489946425,1.0448787873827274,1.0462290034799298,1.0491012732864187,1.0564338886815576,1.0523509368757287,1.0519487512969068,1.0600123038094769,1.0182725481545187,1.0448237731681032,1.0404730829810194,1.0355614293662556,1.0402666491393886,1.0517849350977835,1.0532609340247743,1.0461324241064975,1.0456323792147033,1.0482682565723496,1.0550019453419495,1.051657016919217,1.0452145126762908,1.035684368988584,1.0316644328619897,1.032651100523722,1.0396125071906785,1.0391522111680842,1.0390353912243515,1.0407975120222621,1.0358014428512876,1.04766107369349,1.0455954229673048,1.048430560406311,1.0475583804134678,1.0182457108449783,1.0244333440674485,1.01565731573613,1.059999983454455,1.0499371543511407,1.0145651158002809,1.059999973834607,1.0462306431417938,1.0468208466617746,1.0474910361596697,1.0459216692448894,1.0414269838267811,1.0416521862673467,1.0371131669532714,1.0528967098418602,1.0509233462507936,1.053922207092119,1.0598585836173566,1.0107023154578374,1.0590222497408273,1.0604295895155735,1.0582799431618934,1.0588155521112292,1.0548876666208393,1.0579688801679843,1.0510626309599729,1.0599999858992215,1.050626849284741,1.0527821798370567,1.0563498504578934,1.0533539987232718,1.0523848976081054,1.0488225253968886,1.0534215516526493,1.0546110773663477,1.052959033233547,1.0554627438212,1.0570648458781116,1.0536676875523714,1.05568666963513,1.0512115991251034,1.0459212995670149,1.0443987707882758,1.0394425813295813,1.0372886248178208,1.0431777944675475,1.0425797103904424,1.0419260667209678,1.0460161555245993,1.0343237716408697,1.0521794628452386,1.042849730965089,1.0424958858638769,1.014593565126033,1.0211367134629918,1.033938736344027
22.166666666666668,1.0437636139932982,1.0433674423277057,1.044338720969342,1.0530944693577446,1.0512408454655917,1.0487582978738315,1.0470000701092337,1.0362942267339992,1.0599999281255799,1.0482723152422928,1.0447222355584573,1.0467916598402265,1.0399940490419322,1.0456682914888986,1.0471580792993929,1.0453594342141554,1.0577518979066736,1.0479778931208727,1.0469621876822748,1.0440666915900887,1.0453518442458074,1.0486745575016785,1.0552779627818805,1.0515142023183521,1.0599999765940613,1.0260815374682952,1.0468263102093711,1.0436865912720101,1.0426771309794782,1.0330546144734334,1.0448787873827274,1.0462290034799298,1.0489694220298125,1.0564338886815576,1.0523980935467097,1.0519487512969068,1.0600145648124273,1.018380950194384,1.04498584621458,1.0404730829810194,1.035634481426532,1.0402666491393886,1.052398595333933,1.0544967061453958,1.0473100050236517,1.0456323792147033,1.0480952571686313,1.0551287865010386,1.051657016919217,1.0453173965812486,1.0358531375233802,1.031953114454176,1.0330542070628288,1.0396125071906785,1.0391522111680842,1.0390353912243515,1.0409520438714885,1.0360116685900942,1.04766107369349,1.0455339351085986,1.048430560406311,1.0475583804134678,1.018285134742852,1.024464519318249,1.01565731573613,1.059999983454455,1.050240578740843,1.014535149818152,1.059999973834607,1.0462306431417938,1.0468213323091717,1.0474910361596697,1.0459216692448894,1.0414269838267811,1.041872324332415,1.0371131669532714,1.0528967098418602,1.0508815737678965,1.053922959739461,1.0598585836173566,1.0107140393568441,1.058632663385004,1.060029945388699,1.0582240714133846,1.0588155521112292,1.0549684222961802,1.0579688801679843,1.0511507326420637,1.0599999858992215,1.050626849284741,1.0527821798370567,1.0563498504578934,1.0534588665900297,1.0524619496103895,1.0488359604504016,1.053238365466864,1.0545566514048512,1.0533510176256342,1.0554627438212,1.0570648458781116,1.0534235144046649,1.0556278825376963,1.0512115991251034,1.0459212995670149,1.0443987707882758,1.039537805991779,1.0372886248178208,1.0431586786656153,1.0425371591653092,1.0419260667209678,1.0460161555245993,1.0343237716408697,1.0521794628452386,1.0428623980209184,1.0425171905274289,1.014593565126033,1.0217065677331703,1.0341657545737408
22.25,1.0435102819612483,1.0426006612108176,1.0437131753825444,1.0515211971117429,1.049868335300289,1.0473425070037286,1.0456814176224178,1.0356510686223688,1.0599999691418314,1.0484754932573939,1.0436350132848387,1.045569131685088,1.039627789846622,1.0444780845924848,1.045991115288595,1.044365295039794,1.056766586494585,1.0468066276991008,1.0458763493971188,1.0436424828813249,1.04525078692954,1.048853154445835,1.0553213786670654,1.0515846499249386,1.0599999928336554,1.0263164097991992,1.0468680818366245,1.0440479230220383,1.0428601722773898,1.0327091287543835,1.0449142939582934,1.0461940687044224,1.0484831852834304,1.0565574569375593,1.0526051971801362,1.0522227507234425,1.0599999926261723,1.0182693906887426,1.0447974297915938,1.0400458032563034,1.035260188379883,1.039901508574217,1.052818022580359,1.0548649797698695,1.0477699740021158,1.0460620460217782,1.0484642588727486,1.0555206450851475,1.0519492954106662,1.0457493994355798,1.0366848156977593,1.032809370394944,1.0336271901327028,1.0401598019031648,1.0397728395675507,1.0396842240659798,1.0415584878878466,1.0369685163757514,1.047592279193217,1.0456295379431157,1.0484177617832888,1.0478052852404287,1.0181600649590608,1.0243166616866424,1.0154232964798229,1.0599999949524606,1.0508857781085208,1.0141554757513138,1.0599999912311355,1.0465395124726404,1.0471377719788326,1.0477483189767354,1.0462650061426995,1.042292447652196,1.0429352346989857,1.0406180149776962,1.0523925743010178,1.050403814625471,1.0533944682695828,1.0588470402967032,1.010059515755195,1.0588354630258405,1.0599999656624557,1.0575441330931128,1.0577418883650458,1.0538977448797318,1.0568329048561784,1.0509815391250834,1.0599999958028934,1.0508869992964873,1.052903187391912,1.056546462092047,1.0536488682376288,1.0525354813367442,1.0489188477254663,1.053262217439039,1.0541414333960106,1.0522610306262892,1.0547077978096984,1.0562861757266506,1.05325588198805,1.0557249715858321,1.0508409026959664,1.045602714972725,1.044369818262119,1.0395974697433423,1.0373276900082287,1.0434278043911893,1.0429209166227666,1.042375005812006,1.046188969558836,1.0359319790661972,1.0510523157227485,1.042961466359541,1.0426320349334892,1.0140956014754674,1.0207436947367885,1.0364399869587564
22.333333333333332,1.0435102819612483,1.0427937722130722,1.0437506279517883,1.0515211971117429,1.0498671735807807,1.0473425070037286,1.0456908200620876,1.0356510686223688,1.059999969141831,1.0484754932573939,1.0438085096979617,1.045569131685088,1.0395172903097964,1.044599791121167,1.0459911152885955,1.044431786596188,1.056777938363783,1.0468066276991008,1.0458763493971188,1.0440413440877492,1.045581982957637,1.049036828737518,1.0553953181832478,1.0515846499249386,1.0599999928336554,1.0263164097991992,1.0468680818366245,1.0441279793313851,1.0430302025651037,1.0327563864172211,1.0449142939582934,1.0461940687044224,1.04863878660761,1.0565574569375593,1.0526629905511435,1.0522227507234425,1.0600184593047528,1.0183786944137383,1.0448443868857853,1.0400458032563034,1.0354856490050346,1.039901508574217,1.0531426367440369,1.0554437146187197,1.0481166234225792,1.0460620460217782,1.0488417702464594,1.0555554181749274,1.0519492954106662,1.0459554656518344,1.0369458841692503,1.0331889654574054,1.0341212416889107,1.0401598019031648,1.0397728395675507,1.0396842240659798,1.041686760447002,1.0370544518265339,1.047592279193217,1.0457001093871439,1.0484177617832888,1.0478052852404287,1.0182593542249523,1.0243911447321625,1.0154232964798229,1.0599999949524606,1.0507269077637529,1.0141175142124685,1.0599999912311355,1.0465395124726404,1.0471402881182317,1.0477483189767354,1.0462650061426995,1.042292447652196,1.0430489618778311,1.0406180149776962,1.0523925743010178,1.0505017767903089,1.0534910949837808,1.0588470402967032,1.0100690616324994,1.0590421213187564,1.060251058458432,1.0576443979226062,1.0577418883650458,1.0541649659343477,1.0568329048561784,1.0510493330136892,1.0599999958028934,1.0508869992964873,1.052903187391912,1.056546462092047,1.053709943864628,1.0526261754059885,1.0492357463847255,1.053476380184826,1.0542844131468192,1.0527211074331086,1.0547077978096984,1.0562861757266506,1.0536215462727558,1.0558546123741976,1.0508409026959664,1.045602714972725,1.044369818262119,1.0396730572777544,1.0373276900082287,1.0434273546744983,1.0429203914322094,1.042375005812006,1.046188969558836,1.0359319790661972,1.0510523157227485,1.0430141841335558,1.0426861889329682,1.0140956014754674,1.0209427587585524,1.0365489460485255
22.416666666666668,1.0435102819612483,1.0428936426449027,1.0439525379204704,1.0515211971117429,1.0498602383864406,1.0473425070037286,1.0456973904329807,1.0356510686223688,1.0599999691418311,1.0484754932573939,1.0439554941778522,1.045569131685088,1.039845953575301,1.0446559069133579,1.0459911152885952,1.0444778276219056,1.056761381012024,1.0468066276991008,1.0458763493971188,1.0445018591279398,1.0461892380219415,1.0495369547500795,1.0555025656312447,1.0515846499249386,1.0599999928336554,1.0263164097991992,1.0468680818366245,1.0440771824456998,1.0430911983619873,1.0328017487578884,1.0449142939582934,1.0461940687044224,1.0487534148135556,1.0565574569375593,1.0526706550115856,1.0522227507234425,1.0600326563487845,1.0185185246586157,1.0450698916890249,1.0400458032563034,1.0355949923123238,1.039901508574217,1.0534401780162888,1.0559866635022161,1.048684836164273,1.0460620460217782,1.0490570058360305,1.055730335628729,1.0519492954106662,1.0461105631362861,1.037147416767634,1.0334037229188375,1.0342460505903548,1.0401598019031648,1.0397728395675507,1.0396842240659798,1.0419072150066222,1.0372297537982174,1.047592279193217,1.0457537739996878,1.0484177617832888,1.0478052852404287,1.018324271337764,1.024439225132124,1.0154232964798229,1.0599999949524606,1.0508863978224516,1.0140813052824764,1.0599999912311355,1.0465395124726404,1.0471411922993175,1.0477483189767354,1.0462650061426995,1.042292447652196,1.043361798809948,1.0406180149776962,1.0523925743010178,1.0505751699249934,1.053565086611127,1.0588470402967032,1.0100749312866977,1.0589767482120023,1.0602484210545404,1.0577518836752793,1.0577418883650458,1.0542908363238204,1.0568329048561784,1.0510985558093797,1.0599999958028934,1.0508869992964873,1.052903187391912,1.056546462092047,1.0538769404975015,1.052771851423272,1.0494314592979812,1.0535526062938965,1.0543514747234453,1.0527666696900742,1.0547077978096984,1.0562861757266506,1.0538265018008144,1.0559566696136065,1.0508409026959664,1.045602714972725,1.044369818262119,1.0397326808284604,1.0373276900082287,1.0434123567355225,1.042890185172374,1.042375005812006,1.046188969558836,1.0359319790661972,1.0510523157227485,1.0430546973451207,1.0427278334482553,1.0140956014754674,1.0218401792316878,1.0368826639968185
22.5,1.041793220478889,1.0410749239156707,1.0421495903049265,1.0493541368380361,1.0479106003955165,1.0454586184769525,1.043903676139003,1.034590025065623,1.0597475758094348,1.0485825189117695,1.04207160125355,1.0437605660134692,1.038314844316665,1.0430241065385344,1.0442551380638643,1.0431391325282768,1.055283222550376,1.0449592212429952,1.0440711227227728,1.0431438559217678,1.0452341659300448,1.0490429704645006,1.055510798003005,1.051812498396572,1.0599999132374822,1.0266672765161207,1.0467711482016375,1.043964002936254,1.042640619886448,1.0321888259833987,1.0443913056368936,1.0460447883306432,1.048113996334207,1.0568036873417634,1.0530388601222345,1.0526497783517488,1.059999963141139,1.0183249046441343,1.044066211647758,1.038460647866619,1.0345168441090962,1.0391460030867326,1.0543357841336467,1.056677453659213,1.0492113792720361,1.0461710577903824,1.04904689059098,1.0559059508894426,1.0521281265196405,1.0467372724999158,1.0384033448096721,1.0348946019402794,1.0355084255523528,1.0410468619002162,1.040706067676079,1.0407379949411566,1.042785385079003,1.0384905320925135,1.0481372825245396,1.0463800982697748,1.0488456340872163,1.0485215420953464,1.0186722462807163,1.0246702108491645,1.0153329050571125,1.0599999346909281,1.051462487732756,1.0138674673032293,1.0599999042635369,1.0471039168387908,1.047689638021112,1.048201328387419,1.0468226281356157,1.043119115761625,1.043868382927645,1.0414218924386809,1.0521180586298162,1.050444023784501,1.0534365115086555,1.0579724903135694,1.0095543633280424,1.0590526880122983,1.0599999452199804,1.0568308540826516,1.0564655407805996,1.053299494502983,1.0554331587485226,1.051143072923925,1.0599999581138737,1.0511722955039893,1.0530327232666026,1.0569761161253142,1.0542102467367003,1.052954940277024,1.0498749734134591,1.0538069516744337,1.0542142293005061,1.0520574093972057,1.0539787529656175,1.0554728262281325,1.0534974466470137,1.0561450874578957,1.0503031568995724,1.045461527318391,1.0447290287958533,1.040368235004743,1.0378047759074973,1.0436520078752456,1.0430779717201566,1.0422853014326072,1.0458140130411502,1.0361158038846403,1.0493861894704664,1.0431567938878052,1.0428580023669545,1.0137769842212692,1.0199931788160996,1.037532233321724
22.583333333333332,1.041793220478889,1.0412502946171969,1.0421849193084474,1.0493541368380361,1.0478820197215788,1.0454586184769525,1.043947024415462,1.034590025065623,1.059747575809435,1.0485825189117695,1.0422832720479156,1.0437605660134692,1.0385990394412492,1.0429539343753598,1.0442551380638643,1.043434851967299,1.0552864691310195,1.0449592212429952,1.0440711227227728,1.0435990735115566,1.0456937227293412,1.0494163295025625,1.0555843508996468,1.051812498396572,1.0599999132374822,1.0266672765161207,1.0467711482016375,1.0441854384813518,1.0428323959826327,1.0322475886745561,1.0443913056368936,1.0460447883306432,1.0480543010086854,1.0568036873417634,1.0530618716220426,1.0526497783517488,1.0600104313285923,1.0184817642932509,1.0441196784593638,1.038460647866619,1.034397891347874,1.0391460030867326,1.0550132267546386,1.0574110169742432,1.0498009443845724,1.0461710577903824,1.0493912099389806,1.05595975990631,1.0521281265196405,1.0466679375933092,1.038661115637924,1.0353450157170103,1.0358274611967637,1.0410468619002162,1.0407060676760789,1.0407379949411566,1.0428016361440686,1.0386730304098912,1.0481372825245396,1.046354431603936,1.0488456340872163,1.0485215420953464,1.0186875148983026,1.0246836782134006,1.0153329050571125,1.0599999346909281,1.0515515995132692,1.0138356726570394,1.0599999042635369,1.0471039168387908,1.047693872067433,1.048201328387419,1.0468226281356157,1.043119115761625,1.0439965129185975,1.0414218924386809,1.0521180586298162,1.0504892735091222,1.053601014735791,1.0579724903135694,1.0095766655238754,1.0594343746194939,1.060347838944093,1.0569678463046093,1.0564655407805996,1.0531506642944468,1.0554331587485226,1.0515038768774372,1.0599999581138737,1.0511722955039893,1.0530327232666026,1.0569761161253142,1.0542309273739092,1.052965702854801,1.049811822290207,1.053864702837765,1.0543783141282363,1.052239625436114,1.0539787529656175,1.0554728262281325,1.0538264608913106,1.0562634220165064,1.0503031568995724,1.045461527318391,1.0447290287958533,1.040688124465363,1.0378047759074973,1.0437114517452775,1.0431548391952787,1.0422853014326072,1.0458140130411502,1.0361158038846403,1.0493861894704664,1.0432779293677874,1.0430023023570034,1.0137769842212692,1.0222426783097893,1.0376257378674667
22.666666666666668,1.041793220478889,1.0412820982102013,1.0420854587980137,1.0493541368380361,1.047881409544663,1.0454586184769525,1.0439332411060682,1.034590025065623,1.0597475758094348,1.0485825189117695,1.0423186004892244,1.0437605660134692,1.0386204172694296,1.0431838666198503,1.0442551380638643,1.0433326698696614,1.0552667012137664,1.0449592212429952,1.0440711227227728,1.043592029513893,1.0456187244304316,1.0493909304130873,1.055637780673299,1.051812498396572,1.0599999132374822,1.0266672765161207,1.0467711482016375,1.0440448537881712,1.042819403294511,1.0322667044960925,1.0443913056368936,1.0460447883306432,1.0483413079941704,1.0568036873417634,1.0530696060197637,1.0526497783517488,1.0600078316564745,1.018532733255313,1.044012775166226,1.038460647866619,1.0348168504321487,1.0391460030867326,1.0549514544610892,1.0575355616093587,1.0499407295103735,1.0461710577903824,1.049476168560848,1.055863785454211,1.0521281265196405,1.0469700668304904,1.038856311337636,1.0354718897040929,1.035935440834555,1.0410468619002162,1.040706067676079,1.0407379949411566,1.0428593786695488,1.0387843149544382,1.0481372825245396,1.046489888753977,1.0488456340872163,1.0485215420953464,1.0188078324877887,1.02476846578203,1.0153329050571125,1.0599999346909281,1.051560606469726,1.0138073565054835,1.0599999042635369,1.0471039168387908,1.0476934993929994,1.048201328387419,1.0468226281356157,1.043119115761625,1.0438905401242138,1.0414218924386809,1.0521180586298162,1.0506169739732956,1.053650358317089,1.0579724903135694,1.0095679287529213,1.0593108061249528,1.0602566836112353,1.0568754624812187,1.0564655407805996,1.053651062425004,1.0554331587485226,1.051376804662731,1.0599999581138737,1.0511722955039893,1.0530327232666026,1.0569761161253142,1.0543107270155174,1.053209267069791,1.0503905883174744,1.054140814750184,1.0544822050050435,1.0523087860445055,1.0539787529656175,1.0554728262281325,1.0538774298693283,1.0562627449156001,1.0503031568995724,1.045461527318391,1.044729028795853,1.0405923545987326,1.0378047759074973,1.0436637607301271,1.0430863270091646,1.0422853014326072,1.0458140130411502,1.0361158038846403,1.0493861894704664,1.043283846435509,1.042994878717159,1.0137769842212692,1.0219627071690716,1.0374879421653256
22.75,1.0398737778026756,1.039434318301614,1.0400823162021156,1.047010197007826,1.0454987880547797,1.0433767441592725,1.0419652846574339,1.0318781206656717,1.05666499217056,1.0449092278232925,1.0404389280825745,1.0419055459769093,1.0374452113857728,1.0414484304274234,1.0429569698750165,1.0418437441712958,1.0540209071255264,1.043644303874147,1.0428473109080914,1.0428731542933736,1.045205095086463,1.049289294231033,1.0556091714386167,1.051918539138869,1.0599998422876384,1.0269335552975705,1.046696659620415,1.0440323372815312,1.0426650440104632,1.0311949064190764,1.0441564255435918,1.0458896444416352,1.0476720693469117,1.0569835103507628,1.0533101847944186,1.0529235152564485,1.0599999678874978,1.0181742515257584,1.043819708572475,1.0380906522853075,1.0344659725834469,1.0390163974485769,1.0554894111696573,1.0580444679557284,1.050375319784723,1.046526630656509,1.049756894929565,1.0562261392405667,1.0524456950019494,1.0473677730315194,1.0397086524057315,1.0364454741951385,1.0368337042830502,1.0417368717805888,1.0414259067719698,1.0414892114094219,1.043483299427816,1.0397513678234038,1.0483660893258244,1.0467865076630836,1.0491004597582994,1.0489659290407336,1.0189006859172896,1.024831635905391,1.0152460678680824,1.059999905424188,1.0521796844136935,1.0136825392905697,1.059999880825834,1.0475352328090632,1.0481081479884329,1.0485076386344399,1.0472487818293192,1.0437226288988743,1.0442829208535498,1.0419454389636764,1.051770840235635,1.050255188021398,1.053279190565619,1.0572040343734097,1.009161649118357,1.0591605696803512,1.059999903215206,1.0562459082380902,1.0556085258333214,1.052696962850927,1.054493884632298,1.0513141075475247,1.0599999546441208,1.051325337020213,1.0530709980425634,1.0567954941170006,1.054197586468589,1.0530847718961374,1.0502018900815762,1.0539439472447327,1.0540804479548502,1.0517308843994024,1.0534253635153856,1.0549192928915103,1.0535725371881413,1.0560537397403182,1.0501065828552494,1.0454063706343342,1.0450408713848107,1.040993271032807,1.0381537446516338,1.0441064400263687,1.043578987726659,1.0428130891393477,1.0461180091667757,1.0372812069588484,1.0481191068632703,1.0432538190003353,1.0429851373406596,1.013592314832272,1.0200903452754906,1.0379799603349276
22.833333333333332,1.0398737778026756,1.03951886912243,1.0399079356255976,1.047010197007826,1.045492436962611,1.0433767441592725,1.0419942728820568,1.0318781206656717,1.05666499217056,1.0449092278232925,1.0404989903544835,1.0419055459769093,1.0372989179221108,1.041504560154576,1.0429569698750165,1.0420056058787395,1.054013405942738,1.043644303874147,1.0428473109080914,1.04286615657564,1.0450352067885447,1.0491385859015196,1.0556161813389142,1.051918539138869,1.0599998422876384,1.0269335552975705,1.046696659620415,1.044154329391887,1.0427658943518334,1.031230854285394,1.0441564255435918,1.0458896444416352,1.0478900250635281,1.0569835103507628,1.0533241557612294,1.0529235152564485,1.059996768726163,1.0182529844501393,1.0436337477644029,1.0380906522853075,1.034568136750145,1.0390163974485769,1.0559588562816662,1.0586703876135182,1.0509569417237636,1.046526630656509,1.0499329331977323,1.0560836207981192,1.0524456950019494,1.0474063721899824,1.040009599617232,1.0368447358662969,1.0370936792340548,1.0417368717805888,1.0414259067719698,1.0414892114094219,1.0433830131161212,1.0398731192804809,1.0483660893258244,1.0468897432135624,1.0491004597582994,1.0489659290407336,1.0189617326070863,1.0248771460337605,1.0152460678680824,1.059999905424188,1.0520499466417947,1.0136599427814048,1.059999880825834,1.0475352328090632,1.048110702260132,1.0485076386344399,1.0472487818293192,1.0437226288988743,1.0441102352782905,1.0419454389636764,1.051770840235635,1.0504108186032144,1.0534713633464068,1.0572040343734097,1.0091768171231124,1.0594588129709326,1.0602224931082245,1.056216762964658,1.0556085258333214,1.0528190944060147,1.054493884632298,1.0515203050895092,1.0599999546441208,1.051325337020213,1.0530709980425634,1.0567954941170006,1.0541347791247366,1.053133680967567,1.0504144203014611,1.0541848927692088,1.05428351961156,1.051854487166336,1.0534253635153856,1.0549192928915103,1.0537074031850162,1.0560681066090352,1.0501065828552494,1.0454063706343342,1.0450408713848107,1.0411786390259072,1.0381537446516338,1.0441416766196363,1.0436228443143805,1.0428130891393477,1.0461180091667757,1.0372812069588484,1.0481191068632703,1.0433673419422815,1.0431068096282687,1.013592314832272,1.0194628842908562,1.0377655454866421
22.916666666666668,1.0398737778026756,1.0395498784249586,1.0399471380410623,1.047010197007826,1.0454859126331755,1.0433767441592725,1.0420180390101896,1.0318781206656717,1.05666499217056,1.0449092278232925,1.0405992285900254,1.0419055459769093,1.0377824404911657,1.0415290758012825,1.0429569698750165,1.0421594041273647,1.054029735509255,1.043644303874147,1.0428473109080914,1.0430762632035315,1.0453371954630717,1.0494822512421451,1.055691154905608,1.051918539138869,1.0599998422876384,1.0269335552975705,1.046696659620415,1.0441804764315923,1.0427922509679295,1.031274129992751,1.0441564255435918,1.0458896444416352,1.047868826661398,1.0569835103507628,1.0533721453201612,1.0529235152564485,1.059996379510687,1.0183585387064973,1.043679352115251,1.0380906522853075,1.0346176338656494,1.0390163974485769,1.0563975781480983,1.0592717311305093,1.0513307405141843,1.046526630656509,1.0500264687808847,1.0561194282611972,1.0524456950019494,1.0474594802630102,1.0403094156047934,1.0372866416149145,1.0375684453112841,1.0417368717805888,1.0414259067719698,1.0414892114094219,1.0434389640148154,1.0401553259732395,1.0483660893258244,1.0468810100690185,1.0491004597582994,1.0489659290407336,1.0190019801860917,1.024910755266075,1.0152460678680824,1.059999905424188,1.052345107663582,1.0136249295774187,1.059999880825834,1.0475352328090632,1.048112247259606,1.0485076386344399,1.0472487818293192,1.0437226288988743,1.0442080173813275,1.0419454389636764,1.051770840235635,1.0504433887719553,1.0535605998036675,1.0572040343734097,1.009192734139311,1.059545732041058,1.060274566777459,1.0562514771723137,1.0556085258333214,1.052873321509105,1.054493884632298,1.0517056837563128,1.0599999546441208,1.051325337020213,1.0530709980425634,1.0567954941170006,1.0542413649484945,1.0533011479299046,1.050577653065168,1.0542633196950602,1.0543934200261382,1.0522556258574285,1.0534253635153856,1.0549192928915103,1.0537720700884234,1.0560981161403267,1.0501065828552494,1.0454063706343342,1.0450408713848107,1.041349666690123,1.0381537446516338,1.0441530311506577,1.043635383330376,1.0428130891393477,1.0461180091667757,1.0372812069588484,1.0481191068632703,1.0434311873121054,1.0431823214254352,1.013592314832272,1.0196909863771524,1.0378419757442339
23.0,1.0374883350344446,1.0371806786117332,1.037456390945527,1.044390965231879,1.0427526093772068,1.0409608211390882,1.0396249918121274,1.0286121976748959,1.0529870548517004,1.0406624056540337,1.0381732778320545,1.0395105493380983,1.0355977866978194,1.0394673741616571,1.041447827552485,1.0401058325458612,1.0524441374909368,1.042165547187614,1.041426273461702,1.0420262069464672,1.0445094429702748,1.0489200766348967,1.0555346400205918,1.0518726424727607,1.0599999523187327,1.0255829479909708,1.0465635397450364,1.0439199429877064,1.0423281062491188,1.0296621690529155,1.043589851566363,1.0456039434014268,1.0472909914584125,1.0572254431885828,1.0537525623862838,1.0533810126104264,1.0599999961712354,1.0178600766019077,1.0432327357747115,1.0373840507197856,1.0342500292559171,1.0388820398032774,1.0569590387539285,1.0599999190420584,1.0521334752697273,1.0465816738775986,1.0501838083025665,1.0563383062760319,1.0527037569734565,1.0480544685125872,1.0412462623772154,1.038313320542799,1.03858501986488,1.0427354809132385,1.042438685954089,1.042495547925765,1.0442730605927815,1.0411359415927626,1.04895996642714,1.0476658692342895,1.049748189110993,1.0498157726951163,1.019470262737655,1.0253053753138188,1.0153039749157573,1.0599999407331298,1.0527765639773528,1.0136950364268509,1.0599999652308367,1.0477083097320352,1.0482882619404301,1.048670478672939,1.047437959134222,1.0438032799358952,1.0440824465086536,1.041668128658609,1.050982267278877,1.0497207812373552,1.0527702863414992,1.0560085242768178,1.0087406994843116,1.0591405196300903,1.0599999926359758,1.0559783041526776,1.0553199760799663,1.0519924439165498,1.052041601461944,1.0517612008580512,1.0599999910055997,1.0518175047929992,1.053230575900552,1.0563878554647357,1.0538080814103263,1.0528187449092923,1.050286525441355,1.053883375955197,1.0536528176073803,1.0511315958206453,1.052561260454306,1.0539546733182834,1.0531070779418057,1.0556078668052598,1.0493632715428889,1.0449376449121515,1.044987566819492,1.0412911306329864,1.0382043500902327,1.0439831783094493,1.0434082259462902,1.042407793387456,1.04550869336547,1.0371088374431405,1.046595088537611,1.0432962493670448,1.043062092476068,1.0136916737484774,1.0172255578590665,1.0376294190374094
23.083333333333332,1.0374883350344446,1.037172668325385,1.0372179273683575,1.044390965231879,1.042736775454824,1.0409608211390882,1.0396059374357571,1.0286121976748959,1.0529870548515066,1.0406624056540337,1.0381305170786985,1.0395105493380983,1.0353694616849953,1.0394165533547561,1.041447827552485,1.0399963544568602,1.052434381737382,1.042165547187614,1.041426273461702,1.041751947484033,1.0440513265817826,1.0485443505624445,1.0554597256219258,1.0518726424727607,1.0599999523187327,1.0255829479909708,1.0465635397450364,1.0440433215858527,1.0423556306017614,1.0296312213681724,1.043589851566363,1.0456039434014268,1.0472854307678743,1.0572254431885828,1.053724185660544,1.0533810126104264,1.0599937736615992,1.0177786933118025,1.0429837099475212,1.0373840507197856,1.0341546628163854,1.0388820398032774,1.0565444278057603,1.0593298183115414,1.0515367512732519,1.0465816738775986,1.0501309314533753,1.0561451508640463,1.0527037569734565,1.047906403294961,1.0410511709947208,1.03802217174334,1.0382975651410007,1.0427354809132385,1.042438685954089,1.042495547925765,1.0440414579823667,1.040971241683826,1.04895996642714,1.0476649209563418,1.049748189110993,1.0498157726951163,1.0194263520548923,1.0252717834802771,1.0153039749157573,1.0599999407331298,1.0526345277292155,1.0137169228561844,1.0599999652308367,1.0477083097320352,1.048287624917071,1.048670478672939,1.047437959134222,1.0438032799358952,1.043771375500357,1.041668128658609,1.050982267278877,1.0496895473519865,1.0526981620559621,1.0560085242768178,1.0087243486260753,1.0593619522469524,1.0601628389941715,1.0559071856684736,1.0553199760799663,1.0518816846595471,1.052041601461944,1.0516268785887144,1.0599999910055997,1.0518175047929992,1.053230575900552,1.0563878554647357,1.0536519045700647,1.0527220899805334,1.0501768594166443,1.0539190663635485,1.053618550963222,1.0508999649821815,1.052561260454306,1.0539546733182834,1.0530698540790593,1.0555573868473742,1.0493632715428889,1.0449376449121515,1.044987566819492,1.0411669087605695,1.0382043500902327,1.0440126465392021,1.043457212385551,1.042407793387456,1.04550869336547,1.0371088374431405,1.046595088537611,1.0432464644477735,1.0430040195958306,1.0136916737484774,1.0183065675996683,1.037306797576285
23.166666666666668,1.0374883350344446,1.0372094070173954,1.0371319420701486,1.044390965231879,1.042729740611682,1.0409608211390882,1.0396564648241826,1.0286121976748959,1.0529870548515066,1.0406624056540337,1.0382397675568455,1.0395105493380983,1.0358737496811692,1.0395889444030575,1.041447827552485,1.0402987250592666,1.0524339599970347,1.042165547187614,1.041426273461702,1.0418719991109173,1.0441861042305225,1.0487943492007972,1.0555596401007015,1.0518726424727607,1.0599999523187327,1.0255829479909708,1.0465635397450364,1.044012596086346,1.0423747510794807,1.0296886832617171,1.043589851566363,1.0456039434014268,1.0472777383771492,1.0572254431885828,1.053749871679387,1.0533810126104264,1.059976053704124,1.0179238614754322,1.0428869469031796,1.0373840507197856,1.034474170801896,1.0388820398032774,1.0573556559188306,1.0603589199713594,1.0524487568617416,1.0465816738775986,1.05026700277382,1.0560707532747362,1.0527037569734565,1.0481353411147025,1.0414680105878473,1.038638081847176,1.038734438194155,1.0427354809132385,1.042438685954089,1.042495547925765,1.0440835987562358,1.0413245718761182,1.04895996642714,1.047667573162909,1.049748189110993,1.0498157726951163,1.0195431750097914,1.0253528508479086,1.0153039749157573,1.0599999407331298,1.0529429160828154,1.0136727091941133,1.0599999652308367,1.0477083097320352,1.048290744936946,1.048670478672939,1.047437959134222,1.0438032799358952,1.0437471442333985,1.041668128658609,1.050982267278877,1.0497708741125467,1.0528972098391192,1.0560085242768178,1.0087528851035206,1.0593763415481525,1.0601266094272008,1.0558357104269684,1.0553199760799663,1.0522565094796485,1.052041601461944,1.052009631591288,1.0599999910055997,1.0518175047929992,1.053230575900552,1.0563878554647357,1.0537513368955436,1.0530005527351403,1.0506464564777391,1.0540843197006278,1.0538475678248194,1.0511456860815938,1.052561260454306,1.0539546733182834,1.0531270230548229,1.0555606279843408,1.0493632715428889,1.0449376449121515,1.044987566819492,1.0415105206427784,1.0382043500902327,1.044016313862035,1.0434504008508574,1.042407793387456,1.04550869336547,1.0371088374431405,1.046595088537611,1.0433854397916513,1.0431663034688334,1.0136916737484774,1.0179927202206775,1.0372465277408505
23.25,1.0366546523525164,1.0364263223385768,1.0363094152012622,1.043499325910241,1.0418104122635858,1.0401646998196392,1.0388650904164958,1.0275656189933386,1.0517374639917374,1.0391050113936058,1.037493602677284,1.0387673165330267,1.0354795744163348,1.0390436797056648,1.0412224025330814,1.0395791700833519,1.0520640392978373,1.0419407344295444,1.0412539323209442,1.0418055405633075,1.04420170285347,1.0488723212194861,1.0555555227945088,1.0517723581106038,1.0599998045024095,1.0244492875738942,1.0467037942099984,1.0441797021597623,1.0425214128405305,1.0291227822243245,1.0437346140091017,1.0457541060413913,1.0473447950628212,1.0572875482643278,1.0538694856726694,1.0535140795465219,1.0599999878634723,1.0177068642569904,1.0431821021472945,1.037783196348688,1.0349361676005906,1.0390858748390186,1.0571305590383648,1.0599999417695143,1.0520319392810689,1.0455864499509615,1.0496104960954737,1.055423861093431,1.0521295897397296,1.047758340783706,1.0412532215222685,1.0383837420479118,1.0385650033611364,1.0425790586693684,1.0423125081456062,1.0423435050396512,1.0438537270167951,1.041199425974931,1.0487379158911119,1.047425814082779,1.0494130452034027,1.049516096887423,1.0192684193127892,1.0250301051062107,1.0149295294423981,1.0593083868829183,1.052600415274909,1.0133481358381966,1.0599234166018363,1.0475933469050258,1.048190587369965,1.0486163304769833,1.047347422476508,1.0435093802405317,1.043484241788887,1.0413924756348518,1.0503529908695033,1.0491675206467508,1.0521796695812629,1.0551240760664746,1.0082040860413592,1.059117755472704,1.0599999850534065,1.05585598093683,1.0553815320642015,1.0517938655186316,1.0503522098139897,1.0519370050021186,1.0599999609350848,1.052016216873137,1.0532487192499458,1.0560791257303574,1.0534829441833744,1.0527298451091058,1.0504614037137332,1.0538122751742478,1.0532341494175128,1.050399325829564,1.0519528711811434,1.0533499709316752,1.0526492603183146,1.055201945201013,1.0489704766820496,1.04465934541143,1.04483382550637,1.0411779025610837,1.0379735466026405,1.0439221009604653,1.043374567862946,1.0423583345206153,1.0453476715461332,1.037477841743158,1.046296674720447,1.0435217621394623,1.043291643155817,1.0133631489338055,1.0172672828922265,1.0369794667675865
23.333333333333332,1.0366546523525164,1.0364505158158672,1.0364819743367728,1.043499325910241,1.0418002143515628,1.0401646998196392,1.038890838653738,1.0275656189933386,1.0517374639917372,1.0391050113936058,1.037545356292516,1.0387673165330267,1.0356804707084866,1.0390077468278442,1.0412224025330814,1.039754742196253,1.0520878786955967,1.0419407344295444,1.0412539323209442,1.0420703326169822,1.0446121307034144,1.0492105358792498,1.0556150789446892,1.0517723581106038,1.0599998045024095,1.0244492875738942,1.0467037942099984,1.044276952661001,1.0425615044866274,1.0291632651662372,1.0437346140091017,1.0457541060413913,1.0473457219343005,1.0572875482643278,1.053916886789019,1.0535140795465219,1.060014773187701,1.017801585836142,1.0433788181368226,1.037783196348688,1.0348733932129075,1.0390858748390186,1.0574777974190834,1.0603283679562996,1.0520871257081614,1.0455864499509615,1.0496807193683848,1.0555798605614954,1.0521295897397296,1.0477653433582275,1.0414994445098125,1.0387807854654976,1.038999783248141,1.0425790586693684,1.0423125081456062,1.0423435050396512,1.0439887673323558,1.0413843927500623,1.0487379158911119,1.0474238022325997,1.0494130452034027,1.049516096887423,1.0192729852101055,1.025039904406468,1.0149295294423981,1.0593083868829183,1.052717524384271,1.013323796803795,1.0599234166018363,1.0475933469050258,1.048192656443399,1.0486163304769833,1.047347422476508,1.0435093802405317,1.0437397407041122,1.0413924756348518,1.0503529908695033,1.049209642341605,1.0522852343490083,1.0551240760664746,1.008214632489322,1.0593574144589026,1.0601882233274855,1.0560179543488417,1.0553815320642015,1.0517150312217631,1.0503522098139895,1.0521483722015106,1.0599999609350848,1.052016216873137,1.0532487192499458,1.0560791257303574,1.0536170049799156,1.0528192834976857,1.0505069347753277,1.0539151406358673,1.053361078435937,1.0507751523984186,1.0519528711811434,1.0533499709316752,1.0527157002204623,1.0552566425675354,1.0489704766820496,1.04465934541143,1.04483382550637,1.041360884081411,1.0379735466026405,1.0439472029694397,1.0434130458573807,1.0423583345206153,1.0453476715461332,1.037477841743158,1.046296674720447,1.0435957820442037,1.043378301496528,1.0133631489338055,1.018015140334219,1.0372471228781084
23.416666666666668,1.0366546523525164,1.0365684590745585,1.0361214691298248,1.043499325910241,1.0418019532493814,1.0401646998196392,1.0388993914225706,1.0275656189933386,1.0517374639917372,1.0391050113936058,1.0376666539341648,1.0387673165330267,1.0357275695811115,1.0390180354222622,1.0412224025330814,1.0397787082521561,1.0520607192931233,1.0419407344295444,1.0412539323209442,1.0419641759831537,1.0442143372374062,1.0489333294997658,1.0555818204033383,1.0517723581106038,1.0599998045024095,1.0244492875738942,1.0467037942099984,1.0443849702959984,1.0426847328057958,1.0291669921905013,1.0437346140091017,1.0457541060413913,1.0474926757060523,1.0572875482643278,1.053893463420127,1.0535140795465219,1.0599927079519302,1.0178061349311378,1.0429840917952493,1.037783196348688,1.034890864143654,1.0390858748390186,1.0576539693826728,1.0606492768803297,1.052563457720758,1.0455864499509615,1.049881594835206,1.055273936430236,1.0521295897397296,1.0476754885950923,1.041612462052583,1.0388698947813406,1.0389238352437784,1.0425790586693684,1.0423125081456062,1.0423435050396512,1.0436927905591145,1.0414369731012678,1.0487379158911119,1.0474973933933165,1.0494130452034027,1.049516096887423,1.0193027041318494,1.0250594468368175,1.0149295294423981,1.0593083868829183,1.0526858116625855,1.0133199783050453,1.0599234166018363,1.0475933469050258,1.048193544892882,1.0486163304769833,1.047347422476508,1.0435093802405317,1.0433153069778787,1.0413924756348518,1.0503529908695033,1.049299528481117,1.0523694794205485,1.0551240760664746,1.0082307744793586,1.0595400558797587,1.0603387959964237,1.0558578780206174,1.0553815320642015,1.0517379125625625,1.0503522098139897,1.052186854352784,1.0599999609350845,1.052016216873137,1.0532487192499458,1.0560791257303574,1.0534275529928006,1.0528025971266932,1.0505602170478774,1.0540232118098258,1.0534377233651293,1.0506108747831806,1.0519528711811434,1.0533499709316752,1.052891588077662,1.055251595779633,1.0489704766820496,1.04465934541143,1.04483382550637,1.0414035440633787,1.0379735466026405,1.043979266419285,1.0434487041279155,1.0423583345206153,1.0453476715461332,1.037477841743158,1.046296674720447,1.0436394219047453,1.0434214567081024,1.0133631489338055,1.016578365014846,1.0367587690939157
23.5,1.0360471368020836,1.0358620128473068,1.035741176626113,1.0423922379059847,1.0406330592568698,1.0392913461036437,1.0380780165828927,1.0259771001827835,1.0498802772166331,1.0368552564089688,1.0367838854579823,1.0380193088659013,1.0349452576242346,1.0383866591337094,1.040879219605563,1.03911168757718,1.0514335952113427,1.04150585369611,1.0409569908297636,1.0420242499604444,1.044552597418083,1.0490896934935714,1.055425120305422,1.0515182083247976,1.0599965041635253,1.022394767468626,1.0464507477637823,1.0440924517125196,1.04236769343706,1.0281580293505674,1.0434254476993652,1.0454505632023123,1.0474748345176315,1.057412335815183,1.0541045151169013,1.0537349764183526,1.0599999745391793,1.017251659229043,1.0434130441728189,1.037786010237611,1.0348554578325613,1.0388721918853228,1.0575142907989885,1.0599998625399045,1.0516022100809994,1.0445647512334204,1.048570008572643,1.0543340290335517,1.050798485594944,1.046500440334207,1.0405110585016646,1.0378117116025862,1.0379110902003796,1.0413463373746965,1.041102539652809,1.0411311186173775,1.042775226403156,1.0402801925983698,1.0470593771850814,1.0459273368533164,1.0477584257259875,1.0479592531907056,1.017685403501837,1.0234637255893992,1.0134630218061478,1.0578129663450897,1.0511416051399476,1.0118526918589068,1.0584957196697395,1.046749778105416,1.0474097744867172,1.048106714508053,1.0465765925102724,1.0428200717570317,1.042891978430916,1.040614193154553,1.0492688568986739,1.048271434445753,1.0513065919942683,1.0538850629863257,1.0068301338285728,1.058939318932358,1.0599999707794976,1.0559680558038276,1.0553620509958492,1.0512332535754183,1.0489882675244122,1.0522622005678235,1.059999864503747,1.0520410098678084,1.0531588946271222,1.0557428350692297,1.05319092143652,1.0522767907470378,1.0500294616555137,1.0534555480273116,1.0525531596274975,1.0497416888822413,1.0510556515041927,1.0525400831877254,1.0523139567983417,1.0549058438532304,1.0482765640395755,1.0440847791541823,1.0445687898281535,1.041126190126778,1.0378403781376013,1.0436317761676408,1.04306996057543,1.0419051017646774,1.044757581426054,1.0370985452080295,1.0457190593423948,1.0434045296153602,1.043190439253168,1.0118239554946635,1.0173584713523796,1.0364695215659843
23.583333333333332,1.0360471368020836,1.0359156408005576,1.0355255463031572,1.0423922379059847,1.0406111806363938,1.0392913461036437,1.0381016438078894,1.0259771001827835,1.0498802772166331,1.0368552564089688,1.0368443722554395,1.0380193088659013,1.035007027241992,1.0384566601753078,1.040879219605563,1.0392593071657448,1.0514308081283432,1.04150585369611,1.0409569908297636,1.041976506661297,1.0443663923213373,1.0489961237264924,1.0554504900867088,1.0515182083247976,1.0599965041635253,1.022394767468626,1.0464507477637823,1.044108787918517,1.0424145553063526,1.028200190400772,1.0434254476993652,1.0454505632023123,1.0476069742670242,1.057412335815183,1.0541363623134548,1.0537349764183526,1.0599933465449354,1.0173466819036,1.043187075165977,1.037786010237611,1.0349845965159574,1.0388721918853228,1.0580677370753482,1.0608841259895787,1.052398696829798,1.0445647512334204,1.0486994163143453,1.0541584737292637,1.050798485594944,1.0465437004236748,1.0408198622895548,1.0382390902919227,1.0382923540306022,1.0413463373746965,1.041102539652809,1.0411311186173775,1.042648457002805,1.0404624759505579,1.0470593771850814,1.0459924619456031,1.0477584257259875,1.0479592531907056,1.0177484927816998,1.0235109795715034,1.0134630218061478,1.0578129663450897,1.051160506046234,1.0118203823838878,1.0584957196697395,1.046749778105416,1.0474116513316323,1.048106714508053,1.0465765925102724,1.0428200717570317,1.0426773429114502,1.040614193154553,1.0492688568986739,1.0483839398066546,1.0514563130839358,1.0538850629863257,1.0068415046522399,1.0590026136571327,1.0600265106224052,1.055853300979196,1.0553620509958492,1.0513849081866495,1.0489882675244122,1.0524416496961095,1.059999864503747,1.0520410098678084,1.053158894627122,1.0557428350692297,1.0531204879863565,1.052342460481442,1.0502185750354558,1.0535796436064093,1.052686595698081,1.0500178535383105,1.0510556515041927,1.0525400831877254,1.0523901029999017,1.054894707528505,1.0482765640395755,1.0440847791541823,1.0445687898281535,1.0412909376552364,1.0378403781376013,1.0436423821587963,1.04307614962302,1.0419051017646774,1.044757581426054,1.0370985452080295,1.0457190593423948,1.0434949077044389,1.0432891046271207,1.0118239554946635,1.0184512872507654,1.0361943534410538
23.666666666666668,1.0360471368020836,1.0359670588921932,1.035659559645116,1.0423922379059847,1.040597740194022,1.0392913461036437,1.0381374867811568,1.0259771001827835,1.0498802772166331,1.0368552564089688,1.0369972107139709,1.0380193088659013,1.03571920013926,1.0384910227628028,1.040879219605563,1.0394850066466543,1.0514205646850265,1.04150585369611,1.0409569908297636,1.0423548121690789,1.0449232028438116,1.049567547129344,1.055563183422822,1.0515182083247976,1.0599965041635253,1.022394767468626,1.0464507477637823,1.0441741484869476,1.042465798963841,1.0282403594407623,1.0434254476993652,1.0454505632023123,1.0475215741396593,1.057412335815183,1.054137343319775,1.0537349764183526,1.0599846282796987,1.0174654709493185,1.0433361383986817,1.037786010237611,1.0350533506210813,1.0388721918853228,1.0585241899192699,1.0612902076199928,1.0527423155376419,1.0445647512334204,1.0488207710144155,1.0542802988209197,1.050798485594944,1.046640783896767,1.041079219316452,1.0386096332117023,1.038464767492116,1.0413463373746965,1.041102539652809,1.0411311186173775,1.0427946791830724,1.0407720256735982,1.0470593771850814,1.0459583427625279,1.0477584257259875,1.0479592531907056,1.0177952235430363,1.0235433889449272,1.0134630218061478,1.0578129663450897,1.0515847298295762,1.0117828925754078,1.0584957196697395,1.046749778105416,1.0474127678650789,1.048106714508053,1.0465765925102724,1.0428200717570317,1.0429061506807995,1.040614193154553,1.0492688568986739,1.0484039765781408,1.0515748127669626,1.0538850629863257,1.0068587324793776,1.0591738700355278,1.0601478666018265,1.05596510807998,1.0553620509958492,1.0514605195586242,1.0489882675244122,1.0527291443838651,1.059999864503747,1.0520410098678084,1.0531588946271222,1.0557428350692297,1.0533181041112012,1.052595088441842,1.0504572774174432,1.0536900945424161,1.0528487128823838,1.0500355858680688,1.0510556515041927,1.0525400831877254,1.0525000167550824,1.0549557180183935,1.0482765640395755,1.0440847791541823,1.0445687898281535,1.0415455016290565,1.0378403781376013,1.0436684450842233,1.0431064959268745,1.0419051017646774,1.044757581426054,1.0370985452080295,1.0457190593423948,1.0435851742635374,1.04339831602792,1.0118239554946635,1.0189629387994397,1.0364207992646668
23.75,1.0347133314229002,1.0346367531725704,1.0343737845164858,1.040635303569846,1.038822744570208,1.0378032289055832,1.0367500141819237,1.0239144426188636,1.0474959657607743,1.0340152861566059,1.0354628485851587,1.036751541007463,1.0339184958508252,1.037429055024223,1.04005026496054,1.0383767892338565,1.0503178593227,1.0406290811836496,1.0402176452242584,1.0414489665574969,1.0439660158671786,1.0483684070105304,1.0543050547166433,1.0502986269229724,1.0585146019399276,1.02010768580194,1.0455098408604873,1.0432793300792993,1.0415520254208266,1.0268474337028473,1.042539282200738,1.044577479883301,1.0472121434928388,1.057612468507913,1.0543236964793425,1.0539850085876918,1.059999997196933,1.0166609856929731,1.043633704492232,1.0379779771923503,1.0352799713795389,1.038574339499951,1.0582461514623585,1.0599999848998882,1.051254030737093,1.0432447260280977,1.0471330887629648,1.052845933508855,1.049180327680758,1.0452648704232979,1.0396225329185231,1.0371968063020731,1.0369549034010956,1.0400308745290803,1.0397963323466353,1.0398215724524131,1.0415630604748753,1.039261352581414,1.045431971526665,1.0441027530821676,1.0458281392350113,1.0460502293421319,1.0160521063855465,1.0217138719350918,1.0116916546103505,1.055897548121262,1.0493624086941271,1.010023489932971,1.056675217715633,1.0456654684057887,1.0463284949740763,1.0470104727530845,1.045501523352082,1.041739065931268,1.0418240893204098,1.0395944874704073,1.0481101769030916,1.047277618336886,1.0504359908532146,1.0524882610019421,1.0051865398120958,1.0587067591741262,1.059999997262932,1.0562358788795974,1.0556799402268462,1.051513520374223,1.0480751282683192,1.0530467859825992,1.0599999614717948,1.0522849102073486,1.0531948181309203,1.0554234198718089,1.0529445225424559,1.0520043154126855,1.0500268399395971,1.0531753414462586,1.051943588243939,1.0486500571510833,1.0501700506420353,1.0517284104901707,1.0518582219107713,1.0545586352892156,1.0476245559524924,1.0436517918698962,1.0444116636943206,1.0413897395391958,1.0375955769839917,1.04339777096886,1.0427944577455877,1.0414544550585068,1.0441736332816003,1.0368271900469521,1.0446373354512415,1.0427554127337728,1.0425704567199428,1.009936848581403,1.0183465287316633,1.035473619336629
23.833333333333332,1.0347133314229002,1.034660921367034,1.0343859134376794,1.040635303569846,1.0388147449603837,1.0378032289055832,1.0367519366492692,1.0239144426188636,1.0474959657603933,1.0340152861566059,1.0355127567328686,1.036751541007463,1.0341084193170866,1.0374157435082325,1.04005026496054,1.038388173352915,1.0503262651538787,1.0406290811836496,1.0402176452242584,1.041561972337574,1.044114237824171,1.0485269663380068,1.0543412009532445,1.0502986269229724,1.0585146019399279,1.02010768580194,1.0455098408604873,1.0433520506987628,1.0415859853216785,1.0268785827015825,1.042539282200738,1.044577479883301,1.0473979108136602,1.057612468507913,1.0543666185439415,1.0539850085876918,1.0600084777731182,1.0167300627870535,1.0436555373216938,1.0379779771923503,1.0352566474020362,1.038574339499951,1.058341330241188,1.0601944103971435,1.0512474959007019,1.0432447260280977,1.0471980971247024,1.0528605576048071,1.049180327680758,1.0452534051445896,1.0398882924361568,1.037501092177024,1.0373313601675018,1.0400308745290803,1.0397963323466353,1.0398215724524131,1.0415716581413998,1.0394548214172155,1.045431971526665,1.0441875897332333,1.0458281392350113,1.0460502293421319,1.0160689810810672,1.0217344984299146,1.0116916546103505,1.055897548121262,1.049474594746179,1.0100008080009184,1.056675217715633,1.0456654684057887,1.0463301160363296,1.0470104727530845,1.045501523352082,1.041739065931268,1.0418760234760474,1.0395944874704073,1.0481101769030916,1.0473783556533143,1.0505125493063736,1.0524882610019421,1.0051926867242114,1.0589460068470855,1.0601800958475487,1.0563035387119404,1.0556799402268462,1.051484669135766,1.0480751282683192,1.0530548636240542,1.0599999614717948,1.0522849102073486,1.0531948181309203,1.0554234198718089,1.0530208412310942,1.0521297844648385,1.0501703394838309,1.0533817124344003,1.052054978668814,1.048997981089691,1.0501700506420353,1.0517284104901707,1.0519079540917624,1.05457985860356,1.0476245559524924,1.0436517918698962,1.0444116636943206,1.0414029013530035,1.0375955769839917,1.043415439244405,1.0428220980100547,1.0414544550585068,1.0441736332816003,1.0368271900469521,1.0446373354512415,1.0427900183517234,1.0426017218938277,1.009936848581403,1.01836484140884,1.0355238105935671
23.916666666666668,1.0347133314229002,1.0347214672591216,1.0345504490753492,1.040635303569846,1.0388086844267632,1.0378032289055832,1.0367575764460206,1.0239144426188636,1.0474959657603935,1.0340152861566059,1.0356052469570942,1.036751541007463,1.0343379318342492,1.037389297804451,1.04005026496054,1.038432615485667,1.0503249769757843,1.0406290811836496,1.0402176452242584,1.0418767901336907,1.0445462788317375,1.048872618759063,1.0543990383304844,1.0502986269229724,1.0585146019399276,1.02010768580194,1.0455098408604873,1.043372446804074,1.0416351442476244,1.026900642821222,1.042539282200738,1.044577479883301,1.0473921764532137,1.057612468507913,1.0543815177308986,1.0539850085876918,1.0600174776631066,1.0167931824565752,1.0438384273309114,1.0379779771923503,1.03521179111305,1.038574339499951,1.058512247987684,1.0604695143241376,1.0514732638044064,1.0432447260280977,1.0473158141462173,1.0530059243362686,1.049180327680758,1.0452716185854516,1.0399821593004421,1.0376330554014783,1.0374670180864554,1.0400308745290803,1.0397963323466353,1.0398215724524131,1.041703370338626,1.0395517211273895,1.045431971526665,1.0441847849697585,1.0458281392350113,1.0460502293421319,1.01607676880276,1.0217426627347677,1.0116916546103505,1.055897548121262,1.049587838924903,1.0099827147202067,1.056675217715633,1.0456654684057887,1.0463307822671493,1.0470104727530845,1.045501523352082,1.041739065931268,1.04211337378677,1.0395944874704073,1.0481101769030916,1.0473886310511908,1.050538682574617,1.0524882610019421,1.0051992411609671,1.0589830051990332,1.060244088896353,1.056417465991466,1.0556799402268462,1.0514282730067508,1.0480751282683192,1.0531058433974325,1.0599999614717948,1.0522849102073486,1.0531948181309203,1.0554234198718087,1.0531240350962368,1.0521772006989638,1.0501605952610789,1.0533806006883353,1.0520756100381898,1.0491098707349422,1.0501700506420353,1.0517284104901707,1.0520380563762455,1.054652103025245,1.0476245559524924,1.0436517918698962,1.0444116636943206,1.0414515834295848,1.0375955769839917,1.0434196234339055,1.0428249161770522,1.0414544550585068,1.0441736332816003,1.0368271900469521,1.0446373354512415,1.0428081973027536,1.042623224012319,1.009936848581403,1.0190551433983053,1.0357876756158246
